open_time,open,high,low,close,volume,close_time,quote_asset_volume,number_of_trades,taker_buy_base_volume,taker_buy_quote_volume
2017-08-17,0.010426512112332455,0.011371206313522057,0.01349931110334776,0.010646031073830456,0.0007456400641627439,2017-08-17 23:59:59.999,0.0001418264786740354,8.369775361536191e-05,0.0014946074956285107,0.0002774297355398409
2017-08-18,0.010655736669936348,0.010300108642997234,0.010943618177115949,0.008929646796458253,0.0012778557017647935,2017-08-18 23:59:59.999,0.00023528487800578263,0.0002023462175316442,0.0024463067785599085,0.00044261195540746466
2017-08-19,0.008939369230352316,0.008542725857503652,0.010077607332127599,0.00923667473493222,0.00020145467080065992,2017-08-19 23:59:59.999,3.273060158744013e-05,0.0,0.0005821580370461992,9.980310987991618e-05
2017-08-20,0.009061848962190665,0.008790958645113651,0.011859187826796659,0.00871518375053907,0.0003142433945503858,2017-08-20 23:59:59.999,5.4539664497441413e-05,1.1037066410816932e-05,0.0008555890614079177,0.00014982766901479083
2017-08-21,0.008558234838810942,0.007930656608175032,0.010680410194714399,0.008032456961695814,0.0006096631939028262,2017-08-21 23:59:59.999,0.00010417611558455052,0.00011950252262664312,0.0013374433975769369,0.0002293230087959662
2017-08-22,0.008042188197052692,0.007791443070599133,0.005687555735363399,0.008265568968129702,0.0009712016834438952,2017-08-22 23:59:59.999,0.00015887469835946922,0.00028518991243664527,0.0009815479416324156,0.00015891122876168296
2017-08-23,0.008275297916649868,0.009305672481340219,0.011676464123669114,0.00898442811797022,0.0010165044282484212,2017-08-23 23:59:59.999,0.00018155983492628488,0.0004254526314074441,0.0006757828974170279,0.0001197907833114054
2017-08-24,0.00931457874985394,0.010301613654214267,0.012370287389362161,0.010946454172122137,0.0007354732591043895,2017-08-24 23:59:59.999,0.00013276265289160046,0.0002689627969397894,0.00040198152925686656,7.1384161176067e-05
2017-08-25,0.010956156821067209,0.011075095356570079,0.013955291129198334,0.010603293872650917,0.000454326108845271,2017-08-25 23:59:59.999,8.627709636035134e-05,0.0002891317218690799,0.00011717523800840209,2.199686780286979e-05
2017-08-26,0.010613291275159698,0.010257592076115943,0.013613159774757182,0.01115460376786706,0.0,2017-08-26 23:59:59.999,0.0,7.02956015450842e-06,0.0,0.0
2017-08-27,0.011116419753290266,0.010568000639629767,0.014326591937582442,0.010888176170513665,0.00016119419251525192,2017-08-27 23:59:59.999,3.113284921888245e-05,9.966208181672216e-05,0.00012132069742832937,2.289228387070923e-05
2017-08-28,0.010897879391167917,0.010566307502010597,0.012755929032962361,0.011632969031069938,0.0004940759840881916,2017-08-28 23:59:59.999,9.240519753238129e-05,0.00014427022522710734,0.00023109997697087805,4.223749290743248e-05
2017-08-29,0.011321750564635441,0.01269241803567818,0.014599848260305477,0.013583242354897482,0.00049368598162834,2017-08-29 23:59:59.999,9.760569557745822e-05,0.00013178782869106438,0.00023284737790089734,4.560940898661364e-05
2017-08-30,0.013369910838446124,0.012896158929184526,0.015599414230537609,0.013269123926227824,0.0007631532690842918,2017-08-30 23:59:59.999,0.00015493575031486642,0.00022323780752354772,0.00037327161869187757,7.43716548759763e-05
2017-08-31,0.013278803789703565,0.013817131730809937,0.016956720627554954,0.014917905721734202,0.0004324241546490972,2017-08-31 23:59:59.999,9.173057661616534e-05,0.0001319192223388122,0.00020217044339323947,4.2462720709822084e-05
2017-09-01,0.014587617736191869,0.01513523936733091,0.017929751174802194,0.015986530011228225,0.000437302096726918,2017-09-01 23:59:59.999,9.661406421540922e-05,0.00012134203369511262,0.0001667113169927069,3.698800726234734e-05
2017-09-02,0.015619808148758185,0.01563979437784247,0.014339566978968432,0.012462944903977285,0.0009218428594063936,2017-09-02 23:59:59.999,0.00018780327419886734,0.00034963849665695145,0.000862004304661945,0.00017042642227832428
2017-09-03,0.01282579390128638,0.013528733956345275,0.014451366959632693,0.012821743133880112,0.0006089703894872655,2017-09-03 23:59:59.999,0.00012271796932367926,0.00025418101156815954,0.0005410565977827804,0.00010568251937449934
2017-09-04,0.01279179873384513,0.011767212390004847,0.011272774490171111,0.008849417414243915,0.0015339532362965628,2017-09-04 23:59:59.999,0.0002824088856317473,0.00047065204623269455,0.0013941384737066922,0.00025262761221816733
2017-09-05,0.008925771163375819,0.011367443785479464,0.0076679567890148015,0.011436572165649396,0.0013160552571359623,2017-09-05 23:59:59.999,0.0002350841763713707,0.0005210415101439839,0.0012737155974597999,0.0002246137368690369
2017-09-06,0.011446464264619934,0.013040640006020045,0.01481164386067381,0.013896875133553754,0.0007617001750000854,2017-09-06 23:59:59.999,0.00015165084710126988,0.00038123866894030235,0.0009786868192941055,0.00018919961888203235
2017-09-07,0.013906548838768788,0.014223202569806657,0.015815794995907004,0.01459465707281253,0.00035809342792514766,2017-09-07 23:59:59.999,7.603666796468853e-05,6.0243987492375874e-05,0.0004923519196102536,9.90400321702671e-05
2017-09-08,0.014604809578012155,0.013722786340141943,0.011823189403703194,0.010623885433219238,0.0011889204738133059,2017-09-08 23:59:59.999,0.00022266308893802153,0.00016949780559468897,0.001093543583700059,0.0002007034085643715
2017-09-09,0.01063359124657462,0.01081839688086425,0.013004893736849966,0.010390870556788029,0.0005663218476684114,2017-09-09 23:59:59.999,0.00010521547709786211,0.00010669164197123055,0.0006185953380907601,0.00011296675029071911
2017-09-10,0.010400578656027282,0.009467461187171664,0.00959957949159105,0.009143332802355984,0.0005684130647168372,2017-09-10 23:59:59.999,9.86299589273079e-05,8.42233282063532e-05,0.0006287284728115609,0.00010844210977692268
2017-09-11,0.009378878180842827,0.00995122823024791,0.012505891205351102,0.009901918123292941,0.0006205063913145493,2017-09-11 23:59:59.999,0.00011331537575037215,0.0001363209095383642,0.0007098863853804631,0.000127566870080602
2017-09-12,0.009912893696820024,0.010517112447853715,0.01193898920915562,0.009467261361296414,0.0008567281229787306,2017-09-12 23:59:59.999,0.00015731064465389062,0.0002856497902037627,0.0010556980662071091,0.0001900857543046387
2017-09-13,0.009438126901240441,0.008361089816247537,0.009199597012774757,0.007339822912579112,0.0009012162727428929,2017-09-13 23:59:59.999,0.00014844544888743615,0.00018828709722262736,0.0008189148604222174,0.00013486640342135557
2017-09-14,0.007342859038261172,0.006739628356292597,0.003396241471958935,0.0,0.0018894890887150915,2017-09-14 23:59:59.999,0.00028265589852649787,0.00045416214344034297,0.001881311363132881,0.00028122723899797917
2017-09-15,0.0,0.0054509625017048965,0.0,0.0049631488769829105,0.0022890341732210977,2017-09-15 23:59:59.999,0.0003212778102598433,0.0005447580635624655,0.0024283027326282786,0.0003409691168531887
2017-09-16,0.004720471821842785,0.006335156591713971,0.0063768913927575235,0.005108358230990685,0.001406295689146935,2017-09-16 23:59:59.999,0.00021913309483626993,0.000437278059704748,0.001517662884194401,0.00023602561110525538
2017-09-17,0.004829450615754467,0.0044370552574274635,0.006653562200055821,0.004963051746980224,0.0005970765584174726,2017-09-17 23:59:59.999,8.523800287285556e-05,0.0002760580539181717,0.0005810797207985924,8.578184415047258e-05
2017-09-18,0.0048757811725244,0.007964331234156227,0.008516700097722547,0.008217101096791989,0.0010544672862050596,2017-09-18 23:59:59.999,0.00017699891491600398,0.0003985826304430147,0.0009645846905374312,0.00016058194200078965
2017-09-19,0.008469556016314182,0.007651759217017912,0.009891371587722644,0.007003267453290184,0.0008865801795119767,2017-09-19 23:59:59.999,0.00014775542935575067,0.0003409008190817214,0.0005367488836127517,8.828196529636596e-05
2017-09-20,0.007013008785031166,0.0072389158275445245,0.009784937225676651,0.006905748930598671,0.0006480496358628031,2017-09-20 23:59:59.999,0.00010660121525472803,0.0003336084716317173,0.0009049038067661713,0.00015037514102000902
2017-09-21,0.006818265040117691,0.00595890378745479,0.007316752661273664,0.004088881722853134,0.0010171849469579439,2017-09-21 23:59:59.999,0.00015913450255874973,0.0004310368614367265,0.0012304375080551067,0.00019409584949059216
2017-09-22,0.003932075324355175,0.004453892570418068,0.006717266726559978,0.0039517341590678615,0.0008032565776460047,2017-09-22 23:59:59.999,0.00011760575927618667,0.00039411524641958884,0.001213894309956429,0.00018292352953418344
2017-09-23,0.003961602555504151,0.005085903218372427,0.007081738565793555,0.005740188898429213,0.0006899413752967973,2017-09-23 23:59:59.999,0.00010431784936973783,0.0004105394523880665,0.0010027678980603658,0.00015566552278503361
2017-09-24,0.00574547468472153,0.00483005131147618,0.007860728832463831,0.004574823126265115,0.0005700740151162984,2017-09-24 23:59:59.999,8.405262425801937e-05,0.0004316938296754656,0.000626466201265644,9.524493300795936e-05
2017-09-25,0.004584588281127601,0.006616123373294515,0.00816247171221475,0.007107293686161302,0.0006573328023957006,2017-09-25 23:59:59.999,0.00010342825629545651,0.0004984418027313587,0.0006475486147689194,0.0001027730865589653
2017-09-26,0.007187452558529719,0.006589033171387856,0.010078095115638348,0.00673431447586708,0.0003926743596189634,2017-09-26 23:59:59.999,6.203100221871947e-05,0.000382224121298411,0.0004520186284927098,7.315403023857502e-05
2017-09-27,0.006744155575095757,0.009156488244451443,0.010300134169732467,0.009751658009145764,0.0005260681966746388,2017-09-27 23:59:59.999,9.028483488711297e-05,0.0004086342444957231,0.0007789655739923562,0.00013401659854006353
2017-09-28,0.009752727893646791,0.009627368628981815,0.012526280556100514,0.009571967504186304,0.0008174830386386539,2017-09-28 23:59:59.999,0.00014746132547137564,0.0006092066477827717,0.0008228218880880689,0.00014619206360432058
2017-09-29,0.00962519745121717,0.009287424220333643,0.011072783250762969,0.009573812974237234,0.0018070251128220818,2017-09-29 23:59:59.999,0.00032030320496768207,0.0008331014235450586,0.0016124548659332168,0.00028061034220842505
2017-09-30,0.009586540089383977,0.010379874237500177,0.012888215921078194,0.01155351668887706,0.0006472844676787552,2017-09-30 23:59:59.999,0.00012084567574619366,0.00047111192399981185,0.0006318769782013337,0.00011580305913812234
2017-10-01,0.011563019124418518,0.010629329846724017,0.013882708942798506,0.011553225298869013,0.0006559770379811734,2017-10-01 23:59:59.999,0.0001236393410711345,0.0005034347613457758,0.0006292328956092571,0.00011636383173107
2017-10-02,0.01177194371060749,0.01208834415844006,0.015052999141793692,0.011567989059276501,0.0005623427963802384,2017-10-02 23:59:59.999,0.00011036307302476268,0.00039628324160742784,0.0006227360392833942,0.00011901887351647129
2017-10-03,0.011577685610943175,0.011201328172399036,0.01330478303926004,0.010888079040510978,0.0011232623851717034,2017-10-03 23:59:59.999,0.00020897206878052224,0.0006718157209346083,0.0011649918811385527,0.0002124507492100252
2017-10-04,0.010945375496535834,0.01031402999675482,0.012926263034916813,0.009903083683325112,0.0008420462663804234,2017-10-04 23:59:59.999,0.00015451777914544514,0.0005816139817557293,0.0006317757931502671,0.00011341364314749775
2017-10-05,0.009912796567770187,0.010144716234838189,0.0126140815880358,0.01071742162580084,0.0007245852082801697,2017-10-05 23:59:59.999,0.00013270862337953461,0.0004602062512367428,0.0007868604898327444,0.00014136145172938649
2017-10-06,0.010985101277917193,0.010727908081439919,0.014389613567171541,0.011461146056327629,0.0003661136559624553,2017-10-06 23:59:59.999,7.066800988487216e-05,0.00028860614727808866,0.00045356083320578756,8.501484993587256e-05
2017-10-07,0.011470843656127806,0.011315803088094892,0.014590190146792595,0.011985648070803885,9.137608201844537e-05,2017-10-07 23:59:59.999,1.8590320701411055e-05,0.0001741622800897366,0.00023783913728177728,4.5058937497462116e-05
2017-10-08,0.01201476633518788,0.012994831227101489,0.01568711770577074,0.01409336912897699,0.0003818048918620378,2017-10-08 23:59:59.999,7.84164520669533e-05,0.00035653666316371206,0.0005975263693149686,0.0001169552656571294
2017-10-09,0.01410304090657924,0.015176909365402613,0.016906576482649684,0.015520694518371167,0.0005501217484233434,2017-10-09 23:59:59.999,0.00011810606314238353,0.0005399621954196701,0.0007860986931063635,0.00016085645879101106
2017-10-10,0.015530352293862772,0.015835539899258316,0.01818056945603066,0.015482910947328343,0.0010718449499261826,2017-10-10 23:59:59.999,0.00023284135772347317,0.0006447486294985572,0.0016616234966191422,0.00034703583642798784
2017-10-11,0.015492569093478063,0.015098178466111375,0.018467483717054735,0.015855598767614526,0.0006907784877759057,2017-10-11 23:59:59.999,0.00015067141375592555,0.00024583751493617296,0.001291360561353603,0.00026704243377426113
2017-10-12,0.01586525325768405,0.02035047948716743,0.019444611645792295,0.021766639340759245,0.0013788622966678676,2017-10-12 23:59:59.999,0.0003253427877093355,0.0003861002339069718,0.0019758907858117374,0.0004449508719662701
2017-10-13,0.021873267764101895,0.02417113858801729,0.02500222185389147,0.02390330513973122,0.0021719512868521047,2017-10-13 23:59:59.999,0.0005508069871935829,0.0006247767950408884,0.002194836913275111,0.0005355870550092765
2017-10-14,0.023913074939627008,0.02467748079934908,0.02695501436083434,0.02604026232871124,0.0009765590928532364,2017-10-14 23:59:59.999,0.0002608807181826996,0.0002697511588262763,0.0010077001062118293,0.00025404075554482736
2017-10-15,0.0259045118483357,0.02488724173772358,0.02519899372212866,0.024486182285818628,0.0014667306616790508,2017-10-15 23:59:59.999,0.00037652659776308054,0.00034812746970785155,0.0014550414079499087,0.00035786990611237613
2017-10-16,0.024495849238619943,0.023632532698720274,0.0270055487325482,0.024972123689230616,0.001710621042160593,2017-10-16 23:59:59.999,0.0004422757358458267,0.00045987776711737323,0.001769399783970307,0.0004388734894722158
2017-10-17,0.024981494487780725,0.023501502659637005,0.026258654620885384,0.02336928438499225,0.0015802725203798206,2017-10-17 23:59:59.999,0.0004044699622631049,0.0004994272550894673,0.0016881342815575713,0.00041363852435605155
2017-10-18,0.02337886516555015,0.021817959486979302,0.02166685576407433,0.022563688142757797,0.0027478748273452886,2017-10-18 23:59:59.999,0.0006572851490671296,0.0008324444553063194,0.00262445012491526,0.000608081723738348
2017-10-19,0.022582406956926468,0.022890279979117974,0.026079442959035255,0.02423277010882445,0.002174442468525526,2017-10-19 23:59:59.999,0.000551495732359448,0.0006175501444147583,0.002161569771157203,0.0005291510135233561
2017-10-20,0.02423661180461792,0.026652808021709787,0.027150030208432818,0.02740027662624764,0.0022944396314047754,2017-10-20 23:59:59.999,0.0006017228784331816,0.0006243169172737711,0.002073144196127565,0.0005221412106338732
2017-10-21,0.027445852740122192,0.027226593548205044,0.029589240432297152,0.0275455831102581,0.001888550401863415,2017-10-21 23:59:59.999,0.0005231781642154824,0.0005274797988836271,0.0019743639259146638,0.000523834084295957
2017-10-22,0.02734435288304759,0.02618249201638581,0.028321003304343055,0.02681759374016559,0.0014911480139205178,2017-10-22 23:59:59.999,0.00040411226484620333,0.00043970884218808275,0.0013420234515414166,0.00034800348307793415
2017-10-23,0.027069769059172077,0.0263706184185154,0.027355191953054928,0.026486477561026782,0.0020834938023147,2017-10-23 23:59:59.999,0.0005513710328861564,0.0005638758393097735,0.0018082889944686297,0.0004612656919892944
2017-10-24,0.02643328239562196,0.024912638802011076,0.025686679676178083,0.02222344174336699,0.0030932032278619074,2017-10-24 23:59:59.999,0.0007779646121315717,0.00071754071035085,0.002862504642034479,0.0006976743221558467
2017-10-25,0.022523352494628515,0.022842872125781316,0.024096310317723635,0.024291922280457054,0.0027018627108972913,2017-10-25 23:59:59.999,0.0006623204363850297,0.0006486247421071179,0.0027911584770226486,0.0006638983658024285
2017-10-26,0.024108304329789644,0.0250536395404072,0.027637813719184397,0.025960421466507635,0.0022944247223461154,2017-10-26 23:59:59.999,0.000597747601063056,0.0006094037382543934,0.0019309112018291831,0.0004876447338949216
2017-10-27,0.025969976827922583,0.02542998640786745,0.02763039940982097,0.025057695221592388,0.0015458691771663476,2017-10-27 23:59:59.999,0.0004116507371942653,0.0004041668604722971,0.0015155267977406519,0.00038687246388209026
2017-10-28,0.02506687092258319,0.024207352920427243,0.027442992984990214,0.024579912738405596,0.001378931897697579,2017-10-28 23:59:59.999,0.00036246512543557747,0.0004206567632646487,0.001244256387520317,0.00031320597860943686
2017-10-29,0.024495654980520275,0.027404184871815375,0.027618399935456485,0.028954065279132198,0.0020732639868248,2017-10-29 23:59:59.999,0.000552159877603958,0.0005582916092804911,0.0023964067338832916,0.0006109035208503904
2017-10-30,0.028604505175569984,0.027957276494076373,0.031344968400896386,0.028473466025867665,0.0016378911627893443,2017-10-30 23:59:59.999,0.0004610743101761395,0.0004515999673092605,0.0013662032201582279,0.0003692198551388947
2017-10-31,0.02848319099232962,0.03030255428622492,0.032027865315948596,0.03180016861768466,0.0016879753457992282,2017-10-31 23:59:59.999,0.00048726607209746345,0.0006799621270949732,0.001629415112112928,0.0004494452626877162
2017-11-01,0.03180966669098129,0.03290490680688355,0.03434990994053041,0.03462645743569022,0.0019034193475549435,2017-11-01 23:59:59.999,0.0005710671853831109,0.0009606189586843187,0.0016694420139564728,0.0004798767274699884
2017-11-02,0.03463592778299738,0.037846328948420445,0.03773590795876357,0.03721011550699918,0.002992203541778219,2017-11-02 23:59:59.999,0.0009385493928625448,0.001187075910577688,0.00292446280591604,0.0008835301975373683
2017-11-03,0.03712563671734504,0.038282217822154706,0.04005678190291957,0.038133433312482756,0.002187296876648046,2017-11-03 23:59:59.999,0.0007235654942845439,0.0008686434052608441,0.001958788988374544,0.0006202003701571237
2017-11-04,0.03814267499813755,0.03954877882449218,0.03984215715818887,0.04048446502737124,0.0015399325775218363,2017-11-04 23:59:59.999,0.0005202989787051358,0.0007385636939905014,0.0015536883116967512,0.0004959142056371418
2017-11-05,0.040495626230321526,0.04057651335932614,0.0435299956128751,0.040367131984132845,0.001288301860345798,2017-11-05 23:59:59.999,0.0004593670919597524,0.0005871325149611377,0.0012929276540239085,0.0004310240448524523
2017-11-06,0.0403774201766758,0.03879636727917488,0.03989093550926402,0.03662869531095199,0.00201835253254909,2017-11-06 23:59:59.999,0.000669688410750796,0.0007471042810941097,0.0017981819859649918,0.0005711804263610612
2017-11-07,0.03684794476387491,0.0368914933944117,0.03984215715818887,0.037638070298810736,0.0015939351485985882,2017-11-07 23:59:59.999,0.0005265250375346664,0.0007212854293116629,0.0014277293193883799,0.00044853932375870395
2017-11-08,0.03770540001579318,0.04226748752486797,0.03740323960443098,0.039959088842870846,0.003411266698531583,2017-11-08 23:59:59.999,0.0011173300849799104,0.0014603090010692817,0.0032962114689657693,0.0010420661903260177
2017-11-09,0.03996860400593225,0.03871171039821656,0.040954303562702465,0.037792992653086596,0.002216095523634809,2017-11-09 23:59:59.999,0.0007341059850316649,0.0007663534504891655,0.0017825732151070795,0.0005669536832771973
2017-11-10,0.037792816160642125,0.03765735597748127,0.03354009175598064,0.03222734636947476,0.003979863984405767,2017-11-10 23:59:59.999,0.0012084906995326,0.0010995020443537655,0.004027203722734353,0.001178674364377834
2017-11-11,0.03219818289030992,0.03312416812856558,0.032027865315948596,0.02968322020925688,0.0033216625182914557,2017-11-11 23:59:59.999,0.0009564398099337041,0.0010305860761100334,0.0028589020288315235,0.0007990982031973236
2017-11-12,0.029692739049889456,0.031544094477079156,0.024467318456001294,0.02546758383290531,0.006233421146535835,2017-11-12 23:59:59.999,0.0016452760644604528,0.001899689359137995,0.005901004051956,0.0015217139514564014
2017-11-13,0.025757944112138977,0.032178738894663335,0.02812549967323382,0.031829210488486206,0.003146885664446154,2017-11-13 23:59:59.999,0.0008886840232738747,0.0009205438961212334,0.0033193019397840416,0.0009049469441941521
2017-11-14,0.031838708276881116,0.0320612539565334,0.034086994628235306,0.03288792751770679,0.0013493953390947603,2017-11-14 23:59:59.999,0.0004117458015311552,0.0005467946651025568,0.0014836330460104611,0.00042689978622657566
2017-11-15,0.03290712782503483,0.037827516308207486,0.036671466781601464,0.039347752605997974,0.0020401632887514123,2017-11-15 23:59:59.999,0.0006566711246191835,0.0005360860828111094,0.0024082070148120755,0.0007359783140371158
2017-11-16,0.03935795366963748,0.04386637381656735,0.041549399445819396,0.0454129384933971,0.002766484689655114,2017-11-16 23:59:59.999,0.0009460261144420096,0.0008414449201770452,0.0030428652075559577,0.0009940999507806441
2017-11-17,0.045543520079148504,0.04432728350178485,0.045207775776456224,0.043807282419080995,0.004936752327204019,2017-11-17 23:59:59.999,0.0017204340622980505,0.0013046732253119877,0.004947750704770251,0.0016680609610095658
2017-11-18,0.043630369184604535,0.042737521340588745,0.04492486134022031,0.04441677318590294,0.004899763123614305,2017-11-18 23:59:59.999,0.0016809481882580004,0.0010662594514735668,0.004897398591139482,0.0016247420671442216
2017-11-19,0.04442614748987938,0.045589141344069085,0.04715237352041847,0.04709814403990878,0.004785458543876971,2017-11-19 23:59:59.999,0.0016802689439449933,0.0008372403234491149,0.005447871907542101,0.0018451860139959268
2017-11-20,0.04729310565377514,0.04744068139382852,0.050114877894617105,0.048788206086554486,0.0048108293276583084,2017-11-20 23:59:59.999,0.0017515284582283247,0.001179126594888945,0.004697318242450596,0.0016507998212968661
2017-11-21,0.048802296830067184,0.04819328106554794,0.04862226035171727,0.04788985069175988,0.005675864624797518,2017-11-21 23:59:59.999,0.0020669062846756453,0.0012249172811290604,0.005780595204873932,0.0020367933182509736
2017-11-22,0.047623150165104815,0.047465984394914944,0.05145228272439578,0.048729151044924576,0.004361600062901363,2017-11-22 23:59:59.999,0.001611640067288111,0.0008277142839873978,0.0047173173012692885,0.0016794113592533393
2017-11-23,0.04900179989842244,0.04687639625064081,0.050563638724508544,0.04692321290508067,0.005083445421978835,2017-11-23 23:59:59.999,0.0018565177531442644,0.0009507644351032321,0.0056243820851151,0.0019836420038923273
2017-11-24,0.04693236836269852,0.04790168514224708,0.049100288192253816,0.04806944406671666,0.005501388789817121,2017-11-24 23:59:59.999,0.001996205995734947,0.001156329797004698,0.005631507801356133,0.0019777587591228944
2017-11-25,0.04808839831380083,0.051342328910795175,0.05144164904386139,0.053528247347379626,0.005344690572663132,2017-11-25 23:59:59.999,0.0020106778222793113,0.0010826179606181704,0.005974425810153894,0.002170565356356619
2017-11-26,0.05353782365463396,0.05712928516670351,0.05646308761694242,0.057685508592120044,0.005153700711888884,2017-11-26 23:59:59.999,0.00207054434358218,0.0011244011406019775,0.005281556542844251,0.0020475619062413496
2017-11-27,0.05769455847125091,0.059991440248703114,0.061412334230432256,0.06275550047205182,0.005645819927394224,2017-11-27 23:59:59.999,0.0024039399773458686,0.0013568365034678726,0.006344100507902389,0.0026075600647540963
2017-11-28,0.06276469487248945,0.06266960770941996,0.06588491879721561,0.06515266893821366,0.006166000216215947,2017-11-28 23:59:59.999,0.002705960114249603,0.0011017357363654783,0.0063379383687152,0.002687915056565385
2017-11-29,0.06516174269329725,0.07547189156394182,0.05563658723632496,0.06312342892220663,0.017258150149301404,2017-11-29 23:59:59.999,0.0077299448452748925,0.003005038420816538,0.022967699536691685,0.010039375165263296
2017-11-30,0.06313261971325365,0.0717090813317468,0.058863762943457396,0.06459086900270798,0.012046995757201695,2017-11-30 23:59:59.999,0.005179302188217648,0.002562176131082508,0.014155846556880358,0.005936350664708138
2017-12-01,0.06458100810435077,0.07169026869153386,0.0640264636212521,0.07376023264578242,0.007767248169984605,2017-12-01 23:59:59.999,0.0035090286626505837,0.001985489411117322,0.008576226863887749,0.0037515400787328595
2017-12-02,0.07369210149480637,0.07443691416262588,0.07612349468789123,0.07479971793447222,0.0059664265576232535,2017-12-02 23:59:59.999,0.002924178960891489,0.001809356226311368,0.0062286719983207645,0.0029452010144444857
2017-12-03,0.07493195381591383,0.08040992743024039,0.07495281426208744,0.07747467820830112,0.006730679220535324,2017-12-03 23:59:59.999,0.003399663495274358,0.0024427393052797387,0.00671984464613742,0.0032843675049221343
2017-12-04,0.07748372821310423,0.0782935054062825,0.07789902666702697,0.08149187798917583,0.005832280277287451,2017-12-04 23:59:59.999,0.002968171248808667,0.0019760947653033527,0.00656668695411747,0.00321862865427986
2017-12-05,0.08142347673239617,0.08067330439322182,0.08419806781146855,0.08266705389161069,0.006999057439258629,2017-12-05 23:59:59.999,0.0036499190128985158,0.0019159821714587245,0.008217990731059187,0.004135983666883127
2017-12-06,0.08267605295903163,0.09724940387446326,0.08632382835132392,0.10063668716757256,0.008520752212935565,2017-12-06 23:59:59.999,0.004777261116266475,0.0024993042706351757,0.010071291749785735,0.005462613587104389
2017-12-07,0.10055770529123123,0.12579504569119992,0.0998297733104179,0.13025113933493143,0.009545265926093215,2017-12-07 23:59:59.999,0.006217098759984507,0.0036388156807281523,0.010340674651565606,0.006518922515923853
2017-12-08,0.13025967160085475,0.1310158355398993,0.10924399506792334,0.12326749214218279,0.022828960314541232,2017-12-08 23:59:59.999,0.015494932973872106,0.0054248495345642815,0.03174135681429685,0.020929627037419716
2017-12-09,0.12327619004697257,0.12221443587946743,0.09480560314967665,0.11137945972407308,0.018002708870143352,2017-12-09 23:59:59.999,0.011703558982285683,0.004243029369896506,0.021168194712834553,0.013441687145770076
2017-12-10,0.11146529758738238,0.117048673003391,0.09317640622376638,0.11374855761946019,0.02146668950817997,2017-12-10 23:59:59.999,0.013329461133848228,0.005158251823283953,0.023165813072262332,0.013995910858590598
2017-12-11,0.11420676501889498,0.13350860443131743,0.11788829933205852,0.13014400494197453,0.015243445641703487,2017-12-11 23:59:59.999,0.01099768903902043,0.004547534148552081,0.015609132440488088,0.010945875448344826
2017-12-12,0.1301525382588899,0.12886611514276444,0.12738954166788205,0.12783250513817712,0.012109098971607104,2017-12-12 23:59:59.999,0.008860251390597249,0.00485361565098063,0.01157896167081771,0.00823350653467552
2017-12-13,0.12784106113098423,0.12481716465293033,0.11560039955322932,0.1247563979532766,0.016027068077884475,2017-12-13 23:59:59.999,0.011210954968585795,0.00536703632955524,0.016203505498150046,0.011029923689810008
2017-12-14,0.12473633105309936,0.12386712632217589,0.12324338182649364,0.1276867130041533,0.014975805012430126,2017-12-14 23:59:59.999,0.010599584272001012,0.0055183361149368565,0.0158595612787625,0.010919005948252928
2017-12-15,0.12769527042718617,0.13840929720679326,0.13152058022043717,0.13938942137714805,0.011773088311964476,2017-12-15 23:59:59.999,0.009094642926128254,0.005474187849293589,0.012426334100975881,0.009299374261894207
2017-12-16,0.13917427292349988,0.1529702807316236,0.1402183455573507,0.15456918958610966,0.005226350448166276,2017-12-16 23:59:59.999,0.004312553584543016,0.0032601391879189326,0.006011583917251126,0.0047494423381048805
2017-12-17,0.15474775051548811,0.1554129139368742,0.1530957326844902,0.15221242720106298,0.011767709435772404,2017-12-17 23:59:59.999,0.010014101968208346,0.005415257798278691,0.011052992910073124,0.00913692847117781
2017-12-18,0.1522209382841046,0.15072217022617498,0.13865714565283918,0.15217580919005236,0.013671053195267818,2017-12-18 23:59:59.999,0.011186308813522465,0.005899771874348781,0.012366886271601435,0.009839312862342365
2017-12-19,0.1521841263742182,0.14742995818890714,0.13153570150927046,0.1370133301215679,0.017071700792504876,2017-12-19 23:59:59.999,0.013273499205642648,0.007516767800357338,0.015169527616029318,0.011486394186204793
2017-12-20,0.13702179605016948,0.13586347666997456,0.11668425451411932,0.12918251504543743,0.017386961336477158,2017-12-20 23:59:59.999,0.012609475224705615,0.008383505997725839,0.01514859955803173,0.010720228295069694
2017-12-21,0.12910888661844336,0.13199889005422746,0.10931228475942859,0.11950506435833978,0.026425654557586088,2017-12-21 23:59:59.999,0.018277195494540873,0.007593107509698822,0.031000719860641218,0.020981686643503066
2017-12-22,0.11972146108121531,0.11685320967157836,0.07945017823121699,0.09846641438767305,0.04713903392210544,2017-12-22 23:59:59.999,0.027286021847760897,0.0158400298105908,0.04670292773168993,0.026548562979704003
2017-12-23,0.09847525846282981,0.10980467776298897,0.09912912107557434,0.09820795145053947,0.016980693014729934,2017-12-23 23:59:59.999,0.010523268151656443,0.008727954445296752,0.01732356921778597,0.010457742559324402
2017-12-24,0.09821679806122643,0.09917544197946601,0.0860742783072234,0.10015055150415524,0.03725216861432216,2017-12-24 23:59:59.999,0.020884382046477256,0.011260698399283748,0.04085436745457462,0.02239970580354691
2017-12-25,0.10015937905786956,0.10369056969377727,0.09649333409687712,0.10208674097759406,0.020408367827932452,2017-12-25 23:59:59.999,0.012148293190957817,0.00750671618630463,0.023426759258100994,0.013600513069811313
2017-12-26,0.10209554953722377,0.12015162988011646,0.10454176202427815,0.12141240622098241,0.019470089268546202,2017-12-26 23:59:59.999,0.012818463462719983,0.008604969991004791,0.022363351126378744,0.014299339586974017
2017-12-27,0.1216247048126764,0.12436613160382462,0.11105025740823643,0.119187934899587,0.019371725536381675,2017-12-27 23:59:59.999,0.01318413456869725,0.009200774486717285,0.0207814966443363,0.013787479360606779
2017-12-28,0.11919638143782266,0.11535431256261083,0.10080534033192107,0.10677588611701445,0.028258241535512586,2017-12-28 23:59:59.999,0.017316631989303395,0.011554691686119497,0.030357643712661607,0.018164894575324837
2017-12-29,0.10695005944783492,0.11009627368628983,0.10763430948244315,0.10868730743976969,0.02346408119028788,2017-12-29 23:59:59.999,0.014883695790973914,0.009194073410682147,0.027878209819434327,0.017240231243026146
2017-12-30,0.10869692540906625,0.10462038443630278,0.08714740203087688,0.08985486834999437,0.024975171648122366,2017-12-30 23:59:59.999,0.014133155916733541,0.012354353426312735,0.025283794020156413,0.01401817645874536
2017-12-31,0.08894194509275385,0.10134002436236911,0.0910494750034852,0.10225205624215676,0.015175840669061318,2017-12-31 23:59:59.999,0.00883546213441983,0.008983383696518516,0.016090262191776703,0.009111881403046378
2018-01-01,0.1022539670175,0.09916189687851268,0.09690307224590844,0.09898499147198576,0.011021773135267804,2018-01-01 23:59:59.999,0.006517392119423601,0.006795810855165045,0.010423129873590143,0.005984782489659175
2018-01-02,0.09901481033464743,0.11472879227552993,0.09826906118941717,0.11156439524917731,0.026102008863419682,2018-01-02 23:59:59.999,0.01596048940644371,0.011534719851661828,0.030129577176309777,0.017969554539474363
2018-01-03,0.11171773598789614,0.1131680015802618,0.11056101054695261,0.11393825251469576,0.020615422057396564,2018-01-03 23:59:59.999,0.013463958419312307,0.010553143606161731,0.023854553054922446,0.015181113965139062
2018-01-04,0.11394694481059398,0.11290876339812722,0.10829808528387391,0.11529836394223485,0.027747761521030773,2018-01-04 23:59:59.999,0.017853747139109387,0.01104738081216516,0.0336908720256828,0.02116146506655227
2018-01-05,0.11530723715349331,0.130745403836838,0.11495106214371681,0.13376132050181244,0.030274913436600215,2018-01-05 23:59:59.999,0.021091224624614092,0.012536005144324097,0.03546769321649556,0.024088839771027614
2018-01-06,0.13376981833273904,0.13043396057811246,0.1287183615078715,0.1348239227311403,0.024120839020852027,2018-01-06 23:59:59.999,0.017649636075666133,0.010254551541654808,0.02922446605173906,0.020854187761222276
2018-01-07,0.13483241013790284,0.13002788973911572,0.12480428906089869,0.1258902936045721,0.016128053027169752,2018-01-07 23:59:59.999,0.011750628261150736,0.007759846048690807,0.017941773644687516,0.012740658187653072
2018-01-08,0.12656731077148534,0.12271297084511085,0.09750792379924039,0.11377342290014648,0.03467888313620041,2018-01-08 23:59:59.999,0.02265143574457301,0.013565671464899896,0.03656243801374177,0.02343076457827372
2018-01-09,0.1137821168130288,0.11497815382155271,0.10920546017057398,0.10889225174542615,0.018523757413729972,2018-01-09 23:59:59.999,0.012004602005462637,0.010150356378990788,0.01810699802766006,0.011436808673773917
2018-01-10,0.10891070644774684,0.10985791753479163,0.1006230068556021,0.11381761705136624,0.022594881675244236,2018-01-10 23:59:59.999,0.013915994012657891,0.010467015070063035,0.022612559950371567,0.013585290619647732
2018-01-11,0.11414596223370005,0.10998038782257802,0.08373291745561584,0.09761332157412768,0.04382329054074028,2018-01-11 23:59:59.999,0.025515421922994105,0.015587425522795618,0.04367489524226427,0.024878069426243283
2018-01-12,0.09762197976005432,0.10190129948312274,0.09446415469215055,0.10248176869849683,0.02128801876535687,2018-01-12 23:59:59.999,0.012685182900141905,0.00869162410169448,0.021512423107539848,0.012500309703235386
2018-01-13,0.10258711965842432,0.10632433932359153,0.10623095632201085,0.10704678169449118,0.01577088648692682,2018-01-13 23:59:59.999,0.009854865911352078,0.007981244345145886,0.014725654725736413,0.00896170864547652
2018-01-14,0.10705554159595265,0.1040621193379832,0.09513924707103073,0.09990762936745058,0.02207795980340295,2018-01-14 23:59:59.999,0.012914749624670967,0.009868385610923963,0.02196895362965868,0.01253919280121384
2018-01-15,0.09994550089013915,0.10322015962525222,0.10078378030074583,0.10053839160485963,0.01896701912854132,2018-01-15 23:59:59.999,0.011431111160999657,0.009408376450158842,0.019681055870069804,0.011556319328588388
2018-01-16,0.10015937905786956,0.09656932693076481,0.06066075739706621,0.07489675080715032,0.08307028345071941,2018-01-16 23:59:59.999,0.04129405445978629,0.027335791445695402,0.08085306731964467,0.03945224643610003
2018-01-17,0.07490572897245915,0.07905532327170625,0.06068943906749841,0.07575916810095305,0.09481373457385245,2018-01-17 23:59:59.999,0.04255395695528533,0.03384306185040623,0.09435489465173727,0.04153226667115811
2018-01-18,0.07561088587424061,0.08091617557837111,0.07432191506928135,0.07549866543376316,0.06342901982923507,2018-01-18 23:59:59.999,0.030938018926624004,0.025684764564920158,0.06340262532976024,0.030266425542770408
2018-01-19,0.07548860040050193,0.08012773782704599,0.07358702043198302,0.08048153170129027,0.04457893663855205,2018-01-19 23:59:59.999,0.02186145419146045,0.017811591495046856,0.044874183014009646,0.021519274744413026
2018-01-20,0.08049055220875828,0.09239357924589534,0.08385437554979298,0.09335086853648397,0.03753005048086029,2018-01-20 23:59:59.999,0.020475063043895778,0.016390963375597416,0.038249971787266815,0.020372144514671498
2018-01-21,0.093358402988622,0.08957920827003663,0.0794892009120771,0.08101594097603997,0.054112946972256507,2018-01-21 23:59:59.999,0.027731461005325832,0.023523010575349133,0.05475716175671981,0.027427368312957643
2018-01-22,0.08102495624093481,0.0813632579730321,0.06910175349392012,0.07353741641963268,0.05723313676135053,2018-01-22 23:59:59.999,0.027183331358721793,0.02372384576593168,0.056694119912875596,0.02634843825446811
2018-01-23,0.07354650504910795,0.0764028350648801,0.06914819048414367,0.07391748612012262,0.04897689477637095,2018-01-23 23:59:59.999,0.02281459208671711,0.02319971650506562,0.049881603375483176,0.022730594894776177
2018-01-24,0.07392618250490185,0.07801583083673921,0.07495281426208744,0.0792675037977831,0.035412603765634765,2018-01-24 23:59:59.999,0.017091566342402754,0.019135908070697143,0.03477589765932006,0.016404734889427165
2018-01-25,0.07927624482775666,0.08011880182294484,0.07934491454959679,0.07757044839094439,0.027103829847908587,2018-01-25 23:59:59.999,0.013461925512003595,0.014380180687288637,0.027074117893821456,0.013131556662982883
2018-01-26,0.07767109015023047,0.0786979771708611,0.07311045594197872,0.07673250785781721,0.043168633497530515,2018-01-26 23:59:59.999,0.02058507943028219,0.02053465914779657,0.04076276826469889,0.019022515154736196
2018-01-27,0.07674156514333672,0.07876382141160646,0.07829598488807661,0.0806371339655849,0.02450127227537247,2018-01-27 23:59:59.999,0.01212101140480395,0.013489200361910664,0.024425605437502097,0.011805369548230284
2018-01-28,0.08073337483333867,0.0843511755548553,0.08381096281733609,0.08441500541985415,0.021906284971328023,2018-01-28 23:59:59.999,0.011408037180342726,0.013408327571721881,0.01944547618355646,0.009878513398854255
2018-01-29,0.08442398733981113,0.08182106357261446,0.08119205314811086,0.07830601390124599,0.018333578530530893,2018-01-29 23:59:59.999,0.009226365754078729,0.010974391640841246,0.01590605393098837,0.007807507635383472
2018-01-30,0.07830641126518259,0.07555081058963517,0.0690994121330685,0.0684619852595508,0.03330311948316112,2018-01-30 23:59:59.999,0.015345591589163987,0.016887959848203547,0.030241046403122557,0.013618778797257466
2018-01-31,0.06839817976275453,0.06724907465325952,0.0671482780900622,0.06892422694230867,0.023390375749852317,2018-01-31 23:59:59.999,0.01034487720531717,0.013091340396530262,0.02328781129268754,0.010060471273134686
2018-02-01,0.0689333608273297,0.06639451047158587,0.05789004949929509,0.05862281311798964,0.04383649351287094,2018-02-01 23:59:59.999,0.01813172873929166,0.020620065018832654,0.041027537850290514,0.016609148676231665
2018-02-02,0.05863204806023089,0.056188653156055555,0.050661390540063175,0.055208790653762635,0.06541092267860411,2018-02-02 23:59:59.999,0.0248082026061186,0.029646217347693085,0.06153221432079907,0.0228892107657207
2018-02-03,0.055218059087680425,0.05828635660300157,0.052797687203750776,0.05838426183140562,0.0374723799960061,2018-02-03 23:59:59.999,0.014650254236822464,0.02137551279655875,0.03769927206944587,0.014438977122020514
2018-02-04,0.058393499113843096,0.05729859892862014,0.04988074180945634,0.048524109609265426,0.04179770030454408,2018-02-04 23:59:59.999,0.01568536753096098,0.023255427411710695,0.036691738506526635,0.013507238254760036
2018-02-05,0.04848662741811268,0.048031492359716495,0.03714959217884016,0.036433172615555565,0.08307293100393355,2018-02-05 23:59:59.999,0.026922783390645647,0.034908467243169435,0.07952929452257439,0.02524923111891914
2018-02-06,0.03643912859313136,0.04328318196996562,0.031052395851147593,0.04335028575646789,0.13146138378124997,2018-02-06 23:59:59.999,0.03913041271434949,0.051495995515797595,0.13212241686541326,0.038580238236098
2018-02-07,0.043387643689073975,0.0489081613936404,0.04227141659843388,0.04283413692222218,0.07962151669045266,2018-02-07 23:59:59.999,0.02731036312579337,0.03368538947310885,0.08013635646211364,0.02697010223904259
2018-02-08,0.04284352675191424,0.042963367086345315,0.0463890898827944,0.04463123623182212,0.001700812538416723,2018-02-08 00:28:14.788,0.0006179626006285942,0.000674312200241817,0.0021030902210219613,0.0007162463228876432
2018-02-09,0.0446977203132101,0.05137261726153803,0.04851397241233042,0.053371965173066235,0.026634330785594344,2018-02-09 23:59:59.999,0.009869866846143927,0.017799766066749552,0.02761493291883304,0.010004491227444979
2018-02-10,0.05338134875535435,0.0544558208660399,0.05173431915031233,0.051915597912870495,0.064634943754394,2018-02-10 23:59:59.999,0.02418836421269327,0.03517572192268851,0.06525024912149734,0.023909397075440018
2018-02-11,0.051924995782171,0.049594822761413394,0.04789575559080386,0.047349516486846654,0.05890653481909641,2018-02-11 23:59:59.999,0.02095634860357501,0.034324816659873615,0.06171058335870822,0.021472624276621208
2018-02-12,0.04735827924621252,0.053733603608264395,0.051080689245905225,0.05549988927179694,0.054912546250512215,2018-02-12 23:59:59.999,0.020697214101736815,0.03123929962981154,0.05567035092083079,0.020525246680639188
2018-02-13,0.055509154850027394,0.0533667571241117,0.05398787896998462,0.05197309887445753,0.04632204930468536,2018-02-13 23:59:59.999,0.017417633046198044,0.026261648375356966,0.044038996235823726,0.016199327220091406
2018-02-14,0.051936457010051194,0.05844240745356807,0.055763410949120365,0.06081280328843337,0.0533662835375785,2018-02-14 23:59:59.999,0.021137303476581333,0.03368565226040434,0.0545802383846161,0.02113637215400796
2018-02-15,0.06082191961774667,0.06530808049928746,0.06326064350937212,0.06615592473590352,0.06864043378465344,2018-02-15 23:59:59.999,0.029283152659363276,0.039825151845069025,0.06871517688780161,0.028691169404014817
2018-02-16,0.06617285610204998,0.0662851149687475,0.06681658530275113,0.06770893634876664,0.04988064754180713,2018-02-16 23:59:59.999,0.021765819255787133,0.026486134422534117,0.04872129680840956,0.020800607092548083
2018-02-17,0.0676801046973454,0.07335584579278817,0.07056276266532324,0.07625219999456072,0.054773499247667105,2018-02-17 23:59:59.999,0.025482503480102385,0.027029775640090726,0.05628594503441012,0.025614324858283157
2018-02-18,0.07626126199191671,0.07522704505157016,0.07085543277177418,0.06987930625866885,0.08009348377266935,2018-02-18 23:59:59.999,0.037129708044151104,0.03517283126243805,0.07882611601809815,0.03577893647518095
2018-02-19,0.06980664811437062,0.07500129336901465,0.07271222948380114,0.07735413987497426,0.05339187833857922,2018-02-19 23:59:59.999,0.025353890840226923,0.023961536874707486,0.05487756403622063,0.02549642656384789
2018-02-20,0.07730598205191139,0.08004317500928876,0.08081197223653325,0.07782026675783936,0.06301996006173871,2018-02-20 23:59:59.999,0.03152685449241388,0.028252524926031947,0.06446237559092993,0.03156304643316783
2018-02-21,0.0777718129749064,0.07550951684436774,0.07202611319757797,0.07040545948319069,0.08926724667319756,2018-02-21 23:59:59.999,0.041831510105406165,0.03548857019797607,0.08614949010970936,0.039527328305763526
2018-02-22,0.07042837116234624,0.07202362867610748,0.06694340901554653,0.06431968203522323,0.0878817321631089,2018-02-22 23:59:59.999,0.03899540022885763,0.03311908285131574,0.08799413346582487,0.03823298132863348
2018-02-23,0.0643726662924608,0.06733514248223382,0.06588189453944895,0.06742784212100845,0.07491952448117867,2018-02-23 23:59:59.999,0.0326850736807455,0.030570505962775132,0.07465538860722698,0.03186938644397488
2018-02-24,0.06743699068561551,0.06791805213923235,0.06375330485523122,0.063187826113984,0.05346648828601448,2018-02-24 23:59:59.999,0.023169554097147195,0.022058694068023545,0.04961227418856531,0.02105309248076597
2018-02-25,0.06319701627329238,0.06180422625962385,0.06300016711463077,0.062172720455967084,0.03701019240680368,2018-02-25 23:59:59.999,0.015477762117260855,0.015203164799957114,0.037095682763177686,0.01517407889185327
2018-02-26,0.06218192057349652,0.0674228093856262,0.06373379351480114,0.06930206265273693,0.04556373576351822,2018-02-26 23:59:59.999,0.019845101944544485,0.01860028186565315,0.04533947079593569,0.01931932156307668
2018-02-27,0.06928205411622715,0.07142689172855243,0.07125541525059048,0.07168213623842697,0.04007651361830908,2018-02-27 23:59:59.999,0.018513021663204003,0.015661400146477638,0.04037926577948591,0.018239416846969638
2018-02-28,0.07183975338545731,0.07357153271282976,0.07300168021908113,0.06932887053347683,0.04020222238659542,2018-02-28 23:59:59.999,0.01872026265947122,0.018114782337224952,0.03831308654997558,0.017452357962709976
2018-03-01,0.06932712199534924,0.07321794914002719,0.07241634000617923,0.0750910108125119,0.032695844231815076,2018-03-01 23:59:59.999,0.015299452163093013,0.014996942469816909,0.033969991690908426,0.015545595122349492
2018-03-02,0.07513271956191689,0.07453097736369066,0.07758684522014596,0.07624685784441328,0.03114176245925383,2018-03-02 23:59:59.999,0.014999627972672226,0.013765981080891448,0.03158935458959072,0.014871173711399609
2018-03-03,0.0762558227651261,0.07776675148031964,0.07997708197953084,0.08037954519847544,0.027691880436177124,2018-03-03 23:59:59.999,0.013786480371996998,0.012370120664042474,0.028785520859556046,0.013992042971474154
2018-03-04,0.08038846957738469,0.07796428420255569,0.08031862799375909,0.08087024597201879,0.022443551702800643,2018-03-04 23:59:59.999,0.011101011141887027,0.010919206308787162,0.0217261550985488,0.010496250360162766
2018-03-05,0.08087926266618659,0.07932820061799523,0.08387935006554346,0.08027775295566598,0.019614160584710758,2018-03-05 23:59:59.999,0.009956814450372031,0.01065372544351269,0.020315558519752672,0.010058161726620543
2018-03-06,0.08029648836719364,0.07692958899084296,0.07549405884561738,0.07311422099795249,0.03851195300505852,2018-03-06 23:59:59.999,0.01848707423133612,0.016302863934782502,0.035829763898753815,0.01680762992410279
2018-03-07,0.07312331377898926,0.07169967501164032,0.06411728891095403,0.06528088054175231,0.06629989614994529,2018-03-07 23:59:59.999,0.02942169498320379,0.0259218644022811,0.06395788986881354,0.027770086072671955
2018-03-08,0.06529005016812553,0.06417461892645668,0.060904649152441995,0.059080489690621504,0.05375751201568927,2018-03-08 23:59:59.999,0.02254099826407274,0.021966455727304574,0.053910383509861305,0.022128249930031076
2018-03-09,0.0590453321672667,0.05769366437309229,0.05377325422525393,0.05864690135865448,0.08400538338643872,2018-03-09 23:59:59.999,0.03241493147967254,0.030257263506544327,0.08302272591174328,0.03136433051683042
2018-03-10,0.05868527477953891,0.05844616998161065,0.05707135365484965,0.05421019709620144,0.048590414190426076,2018-03-10 23:59:59.999,0.019481560279746627,0.01878357600426136,0.04692481330943849,0.01841489177049981
2018-03-11,0.05421947532635602,0.06079775000823053,0.054953690321272744,0.06162461585083939,0.05798709303215954,2018-03-11 23:59:59.999,0.02304774433896937,0.021759707822573377,0.05629283593760499,0.021933446348819913
2018-03-12,0.06163382134529367,0.06219816294568321,0.05817306149223317,0.05771775575301007,0.05523198702075726,2018-03-12 23:59:59.999,0.022593760166024532,0.021974864920760433,0.0515412557837849,0.02063068845915254
2018-03-13,0.057726999573894856,0.05829566885990698,0.05859255531147951,0.057899000338012416,0.05255029133642771,2018-03-13 23:59:59.999,0.020978539405079235,0.022375089971800297,0.05284025261142898,0.020639775421059298
2018-03-14,0.057926891158449435,0.056976714654576426,0.049590803290665605,0.04838026007529518,0.0650643865194145,2018-03-14 23:59:59.999,0.02433990669621988,0.02607993096052173,0.06091795770941866,0.022325826609077937
2018-03-15,0.048525673296145204,0.048475470668742325,0.0471491541492475,0.0490696888343234,0.0684608433535745,2018-03-15 23:59:59.999,0.02411503162483063,0.02617203790759295,0.0703405567990021,0.0242628381277092
2018-03-16,0.049079017493038994,0.05018403465288327,0.0495880717030054,0.04925443009942228,0.05074090196091552,2018-03-16 23:59:59.999,0.018401916968000556,0.016664262162912884,0.05335524317308308,0.018935369626043277
2018-03-17,0.049263756945819755,0.04770998433847703,0.04785146484802763,0.04502733238275437,0.043238766257806156,2018-03-17 23:59:59.999,0.015173514101901875,0.019044720879160155,0.04168737431083762,0.014315922469259813
2018-03-18,0.04502902750218759,0.04741631902475273,0.04394929431871715,0.048574422950654075,0.0779249126460838,2018-03-18 23:59:59.999,0.026186741082707327,0.02767038536968523,0.07515042418304262,0.024737873577061104
2018-03-19,0.04857414069201144,0.0510643721516487,0.05142603997151733,0.05255685019056906,0.07241370669874657,2018-03-19 23:59:59.999,0.026435396808649154,0.023536609817891033,0.07260669127024927,0.025953502009151475
2018-03-20,0.05251767724424682,0.05430738913475965,0.053295226384717384,0.05556768601366813,0.05869603264298597,2018-03-20 23:59:59.999,0.022153815505551774,0.019453355123655876,0.06082643725846402,0.02244862999907823
2018-03-21,0.05557675666871057,0.05550208585148362,0.05788624478791124,0.055325055266971526,0.05226230903893997,2018-03-21 23:59:59.999,0.020451951110172322,0.019153449122671477,0.05068138311424573,0.019412949688034798
2018-03-22,0.055332574237432534,0.05477770514008363,0.055101000941519734,0.05375057792351595,0.05311065977395542,2018-03-22 23:59:59.999,0.020259940070220646,0.01802037600131814,0.052069293217870696,0.019446228221123688
2018-03-23,0.05373169323809893,0.052981097999746034,0.05318791401235204,0.055451615660464595,0.05228677038197773,2018-03-23 23:59:59.999,0.019455526879651883,0.018159784661578582,0.05350830542835348,0.019495971719414813
2018-03-24,0.05546097884131066,0.053836602813430355,0.05535367280008904,0.05204070135632337,0.04633735103255145,2018-03-24 23:59:59.999,0.0178808450081737,0.017616406231317466,0.04602355439284487,0.017387530627383546
2018-03-25,0.05189838242251699,0.05073157654628146,0.054131970219060646,0.05129561710575903,0.03783632063891688,2018-03-25 23:59:59.999,0.014088448706158658,0.014026731774847,0.0382234675725783,0.01392206585500996
2018-03-26,0.05130482679899268,0.04927397318258137,0.04891493045816822,0.048032826055705996,0.05760262692987017,2018-03-26 23:59:59.999,0.02046754206178251,0.020254922071741458,0.05577791722171375,0.019408968430150983
2018-03-27,0.0480420677570309,0.046461953786749326,0.04792960776645003,0.044742838604902344,0.048916045485069864,2018-03-27 23:59:59.999,0.016985009087038042,0.017369386173551563,0.049119935484177465,0.01669224819603189
2018-03-28,0.044752209710165934,0.045456041914562394,0.04791009642601997,0.04623660091613019,0.034416839477741906,2018-03-28 23:59:59.999,0.011921913786791716,0.011921805537926908,0.036371822718508806,0.012323227150679588
2018-03-29,0.04624595736753467,0.04419559502029414,0.04023345709051378,0.03789157960580761,0.07152456792068619,2018-03-29 23:59:59.999,0.023167983580733128,0.023478993703353615,0.06545864040667214,0.020738608477533022
2018-03-30,0.03790121218025481,0.037775123105214393,0.036906675990485874,0.03546420370881202,0.08557510892602421,2018-03-30 23:59:59.999,0.02573097068110673,0.026141029006724464,0.08509888146796683,0.025070630996470368
2018-03-31,0.03547376296684956,0.037125428575459855,0.03863245405152496,0.036276987571244854,0.048180837483077034,2018-03-31 23:59:59.999,0.014736533268351332,0.015645041637333035,0.05078425157969389,0.015201225718361983
2018-04-01,0.036267890078277264,0.03549456079539843,0.035247236486909014,0.03519981584151492,0.057652378323176705,2018-04-01 23:59:59.999,0.01697704098136253,0.017001615353505414,0.05829191511017309,0.016816402243300325
2018-04-02,0.0352092805641566,0.03620022292978652,0.03851538600894458,0.03755997777665539,0.041941362225163835,2018-04-02 23:59:59.999,0.012788598446072642,0.013443343978846674,0.04352455236859959,0.01298443345927659
2018-04-03,0.037646831198744395,0.03991571937184595,0.040915378438544495,0.04095185460027119,0.04938901658153585,2018-04-03 23:59:59.999,0.01580949393235749,0.01616076170474323,0.05113869515451533,0.016012759029978344
2018-04-04,0.04096126289521688,0.03904582288839872,0.037949557136472745,0.03503556900698171,0.05522726087546138,2018-04-04 23:59:59.999,0.01697549977854377,0.01807293346041727,0.054022324249511616,0.01624031133840335
2018-04-05,0.03504503534089042,0.034102613546041584,0.036580739048601665,0.034789441580188596,0.05102272704598046,2018-04-05 23:59:59.999,0.015028866663576342,0.015525670508354142,0.05053091295066213,0.01457583582709604
2018-04-06,0.03479152852082849,0.03361348490050465,0.03593013340196122,0.03314435072478408,0.035802390779200464,2018-04-06 23:59:59.999,0.010373254630462368,0.010531397957459467,0.036619064582606886,0.010380926116221267
2018-04-07,0.03315383561160851,0.035682875323930156,0.03677185262811414,0.03600395513370916,0.042133370854080324,2018-04-07 23:59:59.999,0.012674176881676713,0.011590496455130777,0.043778215880744466,0.012875382063582115
2018-04-08,0.03601350909676685,0.03605094462969669,0.039637288083673214,0.0371908837664684,0.027876658986921106,2018-04-08 23:59:59.999,0.008531073764635492,0.009874758202839732,0.02977007937936599,0.008905968823556666
2018-04-09,0.03713272713798279,0.036764602136175294,0.03701301279582972,0.03490560906339481,0.04451177063893365,2018-04-09 23:59:59.999,0.013360495265254874,0.013830232574640134,0.045341231820393665,0.013325654443439945
2018-04-10,0.03490371257338464,0.03398973770476383,0.03745201795550614,0.035499850419795864,0.02905888360235281,2018-04-10 23:59:59.999,0.008614128635190527,0.00956558894968911,0.030423453612166796,0.008818977339535837
2018-04-11,0.03546715819146098,0.034930369715411795,0.03873001075367527,0.03656721201925506,0.03125637612647346,2018-04-11 23:59:59.999,0.00940695376819474,0.010081440410747055,0.0332901613941174,0.00979865419140882
2018-04-12,0.03657656619864386,0.04454579231785837,0.03830271239825689,0.04598114900907971,0.08499069172453072,2018-04-12 23:59:59.999,0.027724991914640763,0.026438701315697154,0.08844665919111626,0.028234437857226537
2018-04-13,0.045990410837426256,0.04662609407260738,0.047949119106880086,0.045538333326858,0.07208159710252379,2018-04-13 23:59:59.999,0.025131606896794924,0.02297759554354793,0.07319848953183357,0.024975166790895856
2018-04-14,0.045548376531640115,0.04618032856276132,0.04871006138365255,0.04671943415945638,0.04128089051232052,2018-04-14 23:59:59.999,0.01442316462538789,0.012636586981675054,0.043305141391951824,0.014801059833600097
2018-04-15,0.046777253270116566,0.048471143761493356,0.05055407816769783,0.05017716512488976,0.03644896964918162,2018-04-15 23:59:59.999,0.013130148361428395,0.011800791988351165,0.03886447988550391,0.013687627213052809
2018-04-16,0.050187162822574065,0.04837200114757106,0.04926613458590935,0.04735961800712546,0.04791196767700161,2018-04-16 23:59:59.999,0.016882393066596526,0.01475517815796092,0.04765365518605946,0.016422394774280535
2018-04-17,0.04736896344169406,0.046064630825451626,0.04886029870496404,0.04561224925889809,0.04197955336739712,2018-04-17 23:59:59.999,0.014729675352593067,0.014392531690176933,0.04164877918707385,0.014299724944650535
2018-04-18,0.04567930649081387,0.046654689285731084,0.04927589025612439,0.04840939907609941,0.035163361344740754,2018-04-18 23:59:59.999,0.012406505368552515,0.01191208240799357,0.038703527944973885,0.01335704653192052
2018-04-19,0.048428349988213375,0.04721502377447407,0.05134409234171107,0.049429264104247694,0.035353771896933096,2018-04-19 23:59:59.999,0.0126942888620647,0.0127890693098864,0.03653775698202503,0.012830376737778352
2018-04-20,0.04939818355078746,0.05317863072198211,0.052291270362888484,0.05505289699945995,0.05202947119283455,2018-04-20 23:59:59.999,0.019257007253004242,0.01889007055576097,0.05612656946282526,0.020328761357325646
2018-04-21,0.0550149622444814,0.05416629433316245,0.05607559239600138,0.05561945630509699,0.05344554566097046,2018-04-21 23:59:59.999,0.020495382766362424,0.019263688393131896,0.05628118841365236,0.02112007827435868
2018-04-22,0.055628720710370776,0.05403150176603661,0.05766264482658272,0.05437337550070517,0.03843658075343019,2018-04-22 23:59:59.999,0.01493481391176763,0.01496034933891914,0.0397142758358719,0.01509492055520877
2018-04-23,0.05436983109549621,0.05369597832783848,0.05783161303470706,0.05580108941011007,0.03367622960741637,2018-04-23 23:59:59.999,0.013099659988211393,0.01240296907597943,0.035200780859447736,0.01338638913459886
2018-04-24,0.05581025490450708,0.060713187190473285,0.05955836666276765,0.062464013334006765,0.060541826533989394,2018-04-24 23:59:59.999,0.024634910199536366,0.021315662990009615,0.06599210331402436,0.026278352118465072
2018-04-25,0.06246320630181044,0.06098418327274096,0.057685277981481584,0.05517926313294766,0.10635680294121574,2018-04-25 23:59:59.999,0.04261027648663327,0.03121978767312099,0.10345828192008791,0.040599196419125204
2018-04-26,0.05518853185653145,0.056729328435776,0.05692062855002741,0.05902570836910956,0.056638375322799014,2018-04-26 23:59:59.999,0.02199161372298727,0.018637991842556774,0.060270378218211275,0.02290812525507154
2018-04-27,0.05904494365106739,0.05755256957149509,0.0592364295456716,0.05561984482510772,0.04867106641062033,2018-04-27 23:59:59.999,0.019572913695943408,0.017496246740452085,0.04926730488209538,0.01938394819640127
2018-04-28,0.05562910922657011,0.05785808684855354,0.059051071811586,0.05982217439109201,0.04540769646679465,2018-04-28 23:59:59.999,0.018361770223417003,0.016761559159070145,0.048557512874005004,0.019220691605607555
2018-04-29,0.05983139756755835,0.05920347281338332,0.061916702380549374,0.060511797410125606,0.04986571489401314,2018-04-29 23:59:59.999,0.020385955022820496,0.020322721193979335,0.05152857276229298,0.020620673284661176
2018-04-30,0.06050197652759955,0.05815118778307144,0.061538670159716896,0.058831545493750664,0.0457264508457022,2018-04-30 23:59:59.999,0.018554478629506644,0.01864462722176804,0.04644808791263677,0.018436213974054337
2018-05-01,0.058840778388320185,0.05617915277274801,0.05837295517493915,0.05713633555696286,0.053637837702702605,2018-05-01 23:59:59.999,0.021054944567319562,0.01751398488289804,0.053357201574573486,0.0204878531584236
2018-05-02,0.057145585081599566,0.05635796691797219,0.06002858996713217,0.05884932028424124,0.03405155871848487,2018-05-02 23:59:59.999,0.013595939750589542,0.012226507407054105,0.03710580765973379,0.014481214601453032
2018-05-03,0.05885826161728997,0.0617760072993044,0.06196216380375141,0.06372680049885969,0.05067907025627418,2018-05-03 23:59:59.999,0.020902635001966017,0.01842322892531296,0.05614054437371693,0.022654867265999037
2018-05-04,0.06373598537081102,0.06164469507061796,0.06540054977103929,0.06337703535920618,0.03741529498033883,2018-05-04 23:59:59.999,0.015837317782045172,0.013665727727659862,0.039291560682113875,0.016260739167847583
2018-05-05,0.06338632079141526,0.0634315196380448,0.06697267602619163,0.06483408252942068,0.032561013657508915,2018-05-05 23:59:59.999,0.014076103038677013,0.013791274358082905,0.034574283336076796,0.014605080549085433
2018-05-06,0.06484315940984778,0.06296120363272084,0.06438771608931472,0.0628430146044672,0.03611185386641429,2018-05-06 23:59:59.999,0.015252893542562528,0.014923427723902004,0.03533662090984557,0.014593710311391887
2018-05-07,0.0628717310854045,0.060324329917271415,0.06208508524846082,0.05998729539564936,0.04412956697380374,2018-05-07 23:59:59.999,0.01803894621549689,0.015018359634399804,0.042063099306748265,0.016820291460991853
2018-05-08,0.05999651695227302,0.058311659604088,0.06090991721435812,0.05826382062808144,0.033276108738431225,2018-05-08 23:59:59.999,0.013481210003769976,0.012285700245364498,0.03477364098129315,0.013773132683286142
2018-05-09,0.058180203720411695,0.05750553797096269,0.059977860482014006,0.05945308038090502,0.03345979997854905,2018-05-09 23:59:59.999,0.013442194855256802,0.012494484751635785,0.036136582728860514,0.014188616790277867
2018-05-10,0.05946230717819615,0.05755369832990787,0.06002663883308916,0.05646341889839036,0.03264654596317186,2018-05-10 23:59:59.999,0.013205038326793152,0.014382480076124225,0.03333680763327382,0.013179110030933505
2018-05-11,0.05647277215341221,0.05399509930722452,0.053890322267834315,0.05061425013695331,0.06311686469963956,2018-05-11 23:59:59.999,0.023927740664610748,0.023873240343420952,0.06060873682850122,0.022504761908749768
2018-05-12,0.050681258299070255,0.05051551337343561,0.05205625626740838,0.051254725374630425,0.05261592308503103,2018-05-12 23:59:59.999,0.019292009194750305,0.020244607670393256,0.05201167830942169,0.01865973818314834
2018-05-13,0.05135630519540373,0.051611161539438365,0.053470828448587956,0.05333107344193762,0.03340633942236814,2018-05-13 23:59:59.999,0.012509946098864156,0.014022132997175826,0.034001064041309544,0.012447603220356715
2018-05-14,0.05334036029632517,0.05270822065345706,0.05326595937407229,0.05317207162754918,0.04886610116817608,2018-05-14 23:59:59.999,0.018300487940205837,0.019090051687633152,0.0489749564243055,0.017945582236506264
2018-05-15,0.05318165142889945,0.05252009425132747,0.05447858918180071,0.05121645615357419,0.036685973045249724,2018-05-15 23:59:59.999,0.01382035130693726,0.023534310429055447,0.037151287343278924,0.01368710254115919
2018-05-16,0.051225763752429314,0.04902103723491815,0.051373456909058327,0.04993434011818779,0.040635812114566405,2018-05-16 23:59:59.999,0.014662955747840494,0.01962291862607444,0.04155352483533918,0.014671765141399853
2018-05-17,0.049943660294644844,0.04879528555236264,0.05035876964999289,0.04713175102083633,0.03315251912491251,2018-05-17 23:59:59.999,0.01193926035383333,0.020275813661733363,0.03317969363404501,0.011701352262191251
2018-05-18,0.04711545662163213,0.047000653739247396,0.04970416417856427,0.04905832462400976,0.030570342556415504,2018-05-18 23:59:59.999,0.010815904385077412,0.011941054707321964,0.03281594997721734,0.011353986030553162
2018-05-19,0.04905017016523885,0.04810674292056833,0.05149754903419351,0.048996938462315495,0.02230877531551946,2018-05-19 23:59:59.999,0.008067925644483038,0.008674083049720146,0.02315268113083937,0.00817898719097881
2018-05-20,0.04900626783471471,0.050159201967802165,0.052162593072752214,0.05184760691099395,0.025942852226913362,2018-05-20 23:59:59.999,0.00953158210677873,0.01045315304022564,0.028224482818803347,0.010125164848104327
2018-05-21,0.05185681118918883,0.05003042944554446,0.05353911814009317,0.05043203425192415,0.027993589927917263,2018-05-21 23:59:59.999,0.01035097350061553,0.011957150429171072,0.02850798948686479,0.010300345036207453
2018-05-22,0.05049622745913999,0.04819497420316712,0.04993059328425514,0.04650671945358545,0.030879023198136964,2018-05-22 23:59:59.999,0.011071571323120134,0.012482462232866861,0.03134435377048785,0.010993376011472296
2018-05-23,0.04651617038416773,0.04473081463435282,0.0449541283508654,0.04189149024620513,0.05612601618439714,2018-05-23 23:59:59.999,0.018910556455808542,0.020015128664601686,0.055600804297099425,0.01834897797651324
2018-05-24,0.04190088932329316,0.04189791320788438,0.04341263490018826,0.04260112204579097,0.049465435414104066,2018-05-24 23:59:59.999,0.0162221239080408,0.01652544477406731,0.050589299415140496,0.016241499926396327
2018-05-25,0.04264917152320009,0.04113430814164037,0.04381417828623896,0.04145489088415499,0.03486211902805128,2018-05-25 23:59:59.999,0.011381583431801387,0.015561738064660918,0.03675998809834338,0.011739877740163718
2018-05-26,0.041464197115247785,0.040856351382493904,0.04373466957398646,0.040259803331170574,0.025294613196825938,2018-05-26 23:59:59.999,0.008283075679734082,0.013808881106881112,0.027545320429814057,0.008821409544151946
2018-05-27,0.040269606931362105,0.038786960959068396,0.04306260145287294,0.040308659722519014,0.024299000834581454,2018-05-27 23:59:59.999,0.007771999196786179,0.012888928482174744,0.027225938259774294,0.008510044806841435
2018-05-28,0.040318074327228344,0.039134994803008145,0.04137399249535313,0.03797763678818278,0.03549262088728136,2018-05-28 23:59:59.999,0.011212061220879869,0.01519166785577918,0.03830412378972376,0.011839277722873699
2018-05-29,0.03798707426030643,0.04010384577397554,0.04112941784306229,0.04149655965530505,0.051519100037624325,2018-05-29 23:59:59.999,0.016438809321746854,0.015452287156086982,0.05817617423351088,0.018149022641395906
2018-05-30,0.04157094194101333,0.04037662905706344,0.04334932060049272,0.04066774934242988,0.041833566168816665,2018-05-30 23:59:59.999,0.013569317502323232,0.01576237616477184,0.045766937900290086,0.014524151981753417
2018-05-31,0.04073650627390527,0.04159945067090578,0.044003048061601976,0.04172695202166388,0.04016945259651229,2018-05-31 23:59:59.999,0.0131719753471729,0.017885697512376626,0.04524138279575503,0.014504610382183628
2018-06-01,0.04173635271287749,0.040748649017274714,0.04427649949772931,0.04207662003131471,0.03685976909395539,2018-06-01 23:59:59.999,0.01205203152047022,0.019769225452841637,0.04175128365480574,0.013351529220787658
2018-06-02,0.04208601729227326,0.04158374211632796,0.045071196393445784,0.043232661323221455,0.03483678438341786,2018-06-02 23:59:59.999,0.011588912420680228,0.018919239945560985,0.041321217013192975,0.013440232785910396
2018-06-03,0.04321077168932962,0.04242429088104297,0.04666137063849593,0.04395365733312094,0.035868332305642035,2018-06-03 23:59:59.999,0.01206799919530593,0.022828529450178027,0.04191061685068045,0.013786832800262671
2018-06-04,0.04396303618027967,0.042178127483856416,0.04516387526048858,0.041746280892197354,0.042119243998959555,2018-06-04 23:59:59.999,0.013924908435990065,0.0200276767579616,0.047166350165758486,0.015253872868440764
2018-06-05,0.04175568139379409,0.04141593336562837,0.044300498446458295,0.04308667492919223,0.041414605263642185,2018-06-05 23:59:59.999,0.013555876024337488,0.01541983292509327,0.04605979566986946,0.014750790396404936
2018-06-06,0.04311199144565032,0.04159945067090578,0.04536435428340749,0.043415362858264014,0.03550649761394817,2018-06-06 23:59:59.999,0.01179712025054923,0.016780282753874207,0.04007104615181579,0.013021856440341279
2018-06-07,0.0434242613408607,0.04222026779793344,0.04685648404279656,0.043728509986906874,0.0326559656847422,2018-06-07 23:59:59.999,0.01099218805124565,0.01590079937267417,0.03832031561555391,0.012608380653415104
2018-06-08,0.04373789104276873,0.04164177911138494,0.04598822939365875,0.04287726264341245,0.030465995477646213,2018-06-08 23:59:59.999,0.010147901491692564,0.02099545667044818,0.03464664159978501,0.011278005699386319
2018-06-09,0.04288665205003971,0.041458167742906456,0.04519802010624119,0.04179222338346536,0.025131293525882527,2018-06-09 23:59:59.999,0.00837096493865394,0.018186063391128143,0.02828055455915169,0.00920274884327316
2018-06-10,0.0418016234343647,0.03964980270243577,0.03712822726106925,0.03473339756864177,0.068527903551212,2018-06-10 23:59:59.999,0.020977667333212026,0.0308075401033122,0.06917191273156457,0.020763243217733436
2018-06-11,0.03474296399591242,0.034290739948171174,0.03700325712561468,0.03577278572732889,0.04513488604976547,2018-06-11 23:59:59.999,0.01328873351157378,0.013224047980755561,0.0497985364930807,0.01434641181427347
2018-06-12,0.03578224482911648,0.033994534928018134,0.03529601483798417,0.03245093963564594,0.047988421608581446,2018-06-12 23:59:59.999,0.014017711863631818,0.014617871796064446,0.051354550075466236,0.014697694971841459
2018-06-13,0.032460431324856744,0.0315215193088236,0.032210101235565385,0.030146821712052276,0.06043232686718975,2018-06-13 23:59:59.999,0.0168582378409933,0.017367875146602464,0.06754668774162648,0.018458551321794733
2018-06-14,0.030156336004738334,0.03239066328666231,0.03358877255035365,0.03348032340405692,0.05818717455998515,2018-06-14 23:59:59.999,0.01649630737150954,0.016702169230288128,0.06346623484936695,0.01761066053789412
2018-06-15,0.033515932709382794,0.03188893017218269,0.03458687517005353,0.031080435297820008,0.0391730609328537,2018-06-15 23:59:59.999,0.011177883090570133,0.012008393951792722,0.043062256711041906,0.012024046929893499
2018-06-16,0.031003592706424235,0.030885652069625583,0.03418250263964046,0.03200394736330894,0.02899381006110858,2018-06-16 23:59:59.999,0.008175645686860756,0.009086987587767673,0.03387720568225829,0.009341077376253141
2018-06-17,0.031999068338154,0.03115871754231668,0.03516919112518875,0.031670111544095075,0.02579845682216039,2018-06-17 23:59:59.999,0.0073374047938677064,0.008383308907254217,0.029762182768924183,0.00827768585742518
2018-06-18,0.03162570427059919,0.03309030537618226,0.03475945297615743,0.0342231736645596,0.04154407870994125,2018-06-18 23:59:59.999,0.011886661976371919,0.011734766680357885,0.04701759051416723,0.013161074093916654
2018-06-19,0.03422225515976223,0.03353578869642513,0.03742275094486104,0.034502422422266865,0.03166868295623854,2018-06-19 23:59:59.999,0.009301372294434125,0.010402238001723359,0.03414168326000434,0.009807312921274859
2018-06-20,0.034500141371332026,0.03330523979061532,0.03643557467580201,0.03469959632770886,0.03436216431455694,2018-06-20 23:59:59.999,0.010017989674356416,0.010769089066235275,0.03627179156558184,0.010348915492963691
2018-06-21,0.03472557789599246,0.03309613729464828,0.037613669410969205,0.03428514260626994,0.033138066686089575,2018-06-21 23:59:59.999,0.009743975347728804,0.010355790347244504,0.04028696347146021,0.011584502530894507
2018-06-22,0.034283446461156476,0.03252206957854983,0.03026150366681498,0.027740134505627713,0.06828509655355997,2018-06-22 23:59:59.999,0.018694265141323028,0.01960143576466767,0.06746523233177086,0.018073637352182457
2018-06-23,0.027758608280581736,0.02806375603768172,0.031135026377868906,0.028759805273770624,0.03470804729181781,2018-06-23 23:59:59.999,0.009263333161057655,0.01103778907587957,0.04017553375421282,0.01049352333529784
2018-06-24,0.028769333173135146,0.028061874773660428,0.028613380740687554,0.02863343914028292,0.06208981346154212,2018-06-24 23:59:59.999,0.016211184899294986,0.01799061534010326,0.06914568131834932,0.01768243578393233
2018-06-25,0.028652486926187062,0.028910324847264877,0.03165685717767095,0.029750725561120024,0.051199962913541695,2018-06-25 23:59:59.999,0.013850062424672127,0.014205689923079532,0.058523439626163874,0.015490544446197636
2018-06-26,0.029760243739522803,0.02818171129181697,0.03139374675197155,0.027990535652538784,0.025180414400660038,2018-06-26 23:59:59.999,0.006796636060470337,0.007310611167041008,0.026068759369170646,0.006884215368106735
2018-06-27,0.02795257499309655,0.02740935834787394,0.03076938385820952,0.028601969019414343,0.024981106156974558,2018-06-27 23:59:59.999,0.006649276048716321,0.006394140473999957,0.027553482518916067,0.007171835143858649
2018-06-28,0.028621211372141103,0.027245500251619065,0.029364567347244984,0.025884757194419294,0.03991856136364892,2018-06-28 23:59:59.999,0.010551172203435776,0.010123092197083114,0.04367585110154283,0.011311590222811524
2018-06-29,0.025865465970303175,0.0284400088419409,0.0289060508471385,0.029225446506622323,0.04429215864269769,2018-06-29 23:59:59.999,0.011476621604978933,0.013821889078008147,0.04982662436750348,0.012642770138113482
2018-06-30,0.029234969838030506,0.03059396208312365,0.03286714562454776,0.031091799508133663,0.04956296133554375,2018-06-30 23:59:59.999,0.013776120405176125,0.015028936823043503,0.05331946101829067,0.014507066264137997
2018-07-01,0.031111114564588434,0.02976686435616091,0.03350097151841836,0.030768745119217372,0.03594434644366075,2018-07-01 23:59:59.999,0.009969958390442814,0.011885015316557519,0.04142791745547907,0.011240332687334922
2018-07-02,0.030817202059796323,0.03206144208293552,0.03370213343825231,0.03327936142851037,0.04734177646048389,2018-07-02 23:59:59.999,0.013430029965510262,0.015795881544947533,0.05046635315995855,0.013999187585821343
2018-07-03,0.033288844990875206,0.032008296374333924,0.0355692711607072,0.03229417181131913,0.050533626594002574,2018-07-03 23:59:59.999,0.014519456718529184,0.01516026477396745,0.05456732726977309,0.015347388854721037
2018-07-04,0.03227598325922549,0.03300132158797497,0.035355621982998006,0.033004386390921056,0.03069622998487762,2018-07-04 23:59:59.999,0.008892412444383276,0.0094636274790368,0.03252535440979862,0.0092241848799926
2018-07-05,0.03299978893857471,0.032315412725810476,0.035474836273025695,0.032443169235431474,0.04581841812357458,2018-07-05 23:59:59.999,0.013160043052267242,0.014084085102088924,0.051127834272547704,0.01437212759775246
2018-07-06,0.032452661000870166,0.031718487651853276,0.035198458135833846,0.033225842797033264,0.03835615923967575,2018-07-06 23:59:59.999,0.01095106690903279,0.012594146833452507,0.043330437953608796,0.012104141683244609
2018-07-07,0.033235424013467525,0.033313987668314345,0.036016763753470696,0.03465559643649446,0.031224824504316132,2018-07-07 23:59:59.999,0.008992975759717612,0.009414092073835872,0.034261994409978735,0.009650046455211071
2018-07-08,0.03463107133050577,0.03295504249305108,0.037563622822766096,0.034219676984463085,0.032078329200184066,2018-07-08 23:59:59.999,0.009445738446188961,0.009407522391448481,0.034933988103898854,0.010060925425869309
2018-07-09,0.03422915132230032,0.03316254591460003,0.03702510982689636,0.03373422123106451,0.034852190933616904,2018-07-09 23:59:59.999,0.010207818780979249,0.00953668234718459,0.03823646694012831,0.010957717824508236
2018-07-10,0.033750110848528116,0.032023816802509604,0.033618039560998736,0.03018693640315944,0.050405931796560687,2018-07-10 23:59:59.999,0.014207353237457334,0.012335235650565426,0.05125154059516199,0.014145455352228421
2018-07-11,0.030196450302319017,0.029437078773227737,0.03377403272773709,0.03097524350491672,0.0374598848846256,2018-07-11 23:59:59.999,0.010385718276590334,0.009835865683106378,0.04166242777911137,0.011303159055420592
2018-07-12,0.030984749670756796,0.029195148220089076,0.03173519520949765,0.029736835970736668,0.040867172669940194,2018-07-12 23:59:59.999,0.011071015982579556,0.009777789690801841,0.04272951215246675,0.011329283876638228
2018-07-13,0.02975441599653287,0.028910324847264877,0.03212542201809891,0.029387167961085835,0.034382642026287887,2018-07-13 23:59:59.999,0.009361374943330265,0.009368629871715127,0.03505280868246453,0.009339484907646292
2018-07-14,0.02939668970600104,0.028769230045667685,0.032788807592721056,0.029750628431117344,0.023084140678972676,2018-07-14 23:59:59.999,0.006297500525322082,0.006957227951423243,0.026091852481965935,0.006958441883669728
2018-07-15,0.029749559544041265,0.029333609252056463,0.03325122636091355,0.030731835718198666,0.029916875618490796,2018-07-15 23:59:59.999,0.008270111900184191,0.007413492393227551,0.03611782740340596,0.009760028446851308
2018-07-16,0.030752416983558274,0.03264745582556921,0.03427557173349186,0.03432894823747898,0.04730814602138603,2018-07-16 23:59:59.999,0.013520487593790296,0.013111772108755049,0.053622645446072974,0.014991538597804001
2018-07-17,0.03433822724526182,0.03943590298321443,0.03741338550145462,0.04009934456674191,0.06821678764138946,2018-07-17 23:59:59.999,0.020824815798481458,0.018002572162048314,0.07470370530173431,0.02228404300922587
2018-07-18,0.04010876122484005,0.04055610164469508,0.043006701462540806,0.04072544456402227,0.07792413910421078,2018-07-18 23:59:59.999,0.02517657801970285,0.021403762430824532,0.08310269900436686,0.02628646627066794
2018-07-19,0.04073466082195846,0.04044510706743861,0.04344199946753552,0.041544347616624,0.05390055799152291,2018-07-19 23:59:59.999,0.01741953048194392,0.015336529352421153,0.06038322875600549,0.019090676982857806
2018-07-20,0.041579489297398554,0.041608856991012265,0.043471266478180615,0.04029447874212762,0.060372884388509775,2018-07-20 23:59:59.999,0.019576178553321638,0.016374144988685693,0.06391554722607912,0.020286192971555074
2018-07-21,0.04030331071165386,0.03933694849569427,0.04286641492484865,0.04088940000854743,0.03768473290333995,2018-07-21 23:59:59.999,0.012090275480302335,0.010692026691831178,0.04368920616993381,0.013712563837747101
2018-07-22,0.04090337398151692,0.04050267374649027,0.04408099586662008,0.04085064513747781,0.039504285217917164,2018-07-22 23:59:59.999,0.012862868428439795,0.009365607817816927,0.04544885821424476,0.014475625361788317
2018-07-23,0.04085995729624194,0.04285989756517405,0.04446634484011383,0.04401922008493048,0.054463481118211865,2018-07-23 23:59:59.999,0.01827603434442187,0.014297139901912014,0.06057935820152941,0.01989076890309218
2018-07-24,0.04403481454810563,0.04900222459470519,0.047597914979138956,0.05058744225621341,0.07875719531341643,2018-07-24 23:59:59.999,0.027836130405375883,0.021297333576148797,0.087863931236929,0.030368815938155526
2018-07-25,0.05059675602571626,0.049056499061719584,0.05105142223526013,0.04843504139680714,0.06315710398728464,2018-07-25 23:59:59.999,0.022740174374370162,0.018118001481594773,0.06776168373716868,0.02386542588832563
2018-07-26,0.048444279152385854,0.047400234217370656,0.04910087353246673,0.04595201000827548,0.056537356439559976,2018-07-26 23:59:59.999,0.02010517193527404,0.015342047885626561,0.059540033982694224,0.020741941853225587
2018-07-27,0.04596136925152645,0.0471115542533028,0.0486612830325774,0.0485606304902734,0.057125834538313526,2018-07-27 23:59:59.999,0.020035343262724555,0.014797815396655086,0.061680142977215434,0.02116441965872732
2018-07-28,0.04856996414286866,0.0467497871820076,0.051217268628915666,0.04891486361005025,0.034172048683742726,2018-07-28 23:59:59.999,0.012218044475779266,0.009330065836101142,0.03714918187974059,0.012988332779600306
2018-07-29,0.04892419378760655,0.047201008357515416,0.05168554079923718,0.048778493086286415,0.0332726823322056,2018-07-29 23:59:59.999,0.011943553888970629,0.00934064302474484,0.037816316889861555,0.013269651554260263
2018-07-30,0.048787727472592364,0.04699867841202505,0.049256378915694315,0.048418335036346044,0.051894133886739094,2018-07-30 23:59:59.999,0.01835867339566188,0.013451950262774157,0.05502760415266254,0.019070879823249755
2018-07-31,0.048403193564306855,0.046123890642122446,0.046983307755591966,0.044115573047589826,0.06320873796155085,2018-07-31 23:59:59.999,0.021693561569579554,0.015568767624815426,0.06462701367383525,0.02170440483883696
2018-08-01,0.04417098947597032,0.04207917299633624,0.04500290670194057,0.042888335463718064,0.05569424279477347,2018-08-01 23:59:59.999,0.018396023141771106,0.013524019678563837,0.05898706184973682,0.019068683175142546
2018-08-02,0.04285401668929611,0.04169784077921956,0.045253822539871175,0.04212227113257469,0.04922907080242694,2018-08-02 23:59:59.999,0.01630058682380744,0.011396690824702743,0.05647065215116376,0.018298736141594198
2018-08-03,0.04213166794569436,0.04010384577397554,0.0435633600050105,0.04108366001390902,0.058438799718809546,2018-08-03 23:59:59.999,0.01887401271549592,0.014753798524659566,0.0622888825454735,0.01968460103508234
2018-08-04,0.04102983600439839,0.03967877416836373,0.040086048913564654,0.03711162568428088,0.04741800983319894,2018-08-04 23:59:59.999,0.014962217917385265,0.01295423112510541,0.047273682051226174,0.014613538267016475
2018-08-05,0.03712107165200292,0.035869778904445905,0.039659628568465624,0.0372510072381278,0.04295558021159007,2018-08-05 23:59:59.999,0.013113287017533296,0.009624913181647252,0.0487825476429899,0.014569626047930086
2018-08-06,0.03726045183851207,0.03652944413351331,0.03906170354098634,0.036382956404169595,0.042778509644173214,2018-08-06 23:59:59.999,0.013060559747243423,0.01151172596330596,0.04651470455450158,0.013896568295775534
2018-08-07,0.03639415784305907,0.0364397078396975,0.03758859733851658,0.034296992466596996,0.05944999032212113,2018-08-07 23:59:59.999,0.01805898252245637,0.016098940993477882,0.06393185873880544,0.01902418185586793
2018-08-08,0.034312002401807144,0.03240514901962629,0.03225224573089432,0.030071254569966628,0.0780068409452061,2018-08-08 23:59:59.999,0.021843547821943428,0.019935701204538126,0.08045565860693646,0.022069389698522564
2018-08-09,0.03006396627834796,0.03147646303551357,0.03279466099485008,0.032448899905589634,0.06800082017230118,2018-08-09 23:59:59.999,0.01900462541362622,0.016189011339009015,0.07534880753918922,0.020622352910873817
2018-08-10,0.03245839161481027,0.031035024432916482,0.031309750431420126,0.028701818662170198,0.07732889638630774,2018-08-10 23:59:59.999,0.021399133642485472,0.01888836243834025,0.08267077619776823,0.022424949249097118
2018-08-11,0.0287513642989162,0.030208397021959058,0.03076938385820952,0.029559865105852283,0.06167878157589137,2018-08-11 23:59:59.999,0.016609764824055216,0.015374370722972524,0.06945939388043436,0.018299514341193496
2018-08-12,0.029474198687767107,0.03006071779628733,0.03232053542239954,0.030297858866220904,0.05041526542219642,2018-08-12 23:59:59.999,0.013871098621991677,0.012367164306968147,0.05577121992739824,0.015022036830937769
2018-08-13,0.030309605645373487,0.03074455726802839,0.032467260702433616,0.029695847109605385,0.07057110568693176,2018-08-13 23:59:59.999,0.01950114560638216,0.015599645132036162,0.0786217297272319,0.021282329884825854
2018-08-14,0.029723820345835747,0.02797279692225206,0.02988161786864165,0.029129870583984425,0.06569379519670542,2018-08-14 23:59:59.999,0.017303939167201667,0.0164144171417204,0.06798277444010488,0.017537562135046193
2018-08-15,0.029139394852995666,0.03134656175484308,0.03273134669515452,0.0298979746451841,0.09017834331376659,2018-08-15 23:59:59.999,0.025087201108389905,0.021499942580975935,0.0989750026717129,0.026963232116432177
2018-08-16,0.029889133988650084,0.03013314646110722,0.03305806409065593,0.03033107732713773,0.06349584586602305,2018-08-16 23:59:59.999,0.017565961758457524,0.014899316989540279,0.06929814676969234,0.0187714493886601
2018-08-17,0.030381869658448607,0.03112081007228757,0.033836566573815445,0.03298020102025355,0.07577281552831616,2018-08-17 23:59:59.999,0.02138613862722359,0.01935277328630492,0.08633579098708918,0.023861318001747473
2018-08-18,0.03293675218523364,0.031450031276014354,0.03386193131637453,0.031071305077568022,0.07036925006265339,2018-08-18 23:59:59.999,0.01975375830623321,0.0179988274430875,0.07849505951471071,0.02158179717041589
2018-08-19,0.031080810301040804,0.030706931987602472,0.0339789993589549,0.03194129851157984,0.05912437176421594,2018-08-19 23:59:59.999,0.01650759585367881,0.012390749466738881,0.06755034357865732,0.018462018155437878
2018-08-20,0.031950795200387426,0.030603462466431197,0.033198545741752385,0.02977831048188137,0.06470600782194492,2018-08-20 23:59:59.999,0.01813067514972256,0.015432315321629314,0.07048428259037469,0.01934774812889635
2018-08-21,0.029750530834539587,0.03032127286323681,0.03334566124859506,0.03196528962224199,0.05436301885911559,2018-08-21 23:59:59.999,0.015144038659182882,0.011721955799702474,0.06181594767849452,0.016853419715374563
2018-08-22,0.0319745918175963,0.0339195665567695,0.03350292265246137,0.030808374160311132,0.10214806926751832,2018-08-22 23:59:59.999,0.0292896056682147,0.02131264093611142,0.10774679290952782,0.030286968099105954
2018-08-23,0.030834199643516955,0.031045465448234673,0.034391469095646436,0.03240247176430823,0.0527695713556079,2018-08-23 23:59:59.999,0.014819264764267762,0.012185709679428407,0.05891985854219785,0.016194905157834706
2018-08-24,0.032411866799940674,0.0324376948871947,0.035349671024166834,0.033923818996297414,0.05007061949311045,2018-08-24 23:59:59.999,0.014345538005543305,0.011694954405090295,0.056641707348056326,0.01588490492322279
2018-08-25,0.03398516314912193,0.033039699374009406,0.03739943489304712,0.034428895010237506,0.02497431414713077,2018-08-25 23:59:59.999,0.007335285257120289,0.007905298816747645,0.02608260944531396,0.007488658446027045
2018-08-26,0.03443836729563878,0.03291055059894744,0.03659351897658336,0.03410214968121933,0.02614041250642008,2018-08-26 23:59:59.999,0.007623542988259494,0.008449662699366867,0.026262479758641738,0.0074912404907764496
2018-08-27,0.0341116251720034,0.034464850933342124,0.03735933908846334,0.0361286700571513,0.049336085262748304,2018-08-27 23:59:59.999,0.014500234232735307,0.013355375931679509,0.05711450386350554,0.016427703776045403
2018-08-28,0.03612472185882467,0.03629428613085132,0.03944217467937258,0.03775530621204645,0.06328237800226579,2018-08-28 23:59:59.999,0.019310356216601286,0.016416322349612746,0.07055786531969546,0.021073408679990083
2018-08-29,0.03777339035067568,0.03628309260992462,0.03995278645842733,0.037319289630012395,0.056575497895889094,2018-08-29 23:59:59.999,0.017383294183024672,0.014559664410112161,0.0631406156787872,0.01899218684436523
2018-08-30,0.03734806224146068,0.03562295706485188,0.03870864583590436,0.0368688006775789,0.058500982476685344,2018-08-30 23:59:59.999,0.01765766991397448,0.015024535135843951,0.06510699121891703,0.019239454018503313
2018-08-31,0.03687824902742253,0.03586159540595326,0.039715333445393464,0.03712493249464814,0.052913209856723806,2018-08-31 23:59:59.999,0.016132590068750688,0.013204338933593388,0.0576757514904269,0.017206516644806612
2018-09-01,0.03713437833182993,0.037611170945758464,0.040893233067156365,0.03895874694526141,0.052723872773849496,2018-09-01 23:59:59.999,0.01639464523542728,0.014133554810465979,0.060035661265289655,0.018264160966026354
2018-09-02,0.038983326924434854,0.03827384619725994,0.042046938626786004,0.039949472972605454,0.05205511675537976,2018-09-02 23:59:59.999,0.016464883887472106,0.01367341425605311,0.05968821322662759,0.01847544610169606
2018-09-03,0.0399587939718992,0.03820640288209649,0.042677447592783496,0.03957076309215307,0.04229963500362071,2018-09-03 23:59:59.999,0.01342254446625202,0.011279684781383307,0.044990174432821585,0.013966421994079046
2018-09-04,0.03957999067755379,0.03888102416013319,0.04302416411222572,0.04050359963789936,0.04611910774786281,2018-09-04 23:59:59.999,0.014773000560639394,0.01189276754177464,0.05317842712128817,0.01666478166980549
2018-09-05,0.04051291520119165,0.03876156389478091,0.03770566538109696,0.03410214968121933,0.08348329658168767,2018-09-05 23:59:59.999,0.025680094400592917,0.02014658800917338,0.08399722626760044,0.025328645450246736
2018-09-06,0.03408510894139923,0.0324376948871947,0.0336375509014288,0.032315054761895515,0.07944531645675833,2018-09-06 23:59:59.999,0.022297682395891763,0.018309179239067854,0.08613474716008701,0.0236684489652522
2018-09-07,0.03233260949527763,0.03073515094792191,0.034174112763255535,0.03114492961960006,0.05086040344033066,2018-09-07 23:59:59.999,0.01429990587397454,0.012633367837305233,0.057127670324092855,0.015722744111345104
2018-09-08,0.031154434120813576,0.030114333820894262,0.03213517768831394,0.02910044019317215,0.04995142703805935,2018-09-08 23:59:59.999,0.013784295774423218,0.011738577096142571,0.052196109649142106,0.014112516946098533
2018-09-09,0.02911006187994636,0.02976629997695452,0.032433018299978855,0.029739167090801016,0.04842461168125405,2018-09-09 23:59:59.999,0.013318895978202017,0.011467774788134313,0.05537100939539541,0.014902879213080557
2018-09-10,0.029762769094818446,0.029135888403418256,0.033208301411967414,0.030333505577204753,0.04235675447791226,2018-09-10 23:59:59.999,0.01163517255861526,0.010717319969022634,0.049099423812432326,0.013198418873281305
2018-09-11,0.030342920909465908,0.029418266133014778,0.032707640416532,0.030167510402623283,0.043231773623947575,2018-09-11 23:59:59.999,0.011873847561541286,0.011246113704383739,0.04900142413701258,0.013172083352488994
2018-09-12,0.030158472843834647,0.029004388048329673,0.03292899657371106,0.030592065644341013,0.04103415017020428,2018-09-12 23:59:59.999,0.011246933144024638,0.010737291803480303,0.04578307790867807,0.012279236468745574
2018-09-13,0.03060157556916894,0.030650494066963595,0.03434386142499708,0.03203697156422042,0.05291013608826393,2018-09-13 23:59:59.999,0.014887906429286463,0.0140252207478979,0.05772082698351247,0.015899520578989412
2018-09-14,0.032046564443521934,0.03112071600908651,0.03481427984276591,0.03193255681133857,0.04858163867484211,2018-09-14 23:59:59.999,0.013770285346656702,0.012891162174186456,0.0530260855359686,0.014709690584697446
2018-09-15,0.031942053585902526,0.030936916514205895,0.0355997088517781,0.03230485611161403,0.03289453877667248,2018-09-15 23:59:59.999,0.009366519215945413,0.0091455891546632,0.036227476614950724,0.010089989441919639
2018-09-16,0.03231434923390918,0.030552856464258336,0.03466189627400711,0.03220811462894396,0.0359511407599509,2018-09-16 23:59:59.999,0.010171373378094033,0.009445100974704359,0.04062018354319971,0.011245472651173937
2018-09-17,0.03216982120775893,0.030639582735640082,0.03301318800766678,0.02971857553023268,0.047021980536947505,2018-09-17 23:59:59.999,0.013054771928908065,0.012795836082745413,0.04823948564588112,0.013114611225283172
2018-09-18,0.02972809402402836,0.029286577651524065,0.03324712897942324,0.03057098843375928,0.042595302359358087,2018-09-18 23:59:59.999,0.011724381792848878,0.010964931298203402,0.04824544969016535,0.012994001348761728
2018-09-19,0.030579915791056372,0.0304877647291215,0.03225224573089432,0.03110947716862157,0.05104159496334555,2018-09-19 23:59:59.999,0.014113195847036243,0.01288065068236663,0.05642178424684757,0.015280876774044725
2018-09-20,0.03112005043717299,0.030697525667495992,0.034222891114330696,0.032081845625458946,0.0328226998312454,2018-09-20 23:59:59.999,0.00921114139351712,0.009955236812085273,0.03605180122739234,0.009900810891596909
2018-09-21,0.032091340935494546,0.03300075720876857,0.03584233237002593,0.03467541095704135,0.06778800427676114,2018-09-21 23:59:59.999,0.019741329408286455,0.019074481540375037,0.07563587539478774,0.021570405831992708
2018-09-22,0.034684783695062955,0.033510297568936566,0.03716910351927022,0.034326034337398545,0.03829382459297055,2018-09-22 23:59:59.999,0.011236206243603908,0.009431895913105701,0.044029679802915306,0.012638594171717069
2018-09-23,0.034335507631866526,0.033032456507527404,0.037508113059242565,0.03417985368336396,0.039525339539924466,2018-09-23 23:59:59.999,0.011595140641318308,0.010918877824667791,0.045357798753586864,0.013017646215718702
2018-09-24,0.0341777700549391,0.03248472648772711,0.036486206604218016,0.03295009071942251,0.04612581326333797,2018-09-24 23:59:59.999,0.013363131827596996,0.012031979111563456,0.0496538453233063,0.014079996436752533
2018-09-25,0.0329598688990937,0.03111149781538216,0.034223086227735,0.03165000563354016,0.05269443778304443,2018-09-25 23:59:59.999,0.014770068272811967,0.014309556601624184,0.05673547628424046,0.015563742679389276
2018-09-26,0.03163590282083157,0.030866745366211555,0.03475652627509292,0.031820760178252985,0.04373100417640149,2018-09-26 23:59:59.999,0.012361299807071112,0.011962406175080985,0.05010936276999785,0.013858490035010164
2018-09-27,0.03185667715110007,0.0326728528898567,0.03528625916776913,0.03399656936830532,0.043208813972108226,2018-09-27 23:59:59.999,0.012364459272268707,0.01185413780933678,0.048942223049610815,0.013708452191137848
2018-09-28,0.03400594876578602,0.03328238243275657,0.03632894520035171,0.033466725203681616,0.055453782731219654,2018-09-28 23:59:59.999,0.016156768348792146,0.013776361179063527,0.06306670383385277,0.017990925148099947
2018-09-29,0.03347620692800144,0.03160053239771803,0.03558449000624264,0.033095688593441,0.039485535492121165,2018-09-29 23:59:59.999,0.01130569833222034,0.011094485434882754,0.04264749381736885,0.011952371075250262
2018-09-30,0.03311760647602111,0.0318450967204865,0.03625207051905725,0.03338892407153431,0.036209651610579395,2018-09-30 23:59:59.999,0.010447645839610244,0.009939535271179408,0.040416415122691715,0.011407205829688094
2018-10-01,0.03339840655908587,0.031892974889828486,0.03602769010411154,0.03324361758752384,0.026816579588093952,2018-10-01 23:59:59.999,0.007737909050992647,0.008381600789833495,0.02937563998462657,0.008289785683578547
2018-10-02,0.033237463723514,0.03163815767814395,0.035871599380671026,0.03241004790451732,0.03684226168013407,2018-10-02 23:59:59.999,0.010578569843197765,0.00953398877740576,0.040189089559483776,0.011291122195762237
2018-10-03,0.03241953999487741,0.030782182548454308,0.035247236486909014,0.03225667963028436,0.03711335335147835,2018-10-03 23:59:59.999,0.010515439147442091,0.009752956291377502,0.0406718254193053,0.011274895751900367
2018-10-04,0.03226627035424227,0.031670703545712366,0.035979789763355724,0.033070531922746685,0.026097023450671972,2018-10-04 23:59:59.999,0.00752223650827817,0.006219584012966977,0.029413109764951834,0.008288381342569632
2018-10-05,0.03305962043327131,0.032174317924213276,0.03635040767482478,0.03347711811396846,0.020866428582334035,2018-10-05 23:59:59.999,0.006028668351626028,0.005554535064891381,0.022783875563469377,0.0064332815742811226
2018-10-06,0.033486599736333465,0.03174162719931522,0.036581519502218884,0.03307519416287537,0.014085098872568192,2018-10-06 23:59:59.999,0.004080894017375612,0.003936028111933723,0.013761433685988983,0.003893129539561328
2018-10-07,0.033105756731941584,0.03163815767814395,0.036174025157337,0.033279070038502334,0.022589398417232055,2018-10-07 23:59:59.999,0.006499603592638624,0.005301142415209709,0.02324944615168873,0.0065379337658678805
2018-10-08,0.033288553603725714,0.03234927547819381,0.036778876710668956,0.03383999580398389,0.030106503950049563,2018-10-08 23:59:59.999,0.008745067426680717,0.008737874665701712,0.03276778664814148,0.00930603798815155
2018-10-09,0.033849473866506406,0.032065016484575985,0.03697399011496959,0.03368070259958739,0.019891024099950153,2018-10-09 23:59:59.999,0.005791079597222871,0.006556740113087885,0.020150366331538435,0.005732639916248009
2018-10-10,0.03369076499908067,0.03182581376426822,0.03622280350841216,0.03343195266272189,0.019938207595284866,2018-10-10 23:59:59.999,0.005762134566472989,0.006414375095753121,0.018049412557239814,0.0050992589831345995
2018-10-11,0.03343376153322478,0.031580967251896554,0.03305221068852691,0.029757330401302323,0.06375508532752922,2018-10-11 23:59:59.999,0.017588723542098693,0.01649456726684657,0.0650595221053292,0.017557050575318187
2018-10-12,0.02976713990206089,0.029004388048329673,0.03309123336938703,0.03019762070345433,0.03783934782084208,2018-10-12 23:59:59.999,0.010424242744049716,0.009586743326976508,0.042256268008719705,0.011391362822828772
2018-10-13,0.030207037368750723,0.02886329324673248,0.033833347202644484,0.030536798672815647,0.024813315375318876,2018-10-13 23:59:59.999,0.006856878593549479,0.007018260300802106,0.024997282575592215,0.0067542210197692595
2018-10-14,0.030546212010764615,0.029531141974292532,0.03405704472067516,0.03059905900453403,0.02024952508510082,2018-10-14 23:59:59.999,0.005642897991757691,0.006172873571192626,0.018870596902605802,0.005141852655393307
2018-10-15,0.030608568860756857,0.041420730588882675,0.0339789993589549,0.034612082195293464,0.11903041493584664,2018-10-15 23:59:59.999,0.03590213122345178,0.02987628762489952,0.1258504788720715,0.0371367232607955
2018-10-16,0.03462155268362222,0.034083800905828625,0.03758859733851658,0.03467783920710836,0.03593776082920752,2018-10-16 23:59:59.999,0.010601317922287478,0.011360426177924344,0.03775577770781756,0.010893779752166339
2018-10-17,0.03472120708875002,0.03324776717476472,0.03764722891650893,0.03449931426218107,0.034732561884311425,2018-10-17 23:59:59.999,0.010230216406021257,0.010287662740887259,0.03655078004730827,0.010530217852577295
2018-10-18,0.03449052559539865,0.033105543614754755,0.036583763306368325,0.03331500813949423,0.026152542695643766,2018-10-18 23:59:59.999,0.007661301653360134,0.008924847826446862,0.025831234963405444,0.007401307328445121
2018-10-19,0.03332449135216361,0.03171472512381069,0.036154513816906944,0.03244006107534568,0.027015262553380832,2018-10-19 23:59:59.999,0.007770601901268099,0.007238738841722949,0.031080170127362538,0.00873831821284887
2018-10-20,0.03244955287127555,0.03142792642376413,0.03598427737165465,0.03301817885130173,0.025000897871857133,2018-10-20 23:59:59.999,0.007177368801065433,0.007138354094843614,0.027836342561768403,0.007810744380116224
2018-10-21,0.03300163439052153,0.0318629687286888,0.03671058701916374,0.03303478808176015,0.008267505287000645,2018-10-21 23:59:59.999,0.0024145522736839734,0.004327121304455112,0.008797969478655758,0.00250044266153857
2018-10-22,0.03304437117244766,0.03162875135803747,0.03627421589044538,0.032948245249371566,0.021020463784930464,2018-10-22 23:59:59.999,0.006060190025705575,0.006538147911931568,0.022270946768654952,0.006273069998722699
2018-10-23,0.03295773205999738,0.031214873273352366,0.036080858506783456,0.03267929227194846,0.01792097476091836,2018-10-23 23:59:59.999,0.005152899037551238,0.005570105212149497,0.01929939869905627,0.005419809005448041
2018-10-24,0.032688781721012146,0.031544094477079156,0.03639382040728166,0.03279575114516273,0.015415892896617307,2018-10-24 23:59:59.999,0.004455811056563573,0.005821329866643331,0.014665454936329814,0.004139187623565865
2018-10-25,0.03281796335728892,0.031027593440032364,0.035957449278563314,0.03243238780513391,0.013300323071188488,2018-10-25 23:59:59.999,0.0038200195853966136,0.004822803840583766,0.014170525634706825,0.0039706556893475825
2018-10-26,0.03244226819253813,0.03126190487388476,0.03607656601188884,0.03253476282795946,0.012117911523144245,2018-10-26 23:59:59.999,0.0034822191711282743,0.0049819215480063775,0.012339505021952675,0.003458820890434797
2018-10-27,0.03254425369486189,0.030870131641449895,0.03556956383081365,0.03221394242910482,0.009926397862917047,2018-10-27 23:59:59.999,0.0028451911121559416,0.005564192498000845,0.010060962310835284,0.0028103060955433756
2018-10-28,0.032223436443266286,0.030454560419145627,0.03547161690185474,0.03206173971490402,0.007253110629938743,2018-10-28 23:59:59.999,0.002079695764239119,0.004565535078293533,0.007131519911975959,0.001989836307215595
2018-10-29,0.0320712352221793,0.030368398526970278,0.03412533441218038,0.030649178085917314,0.017882344165699556,2018-10-29 23:59:59.999,0.005010604996029183,0.008766124299967494,0.017293559708051933,0.004735887596156033
2018-10-30,0.03065868745047025,0.029333609252056463,0.03414494330931259,0.030516789892263398,0.011373209735564497,2018-10-30 23:59:59.999,0.0031730719635965233,0.006107373837790337,0.01198482317015965,0.003261821409393956
2018-10-31,0.03051794745726346,0.029644017815570287,0.03344263261053248,0.030915605683270717,0.01567539341129602,2018-10-31 23:59:59.999,0.0043513049678673395,0.00718716683498193,0.015962778901488364,0.004329761436540412
2018-11-01,0.030901704333150308,0.029781820405130208,0.03445371027161834,0.03128537960347648,0.011664948186155167,2018-11-01 23:59:59.999,0.003266877321183345,0.005745055854125721,0.012021116760997833,0.0032839068965620326
2018-11-02,0.03129488272687087,0.029948218207813834,0.034839449471920685,0.031518297349905,0.012507057314376234,2018-11-02 23:59:59.999,0.0035278516379256973,0.007051174409562935,0.013090982973363063,0.003603097553154717
2018-11-03,0.03151633696048819,0.02975661146724485,0.03441800451863133,0.031062854767334794,0.009774300759048574,2018-11-03 23:59:59.999,0.00274596130026583,0.005366313664492628,0.00955295874561687,0.002616833210664169
2018-11-04,0.031081198817240127,0.0305564308658988,0.03455458390164177,0.032022110673810264,0.013628661226540124,2018-11-04 23:59:59.999,0.0038473683449532178,0.00814949391108697,0.015104819033983764,0.004161213521669994
2018-11-05,0.03203160656984778,0.03036256660850426,0.035257187270528345,0.03185834948929045,0.011518785123011802,2018-11-05 23:59:59.999,0.003272347116588678,0.007363431413435631,0.012007207213685011,0.0033271172743131456
2018-11-06,0.031867846991830755,0.03061578474577069,0.035395327560773196,0.032345165062726555,0.015383047367253827,2018-11-06 23:59:59.999,0.0043722398059979255,0.009744284310626147,0.015153021789896436,0.0042064108042512245
2018-11-07,0.03238981850562877,0.03140441062349793,0.036017934433896504,0.03292163162863704,0.01846667071490915,2018-11-07 23:59:59.999,0.005316133798622499,0.009782716952592384,0.018688378909820554,0.005256565488333008
2018-11-08,0.03293111870034337,0.031205466953245886,0.03562009820252751,0.0319637355421991,0.017136188009835757,2018-11-08 23:59:59.999,0.004894118566413111,0.00941120141358542,0.016850852631481825,0.004702130832745593
2018-11-09,0.031973232010898654,0.03042972773406452,0.03486686290522493,0.03138241247615458,0.015200334320757687,2018-11-09 23:59:59.999,0.004295607965928631,0.0075479080948735715,0.015845406390525407,0.004373356621250988
2018-11-10,0.031391914647653195,0.03009128833663339,0.035061878752823405,0.031509264259655695,0.009844767626621204,2018-11-10 23:59:59.999,0.002792402803431452,0.006280156484578722,0.009761825738768461,0.0026993487746042977
2018-11-11,0.03153925941624857,0.0299651495840055,0.03451556122078164,0.0316720541441487,0.010500510040885633,2018-11-11 23:59:59.999,0.0029621082434291273,0.006325421596227846,0.009990170469962797,0.0027491324551620865
2018-11-12,0.03169029508873759,0.030293053902917373,0.03515943545497373,0.03170371852502263,0.01302428762673766,2018-11-12 23:59:59.999,0.003688261687655989,0.0079487244173283,0.01362737159271999,0.003765835433365598
2018-11-13,0.0316997166065713,0.030302460223023853,0.03486822869905503,0.03174830119625312,0.015204211294042185,2018-11-13 23:59:59.999,0.004303922379123335,0.009774833333727515,0.01633295847037005,0.0045147068955930176
2018-11-14,0.03177062081294877,0.030159860410209627,0.027704835173561662,0.02654941780276393,0.06081819758348089,2018-11-14 23:59:59.999,0.015955651857962546,0.02081656421903952,0.0543696366400002,0.013944776834939897
2018-11-15,0.026508363151142217,0.025049406696359286,0.025232260557561913,0.02490782362745593,0.06242490625283869,2018-11-15 23:59:59.999,0.015411736365601824,0.019818892251690316,0.06503107364907962,0.015730530143412278
2018-11-16,0.02495322993427957,0.023575906651679267,0.026654929945019966,0.023961194621328966,0.050617811337994686,2018-11-16 23:59:59.999,0.012489420425714133,0.014409941348503518,0.05553030195819734,0.013415263676481815
2018-11-17,0.023918611295467435,0.022387982485431966,0.026812776689099177,0.023692630163916595,0.034429870430263576,2018-11-17 23:59:59.999,0.008422569536651913,0.011119187440659345,0.03898051899066666,0.009332220652716532
2018-11-18,0.023723576163404467,0.0231552560165175,0.027315876602088354,0.02402005540295353,0.03105535521618036,2018-11-18 23:59:59.999,0.007667936711039686,0.010029539919886666,0.03419759788811744,0.008262060487047782
2018-11-19,0.024029047025126593,0.022457589254219916,0.01988205589823431,0.016716170591366306,0.09251135961241304,2018-11-19 23:59:59.999,0.021054967118012413,0.02472447409035521,0.0928051145098944,0.02068843712584213
2018-11-20,0.01675854912899038,0.016665553585454067,0.01472130635448262,0.013305256287225072,0.15405173895162025,2018-11-20 23:59:59.999,0.0313243500923542,0.03906438262460914,0.1600129861015163,0.0318736518492798
2018-11-21,0.013325134346473498,0.014210127784858646,0.01557834198287314,0.014298022044625408,0.08000728625315963,2018-11-21 23:59:59.999,0.016049088632349932,0.019693739802210515,0.08401599174465153,0.016511224370518503
2018-11-22,0.014307788943625423,0.013594672260291693,0.0148091073864179,0.011470859056595707,0.04510721505780677,2018-11-22 23:59:59.999,0.008960084633696784,0.011705991471501113,0.045496782281612164,0.00886164402336526
2018-11-23,0.011489298175595908,0.011358131528574053,0.013715886982121464,0.011962434000163176,0.0646223301871367,2018-11-23 23:59:59.999,0.012271057624563049,0.014833160287899251,0.06876831008787908,0.012803543743269075
2018-11-24,0.011923756415495153,0.011762603293152672,0.009830691318985146,0.0072208386592951465,0.08082424892646513,2018-11-24 23:59:59.999,0.014757226489487865,0.017929780081196018,0.0805562785017579,0.014457521418372017
2018-11-25,0.007242621858834383,0.008997145181847688,0.008152423371893265,0.008710230120402354,0.13342393462908475,2018-11-25 23:59:59.999,0.022747836319103886,0.027988029513115586,0.14185543405713946,0.02370616858422199
2018-11-26,0.008748219260282637,0.008743174538972734,0.008624012470087893,0.006538597520465289,0.12397051596807004,2018-11-26 23:59:59.999,0.02131501517196274,0.027013614221417744,0.12856638181599844,0.02167685709854382
2018-11-27,0.006570197446846365,0.006241093390649176,0.008508115107933319,0.006664963653952999,0.08843459646824527,2018-11-27 23:59:59.999,0.014693682132153142,0.01882726439213751,0.09678200629306064,0.015768536171979847
2018-11-28,0.006678787724558717,0.010515983689440941,0.010314377448246412,0.010449537078407227,0.12065510087528744,2018-11-28 23:59:59.999,0.021857091531552967,0.025264436285774877,0.1261301291129986,0.022374233719166116
2018-11-29,0.010432145597222733,0.011041891046594206,0.012766757826901044,0.010750542956714987,0.0969813234304288,2018-11-29 23:59:59.999,0.01808435746247414,0.020658234873503396,0.09849045724177288,0.017994941592743036
2018-11-30,0.010759081978957766,0.010016414028585802,0.010984884662125528,0.008278390128483568,0.08879994476666889,2018-11-30 23:59:59.999,0.01590858174449547,0.018785678302625324,0.09006149150011267,0.01582376223275228
2018-12-01,0.00828763330597855,0.009627274565780747,0.011180095623128314,0.009722713268346887,0.058663116005644354,2018-12-01 23:59:59.999,0.01060331296557103,0.0133574125332196,0.059695927479276004,0.010570920312738038
2018-12-02,0.009741752311015754,0.00974955672716498,0.012546182123339182,0.009440939130569918,0.050868117990586596,2018-12-02 23:59:59.999,0.009272584770963955,0.011558305011432561,0.05224254857316265,0.009334983599179154
2018-12-03,0.009446188612376512,0.008489203896097787,0.009853226917181872,0.006750438056312091,0.0642573604825477,2018-12-03 23:59:59.999,0.011112826105726132,0.01346660065449804,0.06181544162514333,0.01047853437932107
2018-12-04,0.006767466547055477,0.0076050098060887125,0.009404466087290418,0.0074073282644422575,0.06346204734694752,2018-12-04 23:59:59.999,0.010919145845113545,0.014365398901917008,0.06372247283734984,0.01074914367026776
2018-12-05,0.007410655115044011,0.006523282993843561,0.00905326195954928,0.005641504815705536,0.05756476095581051,2018-12-05 23:59:59.999,0.009644029279302468,0.012932945354170264,0.05456027184079535,0.0089625705532481
2018-12-06,0.005637661439407839,0.005864746523188927,0.006663122756866549,0.003105537575712837,0.08961568337838119,2018-12-06 23:59:59.999,0.014529299258426751,0.019141360907078676,0.08700449627359619,0.013853758847421023
2018-12-07,0.003115317144316572,0.0025725344859210894,0.003976411179646859,0.002083729947510951,0.1248128708459159,2018-12-07 23:59:59.999,0.01840246678098715,0.027025571043362798,0.1273338121684431,0.018403079831071555
2018-12-08,0.002093713798181955,0.0020552809432657845,0.003951046437087782,0.002155411889489367,0.07250426168454402,2018-12-08 23:59:59.999,0.010703646732190842,0.016522554113816857,0.07823334528747271,0.011328676296412713
2018-12-09,0.0021693773280012027,0.0035885111206219455,0.005629411940881811,0.0034612276455298838,0.060131693544388166,2018-12-09 23:59:59.999,0.009198219408251237,0.012640988668874606,0.06229663173893512,0.009333038303255242
2018-12-10,0.003501307988349557,0.003137007755510929,0.0053959587526361055,0.0023686122453736996,0.053599415672564495,2018-12-10 23:59:59.999,0.008103950942455826,0.01251169731949075,0.054864650709055454,0.008138593404493086
2018-12-11,0.002389374625871042,0.0019141861416685849,0.004949246613489812,0.0018587768613022373,0.046934679327623526,2018-12-11 23:59:59.999,0.0069205984354088375,0.010518915560923424,0.04906988365391826,0.007095549287413365
2018-12-12,0.0018573016908904894,0.002027061982946339,0.0051997722246118205,0.002486333808622815,0.0443074700907756,2018-12-12 23:59:59.999,0.006599126627027953,0.009848873654233412,0.04822544373018244,0.007042707160292181
2018-12-13,0.002509523260513416,0.0017260597395389946,0.004277861389291336,0.0010979575503036257,0.05235239936258242,2018-12-13 23:59:59.999,0.007663574490325196,0.010400989762069756,0.05234617097078541,0.007516375477551436
2018-12-14,0.0011077568133357404,0.0005539381910705798,0.0035120412774113617,0.0003414119594229714,0.05820670567667261,2018-12-14 23:59:59.999,0.008252452289718855,0.011981261163532797,0.06001952647947644,0.008347058317918364
2018-12-15,0.0003611258072759513,0.0,0.003309708677151607,0.00022048510608538643,0.03888075966069625,2018-12-15 23:59:59.999,0.005417381145854919,0.009043364896715396,0.04266763069665323,0.0058334392811615005
2018-12-16,0.000230195848102209,0.00016461060186339152,0.0035998423093466445,0.0003851204606293221,0.032086035865917545,2018-12-16 23:59:59.999,0.004528676287543066,0.008107776427927036,0.03483562348605589,0.004825402028820564
2018-12-17,0.0004002688143583122,0.002901849752848941,0.0038925124157975916,0.0031087428658013033,0.08748993859774888,2018-12-17 23:59:59.999,0.013042597677659439,0.018504298805973367,0.09209831616866,0.013445910136578173
2018-12-18,0.003118036757711877,0.0037821872516143606,0.005926276985525218,0.004506443604377845,0.0803988637528859,2018-12-18 23:59:59.999,0.012344356684196015,0.019333261329614368,0.0854490366710924,0.012862141959986537
2018-12-19,0.004516403688145425,0.005984583041345484,0.007858680141718671,0.004596191726854888,0.12348723431734175,2018-12-19 23:59:59.999,0.0201359206603718,0.02837268441689733,0.12823080637104414,0.020486625914265744
2018-12-20,0.00458449115207777,0.007934231009815496,0.007980138235895815,0.008359008030708617,0.13322650649948703,2018-12-20 23:59:59.999,0.02284594997871262,0.0327402092680349,0.14068325601986548,0.023630465715917565
2018-12-21,0.008390492969750807,0.008122263348744017,0.009238619693634882,0.006309953494154717,0.10797922164650943,2018-12-21 23:59:59.999,0.018599363875444707,0.02851465525328885,0.11024169185273199,0.018612852838209022
2018-12-22,0.006335145146252552,0.006607939874801884,0.009443488768150543,0.007380811773710402,0.056009883977348955,2018-12-22 23:59:59.999,0.009396736609277957,0.016226787012736513,0.06016804816899842,0.00989527501164169
2018-12-23,0.007390549401728758,0.007007990668930458,0.01027272073642823,0.007194322168563291,0.05245314467156437,2018-12-23 23:59:59.999,0.009034328715804977,0.01683573087322379,0.05380210215389584,0.009084199965780158
2018-12-24,0.007204061626051021,0.008667923978120898,0.010807624134318405,0.007954850089553864,0.08470956976240167,2018-12-24 23:59:59.999,0.015096548961480494,0.026163760107784838,0.08824821979837026,0.015415434643899878
2018-12-25,0.007984979186701553,0.006993598999167544,0.008091450433049319,0.005407907159258235,0.08218197319711008,2018-12-25 23:59:59.999,0.013433463953905149,0.023271391739912058,0.08402497303343509,0.01345256037585104
2018-12-26,0.005415430173391862,0.005273653367697757,0.008192226506370595,0.005718237517823355,0.05575612878111719,2018-12-26 23:59:59.999,0.009088659327299926,0.0174486165431435,0.05934048425774278,0.009483236245559249
2018-12-27,0.005727991455751737,0.005055708930830627,0.0070045712143926575,0.003680158671572377,0.05768651800169968,2018-12-27 23:59:59.999,0.009215239932805213,0.017119278365063585,0.05922640950519038,0.009285691505418673
2018-12-28,0.003689738345023945,0.005744910005032383,0.0070537397922764145,0.0063157812943155645,0.06014143964915862,2018-12-28 23:59:59.999,0.009714696239327173,0.016351085403505952,0.06509867265272173,0.010303926579541375
2018-12-29,0.006323004015023531,0.005789590025538159,0.008321586693421916,0.0049176920357283035,0.050818437494864,2018-12-29 23:59:59.999,0.008430174008823012,0.015944027882783204,0.05194821442145919,0.008454250681702398
2018-12-30,0.004940954764961779,0.005897762706762677,0.008203543083820035,0.00595300073430282,0.04338625644545422,2018-12-30 23:59:59.999,0.0070995205220159285,0.014241494692090812,0.0463577623371521,0.007439551436832729
2018-12-31,0.005974504984225755,0.005018271776806839,0.007934579255991614,0.004991316577760335,0.03913814660131337,2018-12-31 23:59:59.999,0.006348331442334838,0.012361185895995622,0.041277837912200355,0.006565690980688539
2019-01-01,0.004984857095485913,0.005019776788023872,0.008048427927401035,0.005906669723024081,0.030919503271418753,2019-01-01 23:59:59.999,0.004991396016429617,0.009990778793801058,0.03432692918795551,0.005434180191935183
2019-01-02,0.005909719907987707,0.005696843709288274,0.009106430362221203,0.006503242199489487,0.045929520027643576,2019-01-02 23:59:59.999,0.007609726073448052,0.014215807233956114,0.04767677024060731,0.007745793732125881
2019-01-03,0.006503372660561849,0.00551436109922257,0.00890692690632381,0.005611783034885215,0.03836911638065388,2019-01-03 23:59:59.999,0.006337461089440441,0.012985568510093266,0.039327811043269545,0.006367623160677459
2019-01-04,0.0056256174372286485,0.005146573983059219,0.008649084542540528,0.005856842031648844,0.03851718959560125,2019-01-04 23:59:59.999,0.006301798565771559,0.012487586585129025,0.04142596775650084,0.00664583342953117
2019-01-05,0.005847945832294456,0.005309773636906635,0.009111795980839471,0.005652383376005779,0.03979416806402887,2019-01-05 23:59:59.999,0.006580019994714378,0.013239223947070436,0.039636924777341306,0.00642397314696146
2019-01-06,0.0056636920247628494,0.0070661217271884985,0.009004483608474126,0.007756607754082372,0.0477669758244296,2019-01-06 23:59:59.999,0.00808625081321967,0.01565837809257944,0.05261723228587121,0.008727821002380145
2019-01-07,0.007766535953629035,0.006973845726943935,0.010775430422608805,0.007638594800825217,0.04160773777232588,2019-01-07 23:59:59.999,0.007206261007027609,0.014391940418762067,0.04362774598936456,0.00740535695025161
2019-01-08,0.007661053805511311,0.007462033740470227,0.010594657853524272,0.007441226635377857,0.05085400623650919,2019-01-08 23:59:59.999,0.008806578183712664,0.015816181863524573,0.05335135655268818,0.009055405869005566
2019-01-09,0.007454071800318984,0.006869529636963079,0.01085845117613872,0.007553120398466125,0.03782010739266453,2019-01-09 23:59:59.999,0.006541395496135398,0.013604958165576494,0.03983820298239747,0.006753169684549928
2019-01-10,0.007557125722190902,0.006767941379813097,0.007053349565467812,0.0038547012863897542,0.07781182155694631,2019-01-10 23:59:59.999,0.012643570753056225,0.024479096453186154,0.07534206567018473,0.011996674473499098
2019-01-11,0.0038644735056719975,0.0035885111206219455,0.006321674299340448,0.004004572880526212,0.050113986222089554,2019-01-11 23:59:59.999,0.007820676996863249,0.017267950277490247,0.05297607034913002,0.008104654690191393
2019-01-12,0.0040143436295630094,0.0032140455171829965,0.006955792863317496,0.0038279905356525395,0.028629153799161693,2019-01-12 23:59:59.999,0.00446229018631774,0.011400107059544185,0.030928233770612688,0.0047289400228779505
2019-01-13,0.003847184534801866,0.0031473547076280584,0.006090464915244204,0.002795304347150397,0.03439635994873109,2019-01-13 23:59:59.999,0.005262405587547942,0.011888497248222836,0.03639051269639649,0.005463332813344164
2019-01-14,0.002812371637890075,0.003718976780498817,0.006341380753174815,0.0042452610271692046,0.04603307058817877,2019-01-14 23:59:59.999,0.007137631951202473,0.014932822369715973,0.04899726981762932,0.007448757856875359
2019-01-15,0.0042549322859972635,0.0034983985740018736,0.006825261995840375,0.0035359206175914065,0.04459027430571638,2019-01-15 23:59:59.999,0.006974649462706139,0.01507945768060254,0.04581943990270301,0.007027859515313713
2019-01-16,0.0035456959641228594,0.003466228959237712,0.00708759196792258,0.0039125907679875074,0.035835485861063804,2019-01-16 23:59:59.999,0.00558433067637049,0.013336849427347065,0.037701571747650216,0.00576088865807427
2019-01-17,0.0039223624193719595,0.0033693438621409735,0.006959597574701361,0.004149296584520588,0.038827371347307155,2019-01-17 23:59:59.999,0.006054127234687413,0.014167125887465546,0.04257669588927457,0.0065104677590183254
2019-01-18,0.004130995618411432,0.003231070956575724,0.0073045580735048785,0.003942021158799783,0.02956740461018352,2019-01-18 23:59:59.999,0.004622098950290941,0.011524142663018128,0.03350478826010311,0.005136985604853067
2019-01-19,0.003951792521471098,0.0041717029672236755,0.007582399561228977,0.004626107767680576,0.02885486701798022,2019-01-19 23:59:59.999,0.004602313613165287,0.011359046544622992,0.030905975314398832,0.004832735394757676
2019-01-20,0.004640243226681426,0.003924598938026463,0.006419231001490763,0.003402075473897287,0.03639008314636731,2019-01-20 23:59:59.999,0.005656637189283936,0.013322527519742553,0.036878052836639946,0.0056231779398219755
2019-01-21,0.003411657875354482,0.0026620826533347783,0.0064241088365982815,0.0032818285305784706,0.025531767913659104,2019-01-21 23:59:59.999,0.0039130436746300104,0.01042424643772112,0.027769660665739947,0.00417556595837173
2019-01-22,0.00329141211166227,0.003122898275351206,0.006027540842357244,0.0037094919323819725,0.03827640434809424,2019-01-22 23:59:59.999,0.005887807829082287,0.012701232656366981,0.04164487755010858,0.006286660722705318
2019-01-23,0.0037142148655816484,0.0031180069888958398,0.006804579974984508,0.003533589497527072,0.03249371953834531,2019-01-23 23:59:59.999,0.005029596581974536,0.012530946488885806,0.03490746321774168,0.0052993950508955
2019-01-24,0.003544821802674368,0.002939475033274859,0.006948183440549774,0.003696767902030794,0.027085810896105567,2019-01-24 23:59:59.999,0.004183337714367973,0.010511886000768916,0.0291412318040956,0.00441526224430448
2019-01-25,0.003701199572904143,0.0029220733410778715,0.006882722893406912,0.003654710610870013,0.022854383211649763,2019-01-25 23:59:59.999,0.003530456847343806,0.009937301579167696,0.02571046074424532,0.003897301077143205
2019-01-26,0.003678082859044085,0.003634978341947953,0.007102127916542973,0.003654322090859287,0.025310979594272844,2019-01-26 23:59:59.999,0.003943117425135644,0.008751868089186855,0.02707949097054572,0.00413693450619422
2019-01-27,0.003667690050712047,0.002845411832210064,0.0065265433738561085,0.003514357756996274,0.029596532906740265,2019-01-27 23:59:59.999,0.0045673412389845075,0.010623307814059069,0.030722662747867002,0.004651691710710221
2019-01-28,0.0035164601201233825,0.0026455275299473724,0.0054950763620208246,0.0023809477557141592,0.05283130176990884,2019-01-28 23:59:59.999,0.00791790175235647,0.016992220707691442,0.05411537931283124,0.007953280140755777
2019-01-29,0.0023892774968212044,0.0015703851417767575,0.005198991770994615,0.002156480319518858,0.03855055588741692,2019-01-29 23:59:59.999,0.005701045852260626,0.01231795738588659,0.041551416225446405,0.006026968447704723
2019-01-30,0.002156556293423359,0.0018953735014556258,0.005561707589589487,0.002614351152156087,0.031217438822541733,2019-01-30 23:59:59.999,0.004669131922826408,0.011737854431079959,0.03540822827831843,0.0051955345411458295
2019-01-31,0.002617530763926776,0.0020007242866482006,0.005870962335405995,0.0023804621057007536,0.0386324272065313,2019-01-31 23:59:59.999,0.00578038125036152,0.012873095547621132,0.04074952963810908,0.005979645290200138
2019-02-01,0.0023902487873195266,0.001989436702520421,0.005699262539621434,0.002652134723198918,0.032916655870767954,2019-02-01 23:59:59.999,0.004929937322805107,0.01086408667355695,0.035965992325110406,0.0052851268702802
2019-02-02,0.002663181417347886,0.0023506393946092427,0.00608061168832702,0.0030668798346458817,0.023265250633473046,2019-02-02 23:59:59.999,0.0035017761878585072,0.009925541847694265,0.025569077820729633,0.003777075123379854
2019-02-03,0.0030697636199452927,0.0022066286337790383,0.005941203160954214,0.002613671242137329,0.02582487273647663,2019-02-03 23:59:59.999,0.003883559077907479,0.00896360895253247,0.026874846707970124,0.003965256128217014
2019-02-04,0.002623455635966533,0.0019600889837882093,0.006012517110226094,0.0026633046735072066,0.03011776210004277,2019-02-04 23:59:59.999,0.004526162524972018,0.010086630459833094,0.032907077051137545,0.004851635384008556
2019-02-05,0.002673088580430763,0.0019044976319589138,0.006160022843877372,0.0027446024857510284,0.032921835343231565,2019-02-05 23:59:59.999,0.004953724828504541,0.010505776196148642,0.03625815350142244,0.005351637220699013
2019-02-06,0.0027541913370406207,0.0019397713323582103,0.005492442331062768,0.0021014076079988453,0.04613173709073987,2019-02-06 23:59:59.999,0.0068438263893806535,0.01345937400387191,0.04803012327937028,0.006986632760292106
2019-02-07,0.0021270290622743826,0.0014104776999666058,0.005589999033213083,0.0020337079961303406,0.024244552293558992,2019-02-07 23:59:59.999,0.003586375360923425,0.009595415307727865,0.026461670369531395,0.0038417344250442718
2019-02-08,0.0020434980794187332,0.0042994407942696725,0.005425128206579047,0.004565304386002403,0.06277630218262246,2019-02-08 23:59:59.999,0.009684903696001673,0.018072473582650152,0.0679035600885878,0.010270460637809644
2019-02-09,0.0045870165073733996,0.003795638289366625,0.007883849770873454,0.004624942207648405,0.032258329225367324,2019-02-09 23:59:59.999,0.00512534052378873,0.012486075558179925,0.03509813789340959,0.005468441751167813
2019-02-10,0.004634706870840992,0.003842387700295831,0.00773390511966842,0.004769471651637415,0.030273745103169474,2019-02-10 23:59:59.999,0.004793688730677659,0.011099215606201675,0.033062155137540156,0.005134120725158135
2019-02-11,0.004776223896446441,0.0038415411314862494,0.00779019533680915,0.004293437508498879,0.03251445897914017,2019-02-11 23:59:59.999,0.005139273600368842,0.011199534656257136,0.033777279925533636,0.00523473334914939
2019-02-12,0.004303205423763848,0.0036788117936441475,0.0074664046423722555,0.00429741983860879,0.03846464832529728,2019-02-12 23:59:59.999,0.0060574083810950195,0.012931959901812156,0.03984296016624325,0.006152540125031201
2019-02-13,0.004307673360056122,0.0037013869618996997,0.007558205499095701,0.004083151052694967,0.03359191799835446,2019-02-13 23:59:59.999,0.005289231208772734,0.010875255133615515,0.036018036048588865,0.005562525557209075
2019-02-14,0.0040826253515950164,0.0032912714052571942,0.007327581455212354,0.003900158127644361,0.028305111112188298,2019-02-14 23:59:59.999,0.0044312998694308655,0.010055687255788481,0.029929022515355192,0.004595027615759881
2019-02-15,0.003910027030043277,0.0035436429737140396,0.007379676734160616,0.004015839960837181,0.027022195211744135,2019-02-15 23:59:59.999,0.00423494607018974,0.00979559353007167,0.028779420590666988,0.004424700732936826
2019-02-16,0.004025804857443201,0.0034963291835784435,0.007618300427620288,0.004170665185110355,0.02542861678387364,2019-02-16 23:59:59.999,0.004003420637854804,0.009673200347194575,0.027743239433147722,0.004284302102303199
2019-02-17,0.004168875947845971,0.003984611260305804,0.00768161472731585,0.004648253408291794,0.03348176365977218,2019-02-17 23:59:59.999,0.005293565310755663,0.011651857288629011,0.03455378902132006,0.005359558910810376
2019-02-18,0.004658406359000035,0.006099998589051983,0.008175251640196446,0.006892150730223361,0.08391391330686866,2019-02-18 23:59:59.999,0.013852243840578427,0.025711240384941342,0.09041107687950038,0.014633699966467146
2019-02-19,0.006889752020794157,0.006753925962854443,0.01013614135341779,0.006981413202687005,0.06572065671803738,2019-02-19 23:59:59.999,0.011229390645764661,0.02168836107184631,0.07192691005552015,0.012044723461253544
2019-02-20,0.006986881070626318,0.00668300230925159,0.010279159478770145,0.007583133569294485,0.04730849286936652,2019-02-20 23:59:59.999,0.008107594454136413,0.016294323347678892,0.053097095307920984,0.008920144068685559
2019-02-21,0.007592869212529135,0.006960488752392732,0.010575439183200662,0.007268140970600689,0.04060052614140465,2019-02-21 23:59:59.999,0.006970574507764964,0.01362670381427876,0.04435997046388228,0.007465566423615512
2019-02-22,0.007277879703923455,0.0066925967557601995,0.010825379454109767,0.007507954947219557,0.031184437844742067,2019-02-22 23:59:59.999,0.005368740806811473,0.011656915944067302,0.03436141524753425,0.005798441053850413
2019-02-23,0.007517691327959049,0.008329484580689772,0.010888791310507469,0.009020851868975513,0.043959019954552515,2019-02-23 23:59:59.999,0.007718881835826458,0.015071508364913798,0.047326632765414385,0.008138544817433343
2019-02-24,0.009032904505340687,0.008667923978120898,0.00873776358479516,0.005386247168660423,0.08152259444660699,2019-02-24 23:59:59.999,0.01392374906319786,0.026832225290701877,0.0806704753403351,0.013513434775191404
2019-02-25,0.0053960043634254315,0.005607671794678845,0.009004483608474126,0.006205635871275553,0.049804064411096895,2019-02-25 23:59:59.999,0.008262996966650005,0.01711816151905773,0.054328481651331924,0.008835684516188422
2019-02-26,0.006220435738400774,0.005314664923362009,0.009365443406430293,0.006024099896265157,0.03762195357009363,2019-02-26 23:59:59.999,0.006238701121837688,0.013910908274357295,0.03932015209600668,0.006390903514069276
2019-02-27,0.006034627866071861,0.005289644111878773,0.008391534848863694,0.006109962818634976,0.041122712354783014,2019-02-27 23:59:59.999,0.006790192500975099,0.01310474254860054,0.04312038927619166,0.006981029271384115
2019-02-28,0.006119421526575332,0.005751964745112241,0.009237351456506927,0.006067419877460789,0.04251784359825145,2019-02-28 23:59:59.999,0.007084490392695109,0.015221691304289556,0.04496939011438567,0.007345430050871595
2019-03-01,0.0060827067457387765,0.005460368821811376,0.009716745090873578,0.006157847909956604,0.030173767801378253,2019-03-01 23:59:59.999,0.005031597241422603,0.011674785480161005,0.033939430408277495,0.00554906443912352
2019-03-02,0.006159535824156015,0.0053127836593407085,0.009319103972908895,0.006128028999133596,0.025270618112309122,2019-03-02 23:59:59.999,0.004191256994327549,0.009703486583000447,0.027201036163966526,0.004423740479907374
2019-03-03,0.006138167433192933,0.005253429779468827,0.009407587901759232,0.006009724655868402,0.02168382714901827,2019-03-03 23:59:59.999,0.003596704598458222,0.008246790907244231,0.023478979508342768,0.003819790705955127
2019-03-04,0.006015299185155261,0.005206398178936429,0.008328318105870286,0.005111757781084518,0.045385622486414666,2019-03-04 23:59:59.999,0.007372849583468873,0.014220865889394405,0.04794743222753873,0.0076358893458636735
2019-03-05,0.005129287992586329,0.005649435855951616,0.008648889429136226,0.006495180409266978,0.04304458534564285,2019-03-05 23:59:59.999,0.0070983353200073495,0.013158482550529399,0.04783296071408639,0.007729481712283692
2019-03-06,0.0065034697896116725,0.005930684827135352,0.009717525544490783,0.0065351008403687835,0.03227842859179181,2019-03-06 23:59:59.999,0.005407580823762574,0.01070516605660596,0.03491568622442889,0.005735745337527986
2019-03-07,0.006544846764840177,0.005915634714964986,0.009983952898063295,0.006649714243532112,0.03448775019948362,2019-03-07 23:59:59.999,0.005818007167601583,0.011718145383917786,0.03551926225943273,0.005872950373824925
2019-03-08,0.006659361914592286,0.00616584282979734,0.00958982382137602,0.006564725491186425,0.045369218224587435,2019-03-08 23:59:59.999,0.007674098701157065,0.013755666679543244,0.04774704713347265,0.007918063437736083
2019-03-09,0.006574373995989154,0.006539744054029906,0.010123946765648997,0.007323796462136781,0.04043729039144586,2019-03-09 23:59:59.999,0.006892663304416939,0.013449190996171452,0.04374248336042734,0.007307667923492823
2019-03-10,0.007337322682420731,0.006273357068614399,0.010386764521241945,0.007069121595107759,0.030190848183361364,2019-03-10 23:59:59.999,0.005137104482834274,0.010890365403106514,0.03325770370839005,0.005547419494782266
2019-03-11,0.007070800569681297,0.006212686303927607,0.009882493927826967,0.0066299968529879155,0.049756619809991076,2019-03-11 23:59:59.999,0.008402504522818462,0.013649369218515258,0.051665410711427905,0.008548609934988918
2019-03-12,0.006639741846526194,0.005913753450943686,0.00984405658717974,0.006738005415968952,0.03510019581585455,2019-03-12 23:59:59.999,0.005921554864227695,0.011873518372379585,0.03675078342373141,0.006077542413647112
2019-03-13,0.0067473608337402236,0.005804263884904265,0.009980050629977283,0.006575506921483988,0.03186538524164228,2019-03-13 23:59:59.999,0.00536534684392605,0.012115742562002691,0.03411341102629042,0.005630729356321084
2019-03-14,0.006585252449570353,0.0060529669885195855,0.009691575461718796,0.006683515484465025,0.03526816916049833,2019-03-14 23:59:59.999,0.005937541125358201,0.012777900849827835,0.03786370757943062,0.0062502066855782525
2019-03-15,0.006693259952983706,0.0062337564609661195,0.010294183210901295,0.007136529816968225,0.02828743831143499,2019-03-15 23:59:59.999,0.004806484913808231,0.010624030479121681,0.03194261067313451,0.005321001029310141
2019-03-16,0.007153068874889139,0.007341444716705156,0.010779820474205566,0.00793513269900966,0.037266424314848084,2019-03-16 23:59:59.999,0.006484631569187275,0.014062076666091163,0.041429511266809875,0.007065409402392869
2019-03-17,0.00794486488912087,0.006918348438315708,0.011053271910332903,0.0076938617723505826,0.024440109672925626,2019-03-17 23:59:59.999,0.004232401161354273,0.009512900096942233,0.026342182552998552,0.0044722489038159586
2019-03-18,0.00771049249187588,0.007153506440977696,0.011085660735446805,0.007758647484138667,0.02922687010583854,2019-03-18 23:59:59.999,0.005070242978056219,0.010230506504116957,0.031778445786993494,0.005404292039968036
2019-03-19,0.00776857566367551,0.007097068520338819,0.01124828775793138,0.008027891851569817,0.025859594912368528,2019-03-19 23:59:59.999,0.004496358353388191,0.009541872396270629,0.028526521130269277,0.004862258390713315
2019-03-20,0.00805656329642785,0.0072757886023619295,0.011350722295189214,0.008295096488944664,0.030512670882834103,2019-03-20 23:59:59.999,0.005327537477285295,0.01135786400179326,0.03241098448169689,0.0055466519379533214
2019-03-21,0.008304825147798844,0.0074575187068191134,0.010370374995280693,0.007689005272216547,0.04703569216465937,2019-03-21 23:59:59.999,0.008189981640508992,0.01536957485482973,0.04976532438681332,0.008492348769478495
2019-03-22,0.007700779586892664,0.00688072315788979,0.011231215335055077,0.007750100043902759,0.02602904705863724,2019-03-22 23:59:59.999,0.004516868471097472,0.00995635365809113,0.028035657844617933,0.004768679408552269
2019-03-23,0.007769158437974502,0.006982593604642963,0.01132643067635379,0.007935424089017706,0.022452343109721166,2019-03-23 23:59:59.999,0.0039046420405310766,0.009263383559869122,0.02517872037388386,0.004292563504252941
2019-03-24,0.00794515627627037,0.006862098644078961,0.011053174353630756,0.007801093295310174,0.022290926487147745,2019-03-24 23:59:59.999,0.003867667410281969,0.00847055428935877,0.022846898641569684,0.0038860578311309337
2019-03-25,0.007802765089216429,0.006798888172963417,0.010455249326151467,0.007256582500281675,0.04334749257077259,2019-03-25 23:59:59.999,0.007474063212316231,0.014820283710419964,0.045352456836179424,0.0076655574409311596
2019-03-26,0.007260007958754339,0.006419625346270164,0.010506856821588986,0.007377315093613897,0.03829362335092281,2019-03-26 23:59:59.999,0.006547758218326993,0.012499806194369573,0.04245234099332671,0.007115142684313556
2019-03-27,0.007389189595031105,0.0072569759621489704,0.010918058321152564,0.00824662861760695,0.042258262932589094,2019-03-27 23:59:59.999,0.00736950103104713,0.014594943604532451,0.04779139064414218,0.008167633013355375
2019-03-28,0.008271218496556917,0.007178903505265184,0.011560469204812393,0.008147167494861822,0.026116738776682108,2019-03-28 23:59:59.999,0.004571854079544376,0.010176897895835847,0.026835110661109454,0.0046042941602995845
2019-03-29,0.008160879895947583,0.007969128457410539,0.011775386619649539,0.008879916235085689,0.039259700656253047,2019-03-29 23:59:59.999,0.006963219442135804,0.013249275561123142,0.0446849566594675,0.007766482408989242
2019-03-30,0.00889925493277164,0.008122357411945086,0.012048252715563972,0.008916048596082943,0.02535405814369281,2019-03-30 23:59:59.999,0.004516404197378859,0.010531857835226584,0.02739639066959557,0.004783154403962768
2019-03-31,0.00892596542147548,0.007897734487802358,0.012346483554037488,0.00888671533527334,0.017485045453441254,2019-03-31 23:59:59.999,0.0031203191756923637,0.008007982952462567,0.018062762501796586,0.0031595096286600836
2019-04-01,0.008881771703801847,0.008298255597936254,0.012194587768789442,0.009281160276160029,0.03324091472331235,2019-04-01 23:59:59.999,0.005978493134585657,0.011964377079797202,0.03431661058911682,0.0060487890154386804
2019-04-02,0.009290685003595228,0.015252253989455518,0.012912019756402868,0.01620390695722783,0.1382757085015101,2019-04-02 23:59:59.999,0.02794501034289492,0.039876658154986165,0.1485643762461982,0.029379434966180874
2019-04-03,0.01621258673988383,0.01879862479600044,0.018891855371408604,0.016935393007416852,0.14420157472835587,2019-04-03 23:59:59.999,0.03137384195528448,0.045322005098599114,0.14923005591927663,0.03181049640024084
2019-04-04,0.01694493977561829,0.016579391693278718,0.01912111362146185,0.016605733778318248,0.07998417536208297,2019-04-04 23:59:59.999,0.01720269139925586,0.02739478719353417,0.08312118227023664,0.017515356957607045
2019-04-05,0.016615186651438123,0.016477239056922353,0.020131996169143414,0.017638128576812344,0.051994250311691914,2019-04-05 23:59:59.999,0.011261982201729998,0.01906666361833404,0.05652081798673422,0.011993266577158702
2019-04-06,0.017647862709253608,0.018140088325345805,0.020599975669358485,0.01801635280725134,0.05462718837076692,2019-04-06 23:59:59.999,0.01202368227765825,0.018334932394026424,0.058016298754507235,0.012509323095550856
2019-04-07,0.018008308613180736,0.01841287160843371,0.021550275505004705,0.019243881781131143,0.04916304663183051,2019-04-07 23:59:59.999,0.010990338208078697,0.017865003012856345,0.0519012987433457,0.011365168688095482
2019-04-08,0.019253503032028982,0.019080720335993756,0.021677099217800117,0.019891058988993224,0.06568286218201176,2019-04-08 23:59:59.999,0.014859386157041429,0.02290684006423573,0.0673730165631701,0.014931689330583801
2019-04-09,0.019915048990435794,0.018454259416902215,0.022044692871502507,0.01904699926569718,0.04449693141142219,2019-04-09 23:59:59.999,0.010000713984566383,0.016504881668194776,0.04512927993211913,0.00993376110914458
2019-04-10,0.0190566224480192,0.020181259788451866,0.02261364355844314,0.02058408155812065,0.052395403223378045,2019-04-10 23:59:59.999,0.012018335544907435,0.01700325777410226,0.056611511752405766,0.012718052453980964
2019-04-11,0.02058990162866961,0.019340993213340048,0.020584464153716585,0.017758764040141886,0.07162409168754541,2019-04-11 23:59:59.999,0.015847103913654452,0.024120654582130096,0.0709195291374932,0.01536181605898532
2019-04-12,0.01776839986009531,0.016969753977697614,0.019942736166971807,0.018056370368355827,0.04345767127300268,2019-04-12 23:59:59.999,0.009476911088076048,0.014708402019362694,0.04494937041879095,0.009599678448160056
2019-04-13,0.01805619323474799,0.01714301839405897,0.021335650760274008,0.018029271097607887,0.022438999494330848,2019-04-13 23:59:59.999,0.004947119214417318,0.008968996092090129,0.023046214015153776,0.0049733090875085945
2019-04-14,0.018060564041990433,0.0176508656166078,0.021296628079413883,0.018865366160684106,0.023739697090303918,2019-04-14 23:59:59.999,0.005245953822555516,0.008510826442393477,0.02665386941256452,0.005766673049358794
2019-04-15,0.0188747968667334,0.01778622256294004,0.020808844568662305,0.017832388582173925,0.037909198906684094,2019-04-15 23:59:59.999,0.008400533696883223,0.013322724610214175,0.03766568495188731,0.008177534249611082
2019-04-16,0.017842023679868084,0.018071610314970635,0.021335065420061104,0.01927739163205601,0.031577698446746634,2019-04-16 23:59:59.999,0.007020240190681102,0.010931754402147078,0.034021308139493514,0.007405699160712719
2019-04-17,0.019287012554221078,0.01837900885605038,0.022728760466980517,0.019560039939857096,0.03034861059013442,2019-04-17 23:59:59.999,0.006870832437353615,0.011650477655327658,0.03233444038969367,0.00716656808545853
2019-04-18,0.019565675798189526,0.018911406574077125,0.023236055318162162,0.020100277014767638,0.02944352483151045,2019-04-18 23:59:59.999,0.006733454378275434,0.010837150975768647,0.03215382845740539,0.007197757838108065
2019-04-19,0.0201098898643991,0.01922181513759095,0.023003870367044404,0.020102608134831987,0.0320629290407087,2019-04-19 23:59:59.999,0.007326902866052611,0.011562312517688871,0.03424827685166643,0.007662890329436057
2019-04-20,0.020112220961595074,0.019348047953419906,0.02354140779589265,0.020423622793691983,0.02490646510275753,2019-04-20 23:59:59.999,0.005746902333651905,0.010178211832313325,0.026614801764539706,0.006009805668761864
2019-04-21,0.02044469369917054,0.019168669428989343,0.02290631366489409,0.020077937114151068,0.0332968050181719,2019-04-21 23:59:59.999,0.007612778232134952,0.013687341982714377,0.03493702604121616,0.007817742336892837
2019-04-22,0.020099885572266385,0.01997432074610931,0.023329221968715716,0.02105895014122703,0.03857543938246253,2019-04-22 23:59:59.999,0.00891270057776477,0.013678604305139147,0.04208966865817922,0.00952198249462272
2019-04-23,0.021068553586242482,0.02185558476740522,0.024539510415592526,0.022381569387731316,0.05395821583694583,2019-04-23 23:59:59.999,0.012950751965211794,0.01842204638248323,0.05658587528839665,0.01329892204588838
2019-04-24,0.02236784888584723,0.021688152269509882,0.02454868074559466,0.021620944336738064,0.06311305702757306,2019-04-24 23:59:59.999,0.01497425888656959,0.02216913042895559,0.06229994865301337,0.014478959704075976
2019-04-25,0.021630542268571334,0.020838197184688392,0.022291706441347106,0.019725937984435886,0.06496970366130984,2019-04-25 23:59:59.999,0.015123037155936759,0.021610050457788608,0.05696257716731812,0.012976637127887694
2019-04-26,0.01974109086218641,0.021009015957822064,0.022873339499567283,0.020640902609688913,0.06401793892342658,2019-04-26 23:59:59.999,0.014812011184594286,0.02174761960698058,0.06677137406838607,0.015132808353377417
2019-04-27,0.020659251770249777,0.01943345733998674,0.023810371623721065,0.02046208627475358,0.01998059609645323,2019-04-27 23:59:59.999,0.004624961520979366,0.009432749971816062,0.02098113215348087,0.004751643093557677
2019-04-28,0.02047169557502388,0.01940994153972054,0.023828029386810272,0.02057699106792496,0.018597960311515716,2019-04-28 23:59:59.999,0.004311601129363015,0.008250010051614054,0.018959743980209328,0.0043000435054861745
2019-04-29,0.020608841793386894,0.019334690978868703,0.02304094191386153,0.01990310310932565,0.025891671169546184,2019-04-29 23:59:59.999,0.005946079256794292,0.011583598288624018,0.026492976935198018,0.005952902802231219
2019-04-30,0.019912717893239826,0.01940975341331841,0.023171180111232197,0.020706076841487724,0.02894229909643853,2019-04-30 23:59:59.999,0.006661118898474848,0.01174895719431465,0.032580014058798956,0.007340867245020433
2019-05-01,0.020726659330833286,0.01999313338632227,0.02438137100140686,0.021312070928213155,0.022340398799129118,2019-05-01 23:59:59.999,0.005223050290618856,0.010467803431949523,0.025565999968210074,0.00584760760890613
2019-05-02,0.02132167189010508,0.02127239292080349,0.024906226058975557,0.02237729566761336,0.029675680143066954,2019-05-02 23:59:59.999,0.007072742378615286,0.011808544213568287,0.03163088502721101,0.00737596137798921
2019-05-03,0.022405729215281778,0.02415072687338623,0.025955643504006504,0.025095187402627166,0.06057914881131462,2019-05-03 23:59:59.999,0.015085492817540812,0.02208365886109563,0.06654727275257971,0.01622227850633951
2019-05-04,0.025084645538702474,0.02467748079934908,0.02702759654723417,0.025646497297843324,0.051880974320245875,2019-05-04 23:59:59.999,0.013053161887132675,0.018460281933977845,0.05599152388427157,0.013807753785328659
2019-05-05,0.02565974664275867,0.02411216096094966,0.02808657454907585,0.025123646493412644,0.03102582695368365,2019-05-05 23:59:59.999,0.007825968762721146,0.012036446495586882,0.03140456107751997,0.007754819597996162
2019-05-06,0.025109510575459508,0.023783880389233528,0.027336753736348522,0.02485333369595201,0.032911554029817484,2019-05-06 23:59:59.999,0.008209916694500666,0.01499713956028853,0.03433618835934794,0.00838368264722641
2019-05-07,0.02488358840554991,0.02588534636422212,0.028591332926001578,0.025810549872371177,0.05217375813412003,2019-05-07 23:59:59.999,0.013467382282945205,0.019658789091909594,0.05670053908707118,0.014324612394605933
2019-05-08,0.025820106704031558,0.02575657384196442,0.02882995661946125,0.027179597260156882,0.03004176482248887,2019-05-08 23:59:59.999,0.0077453985242811,0.012404611496576276,0.03177003039634353,0.008016997327648599
2019-05-09,0.027183021531276372,0.027730301989907023,0.030893378426642575,0.029334814889640896,0.03579976021531759,2019-05-09 23:59:59.999,0.009534409618419209,0.014826984786455102,0.036878242245042714,0.0096149709393111
2019-05-10,0.02935181608497859,0.030028924434327427,0.032730273571430865,0.030929203883646027,0.047858765658467646,2019-05-10 23:59:59.999,0.01321685325731429,0.0184556174594828,0.04935089735513563,0.013335838151506973
2019-05-11,0.03095648511725564,0.03826011296990448,0.03468969993411996,0.03775637464207594,0.09703684872554864,2019-05-11 23:59:59.999,0.02898697847943219,0.03681564604022906,0.10684210315627327,0.0312414610774992
2019-05-12,0.03776600854288844,0.039932462621635474,0.0383690509557191,0.036698531782879476,0.11403479424706779,2019-05-12 23:59:59.999,0.035441475050576425,0.042387065188856037,0.11377420374220985,0.03466425649095481
2019-05-13,0.03671701480470115,0.045371385033604085,0.03953973138152289,0.044696216203615566,0.11253016015195759,2019-05-13 23:59:59.999,0.037048932023579735,0.03852093849752415,0.12095737253019616,0.038945649484829
2019-05-14,0.04475327812971409,0.047873466181927636,0.046657078143601316,0.04621970029566373,0.10040486294835389,2019-05-14 23:59:59.999,0.034935515252812445,0.042917961222581104,0.1038025889789917,0.035357590899324914
2019-05-15,0.04620671723140248,0.04677292672946954,0.049100288192253816,0.04837899738526033,0.049516562013563734,2019-05-15 23:59:59.999,0.017419416199632973,0.022690369029571195,0.052317512477363014,0.018008963673149973
2019-05-16,0.048380659624745796,0.04744077545702958,0.04768571601107424,0.04543323866395739,0.09126164589105239,2019-05-16 23:59:59.999,0.031844813399520534,0.043647984329467995,0.09351321420360989,0.031951962359498175
2019-05-17,0.045462805838738,0.04372527901497016,0.03995922520076925,0.040466690236880654,0.11640571699172728,2019-05-17 23:59:59.999,0.03691516651290683,0.05267177157266897,0.12026408765588385,0.0373541472903214
2019-05-18,0.040476297549404926,0.03933252752524421,0.04233580402185308,0.039516661680659856,0.04842595420529887,2019-05-18 23:59:59.999,0.015471114963876957,0.024790762185643984,0.0515576696771236,0.0161195266492402
2019-05-19,0.03952482137724913,0.04701833762104759,0.043179376825346866,0.04817123630952612,0.08593200333715519,2019-05-19 23:59:59.999,0.02958897543421258,0.0381881840846028,0.09483710051762598,0.03198391938819015
2019-05-20,0.04817532881340061,0.04589842114917012,0.04620285413838944,0.046128300963141106,0.08630251607011732,2019-05-20 23:59:59.999,0.029600988693217724,0.03995726815787946,0.09226492406159283,0.030981298841767157
2019-05-21,0.04612804270103842,0.04482882848986234,0.04832959024526633,0.04580505231421944,0.06847495287484351,2019-05-21 23:59:59.999,0.023628729804104492,0.036257091643653074,0.07263080447171992,0.024532926782079592
2019-05-22,0.04581062496618694,0.044581254144659806,0.045344355159466665,0.04311999052011174,0.06431341137129645,2019-05-22 23:59:59.999,0.021973495224892777,0.030166930373717697,0.06499469620349213,0.021751127777378875
2019-05-23,0.04312325841543085,0.0438755920102717,0.04530533247860655,0.045286766619914764,0.06498560782270982,2019-05-23 23:59:59.999,0.021790609231010834,0.029370881958837525,0.06912818179929327,0.022697403970581703
2019-05-24,0.04528098025745219,0.04565357463679847,0.04828081189419117,0.04638783233030418,0.06106254588035354,2019-05-24 23:59:59.999,0.02120912707694386,0.028021206409171908,0.0666886858746933,0.022667786303301695
2019-05-25,0.04639378778137921,0.04529425320873095,0.049669433992598766,0.04697585736653366,0.03706385769494605,2019-05-25 23:59:59.999,0.012963476114232327,0.017231948418007344,0.039979183081809394,0.013672268394449565
2019-05-26,0.04696179846479765,0.05139142990175099,0.0489385391800886,0.05269700878443745,0.06499081490283674,2019-05-26 23:59:59.999,0.023398462730699603,0.02464636056676913,0.0704067037694073,0.0247811964105321
2019-05-27,0.052687944468602595,0.05297470170207363,0.05630972848116214,0.05407518639247515,0.06792926468834341,2019-05-27 23:59:59.999,0.02586262164424087,0.031312420194783204,0.07383172763791314,0.027508225207058822
2019-05-28,0.05404755690815311,0.05194160556477898,0.055545176606410104,0.05368006154156969,0.04108267968870227,2019-05-28 23:59:59.999,0.015621215179333094,0.02279482697953071,0.04404812608377552,0.016378916018938178
2019-05-29,0.05370129184550148,0.051485493102815784,0.05453029423394039,0.0530005400428149,0.044252155663237897,2019-05-29 23:59:59.999,0.016669218806799564,0.02300466263498398,0.046753359785140426,0.017231298908082927
2019-05-30,0.053017794721832594,0.054535586460542844,0.05061241707558371,0.049347092121979755,0.09224719085029104,2019-05-30 23:59:59.999,0.03448942490952649,0.040415897685343226,0.0921252594238867,0.033741259704705207
2019-05-31,0.04933271857120059,0.05001810716620498,0.051622128942839476,0.052119765178505514,0.05851507494287491,2019-05-31 23:59:59.999,0.021337882676859616,0.027222924302280023,0.06227459618819021,0.0222204594128578
2019-06-01,0.052129063915868364,0.050319109409612324,0.05487915700082992,0.052013602085575414,0.04160561791010778,2019-06-01 23:59:59.999,0.015524247567908166,0.022745685755273026,0.045010941538376925,0.016421915340076167
2019-06-02,0.05203290615653453,0.052094834519313536,0.05567560991718508,0.05378049396434163,0.03630223655715533,2019-06-02 23:59:59.999,0.013767304073925957,0.019525096055326187,0.03877487389382396,0.014377656078182572
2019-06-03,0.05378997066799824,0.051964745112240925,0.05135189687788311,0.04785400972077067,0.059784637547165856,2019-06-03 23:59:59.999,0.022112365388118532,0.028190441427471104,0.05993318648644091,0.02170404009976563
2019-06-04,0.04786179624054241,0.045518688006471554,0.04550064099631147,0.04368917233582116,0.09719664909728434,2019-06-04 23:59:59.999,0.033279006875484234,0.04229298733706859,0.09799441545700155,0.03285426749713515
2019-06-05,0.04369865090663654,0.04345908015595679,0.046395821295242765,0.04455819446980616,0.06371202831721498,2019-06-05 23:59:59.999,0.02156727276863709,0.027853285327350194,0.0700266517889064,0.023206833901653876
2019-06-06,0.044582913776308485,0.043190341590514665,0.04514514437367573,0.04465726707254057,0.04785943360349408,2019-06-06 23:59:59.999,0.01610016285611616,0.024263939354999098,0.05022904351490082,0.016541620666974895
2019-06-07,0.044675089244599196,0.045371385033604085,0.04800267773636062,0.04653993791450228,0.04433284148995996,2019-06-07 23:59:59.999,0.015354031571660594,0.021084935744564444,0.04573391766827067,0.015494848725150277
2019-06-08,0.046533847871237176,0.04485074521571044,0.048134476840965695,0.04569578106120356,0.029493612631985525,2019-06-08 23:59:59.999,0.010196180564595266,0.016339522762504142,0.03132719484496784,0.010587343669192487
2019-06-09,0.04572126624034136,0.04381934221603496,0.045750776380624886,0.04311707662003132,0.04121143255066222,2019-06-09 23:59:59.999,0.01391368096999495,0.021024428969776573,0.04317481781625098,0.014270757956760818
2019-06-10,0.04312102444728471,0.044618879425085724,0.04579311598935812,0.04656150077509742,0.04803295584913896,2019-06-10 23:59:59.999,0.016384681623500468,0.025294985308876246,0.052932085368084934,0.017671409869214342
2019-06-11,0.046553856455502605,0.04452481622402093,0.04756113610242828,0.045611083698865906,0.03958946986558197,2019-06-11 23:59:59.999,0.013573604954019065,0.020162749427846363,0.041998313896544806,0.014089754989392422
2019-06-12,0.04562044628661558,0.046312017044252037,0.04850509475243474,0.04796881738393936,0.054398700681065906,2019-06-12 23:59:59.999,0.019028149120144795,0.023639491044077577,0.06076736849141217,0.020798101715082735
2019-06-13,0.04797815684224135,0.04734501911834562,0.05066148809676531,0.048851729108307734,0.039764050910809624,2019-06-13 23:59:59.999,0.014168326521421292,0.02227733309787592,0.04281596280430931,0.01491994566405218
2019-06-14,0.04884066280475089,0.0508685325670318,0.0519715770499419,0.05304250020397301,0.052081949777503016,2019-06-14 23:59:59.999,0.019038671248153064,0.026798982697821678,0.055813589000577465,0.01996284812482956
2019-06-15,0.05306033724565907,0.052567125851859874,0.0561012498086669,0.054583953346517125,0.04150489416390092,2019-06-15 23:59:59.999,0.015771742498588495,0.021922176068013558,0.044679271669335476,0.01660014098462376
2019-06-16,0.05461333362342543,0.05696937772489336,0.05797794808793254,0.05598874457528935,0.08292311539893862,2019-06-16 23:59:59.999,0.032823103001920116,0.03614415880341382,0.09006203935807998,0.03490024191022081
2019-06-17,0.055994800099188176,0.058013479256712595,0.05983152542878853,0.0594915438619666,0.06268087179525711,2019-06-17 23:59:59.999,0.02522796177678765,0.030220998859765928,0.06610489814613349,0.02603930478580409
2019-06-18,0.0594829956658104,0.057000982960451134,0.05983152542878853,0.057234145469662406,0.06749243453998546,2019-06-18 23:59:59.999,0.026871578193878316,0.02940438733901322,0.07472486984603018,0.02911435882025485
2019-06-19,0.057247473454873486,0.05669659444180545,0.05992908213093884,0.058923624736292035,0.04197311389538184,2019-06-19 23:59:59.999,0.016763895884105585,0.0199750536020386,0.046640349082159735,0.01822269270338369
2019-06-20,0.05891605340194011,0.059386801992258605,0.06202850236121364,0.0614648369964295,0.0451400034664612,2019-06-20 23:59:59.999,0.018474456028432066,0.02289593439147266,0.04797189935518903,0.0192004269242224
2019-06-21,0.06148317418900399,0.06488940519134806,0.06537333145113934,0.06770777078873448,0.06608522150058818,2019-06-21 23:59:59.999,0.0282751095497532,0.031021448961845652,0.07538852757139931,0.031578454648338534
2019-06-22,0.06771691660723178,0.07415472455943148,0.06931130529013899,0.07324068426144288,0.13667909100970224,2019-06-22 23:59:59.999,0.06362063421590405,0.06051866591299271,0.14752488345855472,0.06721959541924695
2019-06-23,0.0732449193493791,0.07634301086900289,0.07549113214455289,0.07495570871877756,0.07523856305004543,2019-06-23 23:59:59.999,0.03575015683190181,0.0365131121662897,0.08025635230147145,0.037305319593670894
2019-06-24,0.07496361788615913,0.07400074309928842,0.07613129922406324,0.07641770951912878,0.05637635701947096,2019-06-24 23:59:59.999,0.02684150029316964,0.028787165678717832,0.06036043150994343,0.02811493068895091
2019-06-25,0.0764267698928307,0.08064508543290239,0.08008429679519403,0.08384106423401338,0.08027666600348073,2019-06-25 23:59:59.999,0.03989824695088178,0.03913198465637539,0.08748451996254121,0.04254189213762582
2019-06-26,0.08385413120444588,0.10058648405863901,0.0870596009989416,0.09620513079526159,0.20474253286687924,2019-06-26 23:59:59.999,0.11424432523798968,0.08888261265231481,0.2027914149121155,0.11079685112248278
2019-06-27,0.09625848215851052,0.09595895081905534,0.07519768158448473,0.07907324379242153,0.22836542676885732,2019-06-27 23:59:59.999,0.11780961960983885,0.08902445209505858,0.21452300900188634,0.10832505464824882
2019-06-28,0.07908227811524185,0.0865710670999845,0.07966363229552187,0.08947237039943742,0.12566726394968272,2019-06-28 23:59:59.999,0.06464092955312008,0.057876471050431776,0.13020654877381943,0.06561159181529405
2019-06-29,0.0895437566855139,0.08620930002868929,0.0844647878351475,0.0846401527660682,0.09127684708336725,2019-06-29 23:59:59.999,0.047412869140077904,0.04795342568204472,0.09608595330467563,0.048859074091426785
2019-06-30,0.08464913247732206,0.08374917106804061,0.07754811520939228,0.07445092409484551,0.11083095760252133,2019-06-30 23:59:59.999,0.055551700398617156,0.04658653756452414,0.1137951536165328,0.05602775706314341
2019-07-01,0.07446000376277939,0.0753049293820518,0.07036764926102261,0.07222499582340988,0.11931212885124873,2019-07-01 23:59:59.999,0.05561996703193159,0.04962113955608394,0.11783430512524201,0.05382479882984108
2019-07-02,0.07223380594062637,0.07207357623587288,0.06741168118586804,0.07434165284182963,0.14376883724283657,2019-07-02 23:59:59.999,0.06455306265024084,0.05702451463843491,0.14662255495491228,0.06450851428831675
2019-07-03,0.07437142206933245,0.08197974819281076,0.07827988803222181,0.08499827108595229,0.1270094425877309,2019-07-03 23:59:59.999,0.06280383073661093,0.05338530477676351,0.1322521031108605,0.06390768300124125
2019-07-04,0.0850072472840532,0.0820560334488743,0.08036721123142995,0.07728294358300924,0.0871612049052551,2019-07-04 23:59:59.999,0.04436706508199117,0.042158571635422575,0.08958880474146218,0.04464765008012913
2019-07-05,0.07729199546873555,0.07647648655131384,0.0778447851406314,0.07558375131611153,0.08324541216913178,2019-07-05 23:59:59.999,0.0403608849743582,0.03696786558114491,0.08606633523612893,0.04086005628993019
2019-07-06,0.07570626660117577,0.07890491621320367,0.07948442063367175,0.07835933827271774,0.06738056653936804,2019-07-06 23:59:59.999,0.03344093567286548,0.03078152416105813,0.06817314618775554,0.03311312497203518
2019-07-07,0.0783679910827762,0.07771031355968075,0.08075129196779575,0.07981386006286253,0.050832141647007126,2019-07-07 23:59:59.999,0.02510609948906771,0.023954113133609733,0.059759681346899705,0.02886938484098842
2019-07-08,0.07985940764294894,0.0852356518344676,0.08197689681691016,0.08789857296600062,0.06831796588902664,2019-07-08 23:59:59.999,0.03536080948143968,0.033223343710803634,0.07387903731485969,0.03739532126246006
2019-07-09,0.08790752071204141,0.08953151822709679,0.09024970515925691,0.09085919257771372,0.10284860170382326,2019-07-09 23:59:59.999,0.0558285934338533,0.04323639372789795,0.1092490102917066,0.05785129746694164
2019-07-10,0.09091764709538974,0.09284583511661487,0.08538162572195616,0.08663364894108871,0.14335463191447595,2019-07-10 23:59:59.999,0.07837530179598008,0.05894568685897967,0.12518319781666346,0.0670057686680501
2019-07-11,0.08664008374078161,0.08310700159437126,0.07983064936960321,0.07919854149587974,0.11476786774209155,2019-07-11 23:59:59.999,0.057624826187555094,0.04979188560133223,0.11650842710481314,0.057284226879437856
2019-07-12,0.07920747746047549,0.08097430663662916,0.08054281329530052,0.08322292889695283,0.07376124646097659,2019-07-12 23:59:59.999,0.03715269830333148,0.03517460507668265,0.08068685664662192,0.039764291110608474
2019-07-13,0.08323192251122105,0.08017458130117627,0.07817218543304785,0.07932354780932992,0.0710310349784805,2019-07-13 23:59:59.999,0.03510424787056725,0.033383972445175346,0.07046304308331681,0.03408689148359538
2019-07-14,0.07933277393475899,0.07690137003052352,0.07107981318671991,0.06784686095257336,0.0950580319395503,2019-07-14 23:59:59.999,0.04447169287440005,0.042498618395793934,0.09553149250573537,0.04376321727717607
2019-07-15,0.06785600540659142,0.07359034535304271,0.06870918532446724,0.07430153815072245,0.10742506466497297,2019-07-15 23:59:59.999,0.048673547473267,0.04796216335961995,0.11117118915904708,0.049355932502682186
2019-07-16,0.07426263753352044,0.07291309030537618,0.0637338910715033,0.060711788085645355,0.12754008715401874,2019-07-16 23:59:59.999,0.05619937003667143,0.05219566669005474,0.1260670142275313,0.05448871486371335
2019-07-17,0.060629506970029175,0.0628389214713366,0.060904649152441995,0.06292955743685578,0.11139657908736272,2019-07-17 23:59:59.999,0.04629880895315497,0.049639797454064126,0.11479770422399253,0.04673589349948165
2019-07-18,0.0629478802604729,0.0706555734798211,0.06277773783372806,0.0722466558140077,0.10526968648654961,2019-07-18 23:59:59.999,0.04619959167780401,0.048133960554050226,0.1122097132031039,0.04821472784374972
2019-07-19,0.07227013220526357,0.07048353188507359,0.07126361001357111,0.07105321947106887,0.07405721041072595,2019-07-19 23:59:59.999,0.03372323888193926,0.03715694104025402,0.07742905378317988,0.03452628037987561
2019-07-20,0.07107680469902572,0.07329865536654079,0.0734894637298327,0.07334490475431937,0.061939777275328026,2019-07-20 23:59:59.999,0.028892672825236828,0.030188150447828972,0.06657630343651579,0.030391243946099215
2019-07-21,0.07335438378853995,0.07093682245100483,0.07288461217650075,0.07188037857389845,0.05076572590125424,2019-07-21 23:59:59.999,0.023401048779638868,0.02583849513278511,0.054145416843533634,0.024405427140262868
2019-07-22,0.0718962824924596,0.06966941487985778,0.07105054617607481,0.06946048168710929,0.052913938610932514,2019-07-22 23:59:59.999,0.0240512251026218,0.025451737930639397,0.051449758366066245,0.022892821067077528
2019-07-23,0.06949651505825655,0.06647888516294098,0.06833846985629605,0.06484292135966463,0.06232436584807844,2019-07-23 23:59:59.999,0.027339386318527694,0.02930038926682082,0.06411763046555018,0.027519718067650883
2019-07-24,0.06485083260478453,0.06265079506920701,0.06544103580243167,0.0638557891424198,0.05686859408465484,2019-07-24 23:59:59.999,0.024138132693714988,0.027764069040529422,0.05846397153362631,0.02428201548980178
2019-07-25,0.06386613829758611,0.06488949925454915,0.06734368416446929,0.0649882278436751,0.049502133596498035,2019-07-25 23:59:59.999,0.021641860922584615,0.024046548564800325,0.051376635717027906,0.021972607338428693
2019-07-26,0.06501954576434296,0.062208509897800336,0.06653367086651521,0.06444556251869753,0.03542427466696018,2019-07-26 23:59:59.999,0.015123984087195399,0.0195633316068208,0.037229030284392305,0.015534131779390345
2019-07-27,0.06445474033956897,0.06501798958720365,0.06356794712114561,0.0610704891855455,0.057308315222830516,2019-07-27 23:59:59.999,0.02427547337202765,0.02623044238401686,0.0570343117883486,0.023663145557843324
2019-07-28,0.061103011087960936,0.059433739529589934,0.061928994525020306,0.061702028462976,0.03836132466569691,2019-07-28 23:59:59.999,0.015892933344987092,0.017683876869435972,0.04552805038116089,0.01844624744198937
2019-07-29,0.0617112331980099,0.060694280487059264,0.06417279867447757,0.061372757753888105,0.03786284095214775,2019-07-29 23:59:59.999,0.015833410339403636,0.019204167070702136,0.04274926122421775,0.017481299835523836
2019-07-30,0.06139585517320489,0.060555819455091885,0.06424108836598279,0.062019352181734114,0.04248419077058129,2019-07-30 23:59:59.999,0.01774417204550397,0.018513890542258958,0.045780443305179296,0.01871425769018872
2019-07-31,0.062036226998748285,0.06427620718360666,0.06573370590888261,0.06693723847746778,0.05166130380417948,2019-07-31 23:59:59.999,0.02225753365870662,0.023786126354964146,0.05652074691221516,0.023824368669754428
2019-08-01,0.06694639185491327,0.06764423416093274,0.06874293994341124,0.06979732853640627,0.054570374988470303,2019-08-01 23:59:59.999,0.024116509276537926,0.024696027365617806,0.05921425545820176,0.02561179934001643
2019-08-02,0.06980655098532079,0.0695456277072565,0.0728197369695708,0.07124223445628568,0.05623092063289362,2019-08-02 23:59:59.999,0.025729325898770323,0.028195040205142276,0.059110753009004216,0.026457843314883694
2019-08-03,0.07125134560157409,0.07175394947865471,0.07493262002474232,0.07408921196486226,0.04414886907903962,2019-08-03 23:59:59.999,0.020778063062990012,0.022779716710039713,0.048239670378785175,0.022187120909576915
2019-08-04,0.07409829518120445,0.07302596614665394,0.07546010911326907,0.07518066180498627,0.052199637565592795,2019-08-04 23:59:59.999,0.024668339789246534,0.023096900975702953,0.0587377623338784,0.027177530087421468
2019-08-05,0.07519711612195562,0.08146832656862146,0.07912628998007792,0.08391818545614191,0.08537476333770402,2019-08-05 23:59:59.999,0.04334541976511338,0.04076205425033486,0.08933052826539263,0.04436956681011114
2019-08-06,0.0839388277358995,0.08516670350808711,0.08204225980735087,0.08054670593308909,0.10056485099697159,2019-08-06 23:59:59.999,0.051713478592682154,0.04097340093273723,0.09998395715925684,0.05039988206449672
2019-08-07,0.08055572580119566,0.08338392365830602,0.0835655101547259,0.08533851748534309,0.09066054488485424,2019-08-07 23:59:59.999,0.04658753866248399,0.03881125276222296,0.09687525474376052,0.0487558234373769
2019-08-08,0.08534758747466509,0.08262041265526307,0.08491335355163465,0.08557881711197536,0.0670357315618929,2019-08-08 23:59:59.999,0.03455107020192115,0.03097151937570148,0.07314009308388449,0.03694861280918615
2019-08-09,0.085533395346994,0.08248571415133829,0.0866596185201253,0.08441539393986487,0.051545321410947934,2019-08-09 23:59:59.999,0.026684860094721433,0.026853511061637025,0.053421927521613434,0.02706930036943613
2019-08-10,0.08442427872696062,0.08191493864727711,0.08246468032766173,0.07887237894687765,0.05576100891523953,2019-08-10 23:59:59.999,0.028128197323083057,0.026087157611147858,0.04551388496504569,0.022514097791988794
2019-08-11,0.07888073533684015,0.0782935054062825,0.08092435755741041,0.0812099095913935,0.03490544743767261,2019-08-11 23:59:59.999,0.01740029826388548,0.019977155900402565,0.039899852261804515,0.019444167668914925
2019-08-12,0.0811131494181824,0.07808553166872823,0.08212635368460444,0.07971517598013886,0.022801627398440022,2019-08-12 23:59:59.999,0.011414558396197799,0.016674707957908836,0.02440290289163841,0.011920664156694644
2019-08-13,0.07974625229989449,0.07694050032216646,0.07776683733561329,0.07482594303519602,0.043402509946690926,2019-08-13 23:59:59.999,0.021072473206430666,0.022053175534818135,0.035833130428626715,0.017014742724674445
2019-08-14,0.07484133241242044,0.07168537740507847,0.0693735464661109,0.06664429438938253,0.07130225012623308,2019-08-14 23:59:59.999,0.032451682274130984,0.03497396697657173,0.06945048042641219,0.03093583350282009
2019-08-15,0.06669997545548909,0.06757030048489582,0.06920672450543386,0.0690099927346758,0.049898064428266095,2019-08-15 23:59:59.999,0.02214387877220254,0.02438764647435367,0.052124052327965374,0.022634954552874925
2019-08-16,0.06904671042848382,0.06828546300259145,0.06763606160081377,0.06937529867475825,0.06776012632923732,2019-08-16 23:59:59.999,0.03013460028545469,0.03301836962031703,0.06874968976745006,0.029948727221324353
2019-08-17,0.06938064010180678,0.06761864897024311,0.07007497915457166,0.06825325288378979,0.037834758310796426,2019-08-17 23:59:59.999,0.016994552688050734,0.0217221292393175,0.03900721506625984,0.017139909836724584
2019-08-18,0.06826268473823865,0.067946553289155,0.07085543277177418,0.06913480478812062,0.031371467004546856,2019-08-18 23:59:59.999,0.014173519259529598,0.017314529325616848,0.0344398741270578,0.015202453378778322
2019-08-19,0.06913801173532605,0.0719912709349412,0.07259779547217883,0.07504769083131628,0.04867365975708503,2019-08-19 23:59:59.999,0.022632164684944594,0.02199982971383252,0.0548016657554841,0.024914912543702542
2019-08-20,0.07504889719191174,0.07217902108426652,0.07553815447498934,0.07354188439975601,0.042171956376287685,2019-08-20 23:59:59.999,0.019793865702383062,0.019900356313293965,0.04259548684138889,0.01956369750135868
2019-08-21,0.07355097298540023,0.0708072974231386,0.06868967398403718,0.0675398330140994,0.06197109896687411,2019-08-21 23:59:59.999,0.027594040537063172,0.030001177287083822,0.05740199557761473,0.02496583422814713
2019-08-22,0.06753198289635134,0.06551972270168327,0.06775312964339415,0.0671251850326551,0.04448724069029371,2019-08-22 23:59:59.999,0.01949079020721067,0.026212704241570902,0.04767771544391191,0.02043627591046588
2019-08-23,0.06713453082443815,0.0674292056832986,0.07026804386812714,0.0699387498203095,0.0359277387135522,2019-08-23 23:59:59.999,0.016133145583401377,0.021332612770569085,0.039343110681467224,0.01726899917006553
2019-08-24,0.06993437281489989,0.06718859201497487,0.06900185543091819,0.06745999215189578,0.03611462223981001,2019-08-24 23:59:59.999,0.01597451950108597,0.02043657378975282,0.036206759728308,0.015652315162020012
2019-08-25,0.06747166575640559,0.0663756978313729,0.06916740915446727,0.06754099857413157,0.03424632251461643,2019-08-25 23:59:59.999,0.015125396004183089,0.01890774300138305,0.03423769397506619,0.014795755877570404
2019-08-26,0.06755014602866996,0.06892481058022887,0.07142057874733096,0.06977071491567173,0.05451761150507718,2019-08-26 23:59:59.999,0.024694447981627624,0.02648652860347736,0.060339566832707595,0.02674976222843045
2019-08-27,0.06979295291834428,0.06692201690315724,0.07057329878915547,0.06795244126548737,0.037048665348392136,2019-08-27 23:59:59.999,0.016511531105057372,0.019100366088981358,0.03681755625180518,0.01604869067814262
2019-08-28,0.06796780094294824,0.06605588294775261,0.06618256429547623,0.06344512349108541,0.05507389872258055,2019-08-28 23:59:59.999,0.02399502504215064,0.02490829380355441,0.051704377361208115,0.02206525696156171
2019-08-29,0.06345431112629776,0.06064724888652686,0.0634411234083502,0.061283398151421795,0.04642425085445969,2019-08-29 23:59:59.999,0.019288510388581915,0.022450838409726916,0.04664844962920924,0.01896357760096792
2019-08-30,0.061298143349073735,0.06038387192354543,0.06373779333958932,0.06211968747450339,0.03498620092979778,2019-08-30 23:59:59.999,0.014594148182240502,0.016891770263988234,0.03781945454980224,0.01542122840498001
2019-08-31,0.06211159914141804,0.060275793305521984,0.06442400718251463,0.062148146565288845,0.022225756130384647,2019-08-31 23:59:59.999,0.009341262899999404,0.012944573691995946,0.02268886648861106,0.00930925513743163
2019-09-01,0.06216968231321767,0.06164431881781369,0.06539225745135652,0.06348378123215236,0.025401544431778486,2019-09-01 23:59:59.999,0.010738197894470758,0.012427933869051515,0.03066139876744951,0.012662430252831343
2019-09-02,0.06347946755020431,0.06747623728383101,0.06727022396775009,0.06945747065702619,0.058531849242067835,2019-09-02 23:59:59.999,0.025622759795048876,0.02312541339726423,0.06694104190710537,0.028654575657107016
2019-09-03,0.06946659931090823,0.07051447867822391,0.07272852145306025,0.07213126537082293,0.06281617026258411,2019-09-03 23:59:59.999,0.028895458563442816,0.02719342642836064,0.06585758351558357,0.029628488932959624
2019-09-04,0.0721070525305954,0.07075904300099237,0.07368350401040967,0.07166251597788545,0.057484665960697436,2019-09-04 23:59:59.999,0.026485336908392776,0.025050461730417552,0.05921198226114685,0.026696111240637654
2019-09-05,0.0716609388047163,0.0717090813317468,0.07446503075133586,0.0716379420872072,0.04437062694747606,2019-09-05 23:59:59.999,0.020492254257187092,0.02021445282823513,0.04397679536232026,0.019884584639340282
2019-09-06,0.07163383979981314,0.07176429643077184,0.0715383296868264,0.06905661513596258,0.07701944078912726,2019-09-06 23:59:59.999,0.03565468277502889,0.029772552340002614,0.0797843815052491,0.03620743760178254
2019-09-07,0.06906555346415125,0.0684921198553308,0.07289017290852332,0.07058301312809116,0.03604285224056071,2019-09-07 23:59:59.999,0.016426240116843984,0.01772881349696573,0.0390086547462527,0.01737137783075308
2019-09-08,0.07059232499846291,0.06881663789900436,0.07210415855929822,0.06985745200806567,0.03123901971125109,2019-09-08 23:59:59.999,0.014253229845206269,0.01547810600786943,0.028107439241984923,0.01253788128328309
2019-09-09,0.06986715951241604,0.06775842688702541,0.07074324256430133,0.06909925520713946,0.052082582739234634,2019-09-09 23:59:59.999,0.023404675941479214,0.021568661458748046,0.04983271040440928,0.021924009662115697
2019-09-10,0.06910314240643631,0.06686473241370877,0.06961646265446518,0.06710838154219133,0.037722764197268444,2019-09-10 23:59:59.999,0.016796864618976826,0.018697973042753654,0.03569622297147828,0.015555570923229066
2019-09-11,0.06711792175691686,0.06599944502711372,0.06890429872876787,0.06769290989832431,0.041718166187481406,2019-09-11 23:59:59.999,0.01836080936637767,0.02016675693410267,0.04410666665290519,0.018994862240812486
2019-09-12,0.06770613528270039,0.0674650437629043,0.07046520596317292,0.07018604280713478,0.0450809731316002,2019-09-12 23:59:59.999,0.020178972839430688,0.020742326808062,0.049356035085081004,0.02161111329780435
2019-09-13,0.07019516431369924,0.06737276776265974,0.0715675966974715,0.06947747943757843,0.03951759440755728,2019-09-13 23:59:59.999,0.017787927861034673,0.019892604088076842,0.044587137036115755,0.0196182582040799
2019-09-14,0.0695067136084889,0.06719395361743555,0.07224395731347963,0.06940909991569116,0.030761505759652242,2019-09-14 23:59:59.999,0.013918950915640556,0.01654088352767768,0.03586629655648803,0.01585327887315716
2019-09-15,0.06939676352407892,0.06662966847424784,0.07253487139929186,0.06908847377684188,0.023432056428404468,2019-09-15 23:59:59.999,0.010585889801216428,0.012651894341637675,0.02179127438793055,0.009614344132896125
2019-09-16,0.06911052421422356,0.06658263687371546,0.07083592143134412,0.06859602466325028,0.037796388269063966,2019-09-16 23:59:59.999,0.01691145766387943,0.017883660910836534,0.03557091701984644,0.015570629138062632
2019-09-17,0.0685893297328242,0.0658301312651971,0.07132380249879786,0.06797934627622995,0.029831551639900113,2019-09-17 23:59:59.999,0.013339587437363371,0.01874527475594287,0.029726886329597267,0.012986925622056954
2019-09-18,0.06798518704286818,0.06567041194978906,0.07105054617607481,0.06767989447796509,0.03158824420593966,2019-09-18 23:59:59.999,0.014088516231800267,0.01953251979642394,0.031215142507140893,0.013608875173439377
2019-09-19,0.06768340708503967,0.06630044727052106,0.06668976158995571,0.06852783940136838,0.05864498146984529,2019-09-19 23:59:59.999,0.02557777177198137,0.02809025377106339,0.060223993177178546,0.025748112136645285
2019-09-20,0.06853124656102458,0.06588656918583596,0.07067387974907244,0.0677925652810748,0.0326905017169998,2019-09-20 23:59:59.999,0.014556953267377047,0.017401709010897527,0.032019146222745376,0.013940164956408223
2019-09-21,0.06779520262139649,0.06490548999873016,0.0690994121330685,0.06602285663223084,0.026714891210801225,2019-09-21 23:59:59.999,0.011741428259220367,0.01598311749298818,0.02463086174207452,0.010577761440419647
2019-09-22,0.06601997497761417,0.0640805557253919,0.06865035863307059,0.06643546488361884,0.02869404318499677,2019-09-22 23:59:59.999,0.012548765141008536,0.016526693013720915,0.02974071333781196,0.012708047008526168
2019-09-23,0.06643665860139411,0.06371361517803811,0.06632655798785009,0.06326300473605893,0.04169634803855305,2019-09-23 23:59:59.999,0.017945877836301662,0.021723574569442728,0.03972018260262814,0.016720496453447333
2019-09-24,0.06327170851261332,0.06131500355088584,0.048612504681502244,0.051518918981922165,0.12331629454209664,2019-09-24 23:59:59.999,0.047984576578243635,0.049046555134482715,0.11456589871106243,0.043645367552467486
2019-09-25,0.051571057524582624,0.051297366700686194,0.05266735144967795,0.05090612579500907,0.07962865925910455,2019-09-25 23:59:59.999,0.02928594209540024,0.035650578565649134,0.08121619312212607,0.02924478582649783
2019-09-26,0.05091543643821556,0.048814004129374526,0.04812472117075066,0.047348059536806444,0.08902665432955334,2019-09-26 23:59:59.999,0.03159678552769664,0.03415637000346091,0.0888860436266559,0.030908181312290808
2019-09-27,0.04735507398756806,0.04692342785117321,0.04912126288321614,0.04845708990741568,0.05740449998515772,2019-09-27 23:59:59.999,0.02014522715403879,0.024134713702439116,0.061829390169638114,0.021238180112792146
2019-09-28,0.04846215089755498,0.04739374385649719,0.05057427240504293,0.04866009161301853,0.04503158626333144,2019-09-28 23:59:59.999,0.01601518931699153,0.020823265295074656,0.04845986223310443,0.016859096389296602
2019-09-29,0.048674960645737224,0.04658602314895378,0.04949051500085508,0.04715467370146899,0.041179539724348714,2019-09-29 23:59:59.999,0.014468504987113254,0.021045846134359468,0.04123408422957141,0.014176627439141786
2019-09-30,0.047156445080661295,0.04760312854206742,0.047734494362149396,0.049539409527287706,0.07316113512540348,2019-09-30 23:59:59.999,0.025660465120207723,0.02978713703490262,0.07738009308409115,0.02658815900163926
2019-10-01,0.04955485270816672,0.049133913076195905,0.05225185745521976,0.04956951982811875,0.05687412619356923,2019-10-01 23:59:59.999,0.020731571734242168,0.02533000171600104,0.05994876866673419,0.021384424817452626
2019-10-02,0.04958107755162141,0.04794787017396989,0.05203889117442563,0.05022514734621407,0.03420914749876327,2019-10-02 23:59:59.999,0.01233070467595579,0.01703367540355588,0.03628360659087731,0.01278814332476372
2019-10-03,0.05023504744414132,0.04812743682480259,0.05114897893741044,0.0489043735697607,0.03979103359421374,2019-10-03 23:59:59.999,0.014275606135454116,0.0183395311716976,0.04073773081427065,0.014297557110470595
2019-10-04,0.04891826891556678,0.04661687587890304,0.05061241707558371,0.04806099375648343,0.03451546009201407,2019-10-04 23:59:59.999,0.012273459982321114,0.016874820483428764,0.03517464182202483,0.012234841494705643
2019-10-05,0.04806994379433272,0.04615596619368554,0.050690267323899654,0.04795473353355065,0.028507765829399737,2019-10-05 23:59:59.999,0.010093431526996507,0.015479222853875286,0.02819144173918348,0.009757018693932333
2019-10-06,0.047977282680792856,0.04587810349774014,0.04846616962827677,0.04531338024064929,0.04529786494917575,2019-10-06 23:59:59.999,0.015716036307553152,0.02126225147220013,0.04371569953917325,0.014843271017738198
2019-10-07,0.045332944299112395,0.04725189654929147,0.04824178921333104,0.04857539425068089,0.06834387735696053,2019-10-07 23:59:59.999,0.024045802648855287,0.031564170423868027,0.07480920593952867,0.02576950317899812
2019-10-08,0.048591818179080905,0.04748780705756198,0.051429454456092594,0.048364622144863575,0.046319004462797395,2019-10-08 23:59:59.999,0.016587947842554317,0.02585380249274773,0.04493374968164522,0.0157462556621916
2019-10-09,0.04839726869226709,0.05073298749429742,0.05168554079923718,0.052175517800044285,0.07207394563107751,2019-10-09 23:59:59.999,0.026446328395482215,0.03519063510170788,0.07780670762779965,0.02794241069638647
2019-10-10,0.052198511186498354,0.050488423171528955,0.05460755914204343,0.05214919556931781,0.051165025459679304,2019-10-10 23:59:59.999,0.019064433689092053,0.0265926946708576,0.05479173138550084,0.01997358580904564
2019-10-11,0.052156454307921034,0.051763073609158,0.052635547964776944,0.04923986059902015,0.06598116648315093,2019-10-11 23:59:59.999,0.0242457256829585,0.030855498784740153,0.06554725494977504,0.02357857604175035
2019-10-12,0.04924384549060417,0.04819328106554794,0.053002556278266444,0.04964382428016956,0.02776049631873834,2019-10-12 23:59:59.999,0.010119483234210788,0.018295251512406584,0.03092511329686593,0.011013449140235897
2019-10-13,0.04967150469701514,0.048676483729417803,0.052124545958913596,0.04940022223344613,0.036309609148465906,2019-10-13 23:59:59.999,0.013236785081047038,0.020884888915868385,0.03730718268657595,0.013304240041792106
2019-10-14,0.04941178161776396,0.04808840059636071,0.052544039778159954,0.050111116723066826,0.03889998681957489,2019-10-14 23:59:59.999,0.014117511423960921,0.022568567118108965,0.0406085574059176,0.014411964500941742
2019-10-15,0.05010741987266187,0.048221500025867385,0.05144164904386139,0.04827623384242405,0.042795434322617176,2019-10-15 23:59:59.999,0.015445751763949024,0.02610095394416138,0.04474481596742194,0.01580094854261214
2019-10-16,0.04828566741400995,0.04613480197344596,0.04975391809666094,0.046648820647507444,0.045373462104309,2019-10-16 23:59:59.999,0.01595303066607219,0.027518625706536494,0.045747934506537,0.015741599479078456
2019-10-17,0.04669003138336728,0.04560579053065756,0.04987127880934776,0.04741459358864278,0.038697858361363996,2019-10-17 23:59:59.999,0.013591437471999118,0.02327881548100981,0.042340633009182886,0.014540462042811342
2019-10-18,0.04742520116154688,0.04551247983520127,0.04876869296164489,0.04621435814551629,0.040928342241694754,2019-10-18 23:59:59.999,0.014197708544743393,0.026123028076983013,0.04172841058934062,0.014162429098723643
2019-10-19,0.046222549266525116,0.04535351302540177,0.04926535413229215,0.04622407114578436,0.034714754657446924,2019-10-19 23:59:59.999,0.012077868299349025,0.022835756100804155,0.03690934788969157,0.012557373289967122
2019-10-20,0.046251493723375094,0.047224430094580556,0.04929540159655445,0.04889844863959719,0.04478548750121904,2019-10-20 23:59:59.999,0.01574191555060843,0.025880475403240538,0.04799920769160946,0.01650721495598926
2019-10-21,0.048907778978184914,0.04756305761841382,0.05194923656514948,0.048645133592605694,0.039738955088572114,2019-10-21 23:59:59.999,0.014265616079009273,0.023980391863159298,0.04410716645891477,0.015483979090323972
2019-10-22,0.048654563545272485,0.04723374235148597,0.050563638724508544,0.04692331003508336,0.045265943697291505,2019-10-22 23:59:59.999,0.01617912797687131,0.02513205718566895,0.0445956291535144,0.015598463509763525
2019-10-23,0.04693324252414701,0.04487839979682349,0.04373466957398646,0.04154832994673391,0.08372288406424595,2019-10-23 23:59:59.999,0.027899319145684665,0.039949450235838464,0.0758368565348807,0.024734603967985012
2019-10-24,0.04157570126445511,0.0397622082277082,0.0441052874854555,0.041021788202201356,0.04271827328902126,2019-10-24 23:59:59.999,0.013872193199930662,0.026385486888359285,0.044431078101068146,0.014115317371613756
2019-10-25,0.04103119581109604,0.05194640278803329,0.04432976545710339,0.05309125946531877,0.11903066073938492,2019-10-25 23:59:59.999,0.042163181268628974,0.05080105451285937,0.13218634688618736,0.045823525313559446
2019-10-26,0.05310890177057515,0.06672373167531265,0.05515251088025508,0.05867604035945871,0.21349813730569359,2019-10-26 23:59:59.999,0.08710705578528374,0.07773353315679284,0.21758721294808944,0.08695662600432034
2019-10-27,0.05868527477953891,0.061314909487684775,0.06104454546332555,0.06158926052986359,0.12308774911496859,2019-10-27 23:59:59.999,0.05075834406402602,0.05241456850720261,0.12613269169994004,0.050933993745298854
2019-10-28,0.06158195443268329,0.06232251449749087,0.06188021617394515,0.05843457517279427,0.10512623324278247,2019-10-28 23:59:59.999,0.043414268428913314,0.04460650098978835,0.10594192097074102,0.042845760048443864
2019-10-29,0.05843711005721775,0.059010549187999424,0.061021717195022376,0.060401263467074875,0.08406609662764841,2019-10-29 23:59:59.999,0.034334754626503476,0.036621774712977145,0.0873476538323181,0.03493081297699811
2019-10-30,0.06041048096265767,0.05769215936187525,0.060329162166457284,0.05794484569927774,0.07234099116694447,2019-10-30 23:59:59.999,0.028950837880862286,0.03428598983696414,0.073015629239743,0.02859975155341359
2019-10-31,0.05794728825891419,0.05764663277255989,0.05947056563083236,0.05781012638555949,0.07120254616200548,2019-10-31 23:59:59.999,0.028468020236712487,0.03206202095518452,0.07257701245330912,0.02841194832033574
2019-11-01,0.057819466429335074,0.05646143643914347,0.060611979045991055,0.05869167828989033,0.05702564511709467,2019-11-01 23:59:59.999,0.02277930048085564,0.031261767943576414,0.06081194589177023,0.023771803355763964
2019-11-02,0.058698872846515406,0.05735259120603133,0.06213591229028112,0.059254158135414764,0.037732821832723785,2019-11-02 23:59:59.999,0.015296419945231437,0.021237680860071283,0.040723801265323746,0.016137858610072463
2019-11-03,0.05926659214278437,0.05724752261044196,0.06096454896756229,0.05833326857999821,0.03638014160116904,2019-11-03 23:59:59.999,0.014640493232236864,0.021277296044867253,0.0361753808258444,0.014240867160667595
2019-11-04,0.058359503946401846,0.05866891164173208,0.06144940577724936,0.06026265895324939,0.060049591129604694,2019-11-04 23:59:59.999,0.024381934844521662,0.029668422874162464,0.06587763228093146,0.02617369750661607
2019-11-05,0.060262650548813114,0.05811647846187854,0.06203396553653405,0.059440064960545796,0.060104053492210825,2019-11-05 23:59:59.999,0.024460091863064783,0.03223953377329183,0.06072023597370223,0.024184364788552362
2019-11-06,0.059440258883884246,0.05798441372758357,0.06275832405000015,0.059735243038692695,0.048795755657290225,2019-11-06 23:59:59.999,0.019905123722583077,0.02633417766891376,0.05041328203299765,0.020115518094166368
2019-11-07,0.059745535487506725,0.0573644431693655,0.061304631631258294,0.05854200095575923,0.05113810116460926,2019-11-07 23:59:59.999,0.020627165494672178,0.02626762678632949,0.052165258240073474,0.02058943831943585
2019-11-08,0.05852986829980745,0.05629212267722684,0.05735358519417051,0.05424428972714239,0.08136887828182332,2019-11-08 23:59:59.999,0.03175685266166693,0.03713039952340896,0.08003306056481418,0.03058617025498094
2019-11-09,0.05425366475189695,0.05270831471665812,0.05763532894998062,0.05459084957670744,0.0384513450674585,2019-11-09 23:59:59.999,0.014816236149523787,0.021323678002522235,0.039854442403843865,0.01501589416868294
2019-11-10,0.054597890104502105,0.0552215893859084,0.057880391385782215,0.05682542241838165,0.04496376652555463,2019-11-10 23:59:59.999,0.017540839049602384,0.024557012886300612,0.04714463063816337,0.01798539061952974
2019-11-11,0.056841376897525255,0.05451733819953627,0.056599276773144275,0.05385130173629593,0.05872620804909802,2019-11-11 23:59:59.999,0.022537832708246646,0.02718725092691649,0.058859386146130434,0.022094278604566878
2019-11-12,0.053861457648674706,0.05278356527750996,0.05610095713856046,0.05471255347006648,0.05278069942807494,2019-11-12 23:59:59.999,0.020138080771508058,0.026581723301270656,0.053823862023679406,0.02009777532813068
2019-11-13,0.05472153538493844,0.05237899944973027,0.0574121192154607,0.0542772167980512,0.03495437724822158,2019-11-13 23:59:59.999,0.013403474320664884,0.01835832046332554,0.035943704732426786,0.013472978037432352
2019-11-14,0.05429057379083318,0.05195580910813976,0.05624729219178594,0.05301025304308299,0.04370986862119539,2019-11-14 23:59:59.999,0.0165552559950277,0.0219996326233609,0.043276722098858654,0.016035534295001163
2019-11-15,0.053016629173234596,0.051861745907074965,0.05446590681052117,0.051310963646182595,0.060303328467314184,2019-11-15 23:59:59.999,0.022544874775803345,0.027708686618003717,0.060077222958298655,0.021986030848600284
2019-11-16,0.051319201898367854,0.04953838484077452,0.05446590681052117,0.05149832742135384,0.027185812009259833,2019-11-16 23:59:59.999,0.010091711528654651,0.015065595650765146,0.028414435172617627,0.010305268845887972
2019-11-17,0.05150491264164692,0.05040376629057063,0.05398475715551582,0.05160886136440457,0.03521595004710107,2019-11-17 23:59:59.999,0.013113462992706562,0.016913056034923383,0.036163931247349575,0.013165004550290372
2019-11-18,0.051622730179093336,0.04916702332297072,0.05114897893741044,0.048547032289898095,0.056266749079873564,2019-11-18 23:59:59.999,0.02048336952061868,0.023920870540729534,0.0546246809213878,0.019469597112983815
2019-11-19,0.048549858429553415,0.04648725678783574,0.05059290573515364,0.048027095385547836,0.05697468620969839,2019-11-19 23:59:59.999,0.020183192931463822,0.02333741704790534,0.05807154867187765,0.02013055614147614
2019-11-20,0.04803827972408744,0.04691674936389762,0.05093825646076576,0.04768102118599618,0.042391962037157456,2019-11-20 23:59:59.999,0.01502546741214143,0.01883462243641139,0.04455332986055237,0.015445965530022053
2019-11-21,0.047695705565329434,0.045698066530902116,0.04568580361699277,0.043113288549926757,0.07651862278880096,2019-11-21 23:59:59.999,0.02600665645427222,0.02811226220706115,0.07164342401356008,0.023842854952324175
2019-11-22,0.043123161286381016,0.04207917299633624,0.038759277764320366,0.03962136782354975,0.16617858247234613,2019-11-22 23:59:59.999,0.05250151084192741,0.053572540724804156,0.16228603228619748,0.05022133317064795
2019-11-23,0.039630789170616,0.03826472206675665,0.041588519683381675,0.04004232925516829,0.06603982745785256,2019-11-23 23:59:59.999,0.020812041894589673,0.027059996179072725,0.06892208524995772,0.021267062333077093
2019-11-24,0.04004718140724647,0.03813218701645637,0.039451930349587605,0.036076608375714386,0.08897320464943735,2019-11-24 23:59:59.999,0.027538708713086665,0.029160257941497767,0.08895013170437219,0.02695992593005686
2019-11-25,0.03605644013679266,0.03857710595749284,0.036076468455186694,0.038080303201016366,0.1570298472289661,2019-11-25 23:59:59.999,0.04756269659887074,0.04451406555859776,0.16139331473985888,0.04796956693361228
2019-11-26,0.03809381908607196,0.038222581752679625,0.04097849762483574,0.0385326376235008,0.08612261473427622,2019-11-26 23:59:59.999,0.026833244205946374,0.028366574612277057,0.08872014959591291,0.027066559095562864
2019-11-27,0.03852856871312071,0.04118557258622068,0.03924706127507195,0.041955304657966416,0.12127222063539897,2019-11-27 23:59:59.999,0.03840220454625646,0.03809771955812842,0.1254320983032578,0.038927075615051425
2019-11-28,0.0419586811079433,0.041072696744942926,0.044320009786888354,0.04109055624409935,0.07456616577211286,2019-11-28 23:59:59.999,0.024426638065602555,0.025411531474428563,0.07691227101106436,0.024672315978931807
2019-11-29,0.04109054166054348,0.04301980500698419,0.044342447828382925,0.044200561799935506,0.07957791298791664,2019-11-29 23:59:59.999,0.02645558754705864,0.026986678523629442,0.08411813586273036,0.02738144617679589
2019-11-30,0.04422266213048102,0.04264355220272501,0.045110219074305916,0.0422794274769122,0.0614894466087937,2019-11-30 23:59:59.999,0.02048582318116111,0.02262289839145269,0.0632137573100301,0.020615212124917594
2019-12-01,0.04227658448804394,0.04012124746617252,0.042856659254633625,0.04081276443643231,0.0796095266092984,2019-12-01 23:59:59.999,0.025511833036931872,0.027488865045321612,0.08289886811844872,0.026010510030793885
2019-12-02,0.040828098967897,0.03898035490045763,0.04228205027896827,0.039874391480533206,0.06062265200722861,2019-12-02 23:59:59.999,0.019291403941046645,0.021333598222927193,0.06401437256735246,0.019943415994237577
2019-12-03,0.03988517015212643,0.038786960959068396,0.043162499515874864,0.03985914207011232,0.043290406405827035,2019-12-03 23:59:59.999,0.013822540342781133,0.01729390052292044,0.044254728755847524,0.013827072278795559
2019-12-04,0.03986856108460513,0.04207917299633624,0.04146159841388411,0.03890347997373604,0.10904414695358321,2019-12-04 23:59:59.999,0.03479622584774973,0.03377454006310574,0.11158870375984867,0.034883527483160995
2019-12-05,0.038915530847652015,0.03958649816811916,0.04227131904173173,0.04079440686592563,0.07768617722714212,2019-12-05 23:59:59.999,0.024836968731221206,0.0281317741637517,0.08203120837910471,0.025677699668221823
2019-12-06,0.04080381670543896,0.0405744439689027,0.043783447925061614,0.042139366013046506,0.0630669485229694,2019-12-06 23:59:59.999,0.020380287645229825,0.024025394187512927,0.06897114294162693,0.0218192487894234
2019-12-07,0.04215196791710928,0.04085277698085344,0.04539469441777623,0.04175803362252173,0.041119673088341226,2019-12-07 23:59:59.999,0.013514579116354999,0.017175711936771275,0.04302685014930935,0.01383123164062288
2019-12-08,0.04175869239433889,0.04032959745653105,0.044464979046283715,0.04197074832839265,0.038960783349271666,2019-12-08 23:59:59.999,0.012730890315319127,0.01677640664126565,0.04066898260933698,0.012997916805643306
2019-12-09,0.041980146627956204,0.04113854098568829,0.043471266478180615,0.04030526017242518,0.06100613678759761,2019-12-09 23:59:59.999,0.019840057132654066,0.023486286050803617,0.06318577898691895,0.02011630067206797
2019-12-10,0.04031467481048422,0.038858448991877646,0.04234058430025846,0.03919302451172747,0.06508498941306169,2019-12-10 23:59:59.999,0.020736529004245396,0.02874130929565384,0.06587028872701377,0.020544889244292562
2019-12-11,0.039202644318955863,0.03761587410581169,0.04203386602869785,0.03905577981793952,0.0392713703017881,2019-12-11 23:59:59.999,0.012374811838487204,0.017482975982029556,0.04114905631170751,0.012683171011079878
2019-12-12,0.03906520671344336,0.037799297347888054,0.041591348827744026,0.03894000085474403,0.05530802217058127,2019-12-12 23:59:59.999,0.017331304840620194,0.02163140192554763,0.05548470342304776,0.017019647299771706
2019-12-13,0.038946320756448806,0.03793145614538409,0.042668960159696415,0.03952666607093598,0.036006028526470155,2019-12-13 23:59:59.999,0.011386540637027983,0.016423023425647883,0.03800935773615738,0.011756573677310917
2019-12-14,0.039525307022498284,0.037580788531814534,0.04092503655205737,0.03763816742881343,0.038572985210443014,2019-12-14 23:59:59.999,0.012026019407368733,0.01804468382615149,0.038271528553065745,0.011676013410363048
2019-12-15,0.03764848239259153,0.036908518833804436,0.040889428355772514,0.03816791446343444,0.034409536783327886,2019-12-15 23:59:59.999,0.010674609734624241,0.017113891225505926,0.03662124403751366,0.011112144108619507
2019-12-16,0.03818716010296067,0.03643538093244852,0.03920803859421182,0.035964326092615406,0.05737960566270083,2019-12-16 23:59:59.999,0.01755181662487659,0.02424534715384278,0.057260176946721746,0.0171502242587604
2019-12-17,0.03597106370199019,0.034480841677523126,0.03651547361486311,0.033362213320797085,0.07053065890984632,2019-12-17 23:59:59.999,0.020791500163687002,0.029691285368870588,0.07059753229620347,0.020381807188215185
2019-12-18,0.033371890328481695,0.03916321376332758,0.03529601483798417,0.0397146126261233,0.12545877288434584,2019-12-18 23:59:59.999,0.03739504264631123,0.04677088285231433,0.13286598668042354,0.03887506216223665
2019-12-19,0.03972403305845488,0.038598834556938806,0.04118170823541485,0.03847591370193522,0.0726924318436287,2019-12-19 23:59:59.999,0.02269940093636293,0.028749455701814208,0.07312228644967791,0.022350171472000573
2019-12-20,0.03849515631997844,0.037093823339902084,0.041583544291572,0.03884044260199622,0.041952551426349335,2019-12-20 23:59:59.999,0.013104699393025497,0.02040628755394695,0.04425941987158724,0.013525469357842683
2019-12-21,0.03885161993286245,0.03681708940236946,0.041832313882055314,0.03830545054723043,0.025298673748250525,2019-12-21 23:59:59.999,0.007907048104596434,0.013796924284936061,0.026856285802668686,0.00820336614810994
2019-12-22,0.038303617833709426,0.03990198614449048,0.042002745440711906,0.04188653661606841,0.0511643797901383,2019-12-22 23:59:59.999,0.016296036190349243,0.023286830493522426,0.054892400746671746,0.017112743113575392
2019-12-23,0.04188884532111397,0.041565399792120324,0.04340141587944099,0.04009594501664808,0.08918595357650505,2019-12-23 23:59:59.999,0.029187068066441536,0.03472182256654366,0.0891014851689383,0.028561556323689494
2019-12-24,0.040107401418142404,0.03913198478057408,0.04233999896004555,0.03950034384020949,0.05707124815490412,2019-12-24 23:59:59.999,0.01817705959660746,0.025130677552367597,0.057367091178321755,0.017883743685255256
2019-12-25,0.03950976637452514,0.037580788531814534,0.04206508417338596,0.03900362100649994,0.035851087045617895,2019-12-25 23:59:59.999,0.011297052108534758,0.018905640703019085,0.038366973970443315,0.011825865595624105
2019-12-26,0.03901673931757712,0.039116182162795186,0.04234077941366275,0.03897807581579489,0.04738031648494653,2019-12-26 23:59:59.999,0.01501986876999293,0.02204404367629966,0.0502554079956918,0.015589989474702979
2019-12-27,0.038987503473577635,0.03761926038105003,0.0415534968273097,0.03949033944993337,0.04393897856356349,2019-12-27 23:59:59.999,0.013813118945642426,0.019387723996605842,0.0449034860430775,0.013815652006580121
2019-12-28,0.03950005346954193,0.03845783381854268,0.043136354319698575,0.04008671766639341,0.035005483682712585,2019-12-28 23:59:59.999,0.011185332348467933,0.017767968803994578,0.03692973113733574,0.011539252484545496
2019-12-29,0.04008855838247496,0.039995202776745696,0.04361760153140608,0.040787024985721884,0.04097295195065011,2019-12-29 23:59:59.999,0.013212858451504775,0.018464749318001274,0.04254807295846402,0.01342241666350299
2019-12-30,0.04079828034959853,0.03886446903674579,0.042954215956783934,0.039405447827590354,0.03863074606354895,2019-12-30 23:59:59.999,0.012341213161944063,0.018190136594208327,0.03659289353723213,0.011434338978873079
2019-12-31,0.039414871292839125,0.038034455350550035,0.042222638247358724,0.038912318803979995,0.033829210940229004,2019-12-31 23:59:59.999,0.010681230932608532,0.01641257763065193,0.03346434890561734,0.010336771173533054
2020-01-01,0.0389218442358911,0.037423044543628874,0.042516674147639766,0.03896690586548661,0.02178142737905778,2020-01-01 23:59:59.999,0.0068846953572875924,0.012604395537976838,0.02372646245417793,0.007326821889773293
2020-01-02,0.03897555660044829,0.03702327593910349,0.04007375676909372,0.03668299098245055,0.04171508834394896,2020-01-02 23:59:59.999,0.012883659748786058,0.019742815329644326,0.04025791524372928,0.012161136049519863
2020-01-03,0.03669030431599731,0.0388339925596008,0.03954987727854653,0.040366646334119446,0.08968104168816868,2020-01-03 23:59:59.999,0.028293140301034747,0.03401131141634732,0.09484245452674843,0.02931253187932446
2020-01-04,0.04037644888617747,0.038824586239494314,0.04346355949871074,0.04045552028657236,0.03913314530380392,2020-01-04 23:59:59.999,0.012533912542351838,0.018212276423853833,0.04353442284010034,0.013638226540405876
2020-01-05,0.04046571048297321,0.03968056136918396,0.04391027163785703,0.040500588607816246,0.050104033092060914,2020-01-05 23:59:59.999,0.01625432126721796,0.02148654042890566,0.05176988502387994,0.016434890008753675
2020-01-06,0.04049922000516532,0.04250565554996403,0.044190844713241334,0.044378503964846716,0.07154400333562906,2020-01-06 23:59:59.999,0.023611133872442215,0.02941798658155512,0.07685104871250446,0.024838151427874634
2020-01-07,0.04439662025873042,0.046384257582669806,0.047868244600797485,0.04814015470866827,0.11958750380651743,2020-01-07 23:59:59.999,0.04141154898054822,0.044881573591348416,0.12312125655846724,0.041739432374307384
2020-01-08,0.048155708745334515,0.04871062867140432,0.04929540159655445,0.04727278378472882,0.1477947353127892,2020-01-08 23:59:59.999,0.05298986033586165,0.054411554862497866,0.1468163157025838,0.05157782962637846
2020-01-09,0.047269891810865265,0.044957130696114726,0.04812472117075066,0.044958952860867096,0.08417268414686406,2020-01-09 23:59:59.999,0.02898939764657648,0.031314194009027796,0.0843019348172309,0.028422991382821016
2020-01-10,0.04496812758794282,0.046302610724145564,0.047363778893978206,0.04864270534253867,0.10806196881035929,2020-01-10 23:59:59.999,0.03732157966051101,0.03967746538500047,0.11289932407746052,0.038207700798489876
2020-01-11,0.048669909935145965,0.04712415872224548,0.05059446664238805,0.04692340716508604,0.07177325062727269,2020-01-11 23:59:59.999,0.02542648377321527,0.030678971418990956,0.07434879546333674,0.025783586099950895
2020-01-12,0.04693275687889784,0.046283798083932605,0.05017341191590728,0.048525760819310995,0.04984157781576893,2020-01-12 23:59:59.999,0.017657366087546065,0.02289593439147266,0.05247220132582853,0.01818501963063753
2020-01-13,0.04853499768492909,0.04627439176382612,0.05110888313282666,0.0478007824793016,0.04067399442024349,2020-01-13 23:59:59.999,0.014411037279433124,0.018854397180397435,0.040454369348198564,0.014022147876132705
2020-01-14,0.04781012358603171,0.05270831471665812,0.051593252159002984,0.0545966773768683,0.15802052977775888,2020-01-14 23:59:59.999,0.05907798126212262,0.059992697141058184,0.16662043441107588,0.061004110618590374
2020-01-15,0.05465092256571046,0.05305145727414249,0.05606583672578634,0.05470740557992439,0.1112304004012594,2020-01-15 23:59:59.999,0.04252865149715695,0.050054081625413006,0.11325104252237475,0.042411563076253676
2020-01-16,0.05470308086547034,0.052518401113708306,0.056280461470517046,0.0537225073527412,0.06806642262482777,2020-01-16 23:59:59.999,0.02581115533014009,0.03553613469846078,0.06922543193782746,0.025692381327950018
2020-01-17,0.053733150173846424,0.05422884636187054,0.05712374160390438,0.055599738914552804,0.09292799866247738,2020-01-17 23:59:59.999,0.03599284384861918,0.04429608349698413,0.09629504170350721,0.03651726656541352
2020-01-18,0.05560890638420502,0.053732474849851615,0.05843041607250568,0.05562576975527124,0.05005624854784911,2020-01-18 23:59:59.999,0.01946109510791056,0.02995965689439551,0.05167895230873358,0.01965624203101883
2020-01-19,0.05562658387127447,0.05570874270422297,0.05510978104471326,0.053544662317832684,0.09263759139962931,2020-01-19 23:59:59.999,0.03567116665414818,0.04030578980853055,0.08966643984721466,0.03381744636723081
2020-01-20,0.05355414133500575,0.05145718007929528,0.0556490744942002,0.0529681957519222,0.050847716270609036,2020-01-20 23:59:59.999,0.019208866645212718,0.02515222611059824,0.05176586659818723,0.019132270480040164
2020-01-21,0.052977486166152256,0.05185233958696849,0.05532440578944395,0.05387810961703583,0.04768923641850595,2020-01-21 23:59:59.999,0.018041279173285706,0.023878693179802485,0.0498391124030856,0.018450340692799445
2020-01-22,0.05388748823402973,0.05212512287005639,0.056319484151377164,0.05335681289264804,0.037939923766441744,2020-01-22 23:59:59.999,0.0144100021899668,0.020712303359551622,0.038484711463859435,0.014293906349553121
2020-01-23,0.05337008178557382,0.05093813933581973,0.05355267852169206,0.050658152898165026,0.06303651586130002,2020-01-23 23:59:59.999,0.023273206633882857,0.030394766958912422,0.0619971191735089,0.022396516360258373
2020-01-24,0.05066746597399408,0.049397478165579455,0.05288548823568606,0.05099305714740837,0.05451763508237669,2020-01-24 23:59:59.999,0.019977652987348115,0.026614965894150855,0.05667520911641394,0.020323021704955268
2020-01-25,0.05100226980876552,0.048675449034206085,0.053050359062320085,0.050037103661024054,0.03325944294478464,2020-01-25 23:59:59.999,0.012132809516238784,0.01845850811973325,0.03474750227211588,0.01239309091728803
2020-01-26,0.05004088647352684,0.050245081670374316,0.05342848883985471,0.05270254519459025,0.040635504749686586,2020-01-26 23:59:59.999,0.015057209243144963,0.021710106720548576,0.042009359004370396,0.01522083275059364
2020-01-27,0.052705913342821535,0.05383707312943568,0.05578292228955044,0.05554427768302206,0.07067329705757193,2020-01-27 23:59:59.999,0.027038947834412932,0.03363959878686873,0.07615334995390736,0.028524825693245198
2020-01-28,0.055553542825800696,0.0575996011720275,0.058976928717951765,0.060076752128118346,0.09777642294491276,2020-01-28 23:59:59.999,0.03868544189519984,0.040372340691114825,0.10353393704019836,0.040110443757616195
2020-01-29,0.06009694838979946,0.058062768374070546,0.062426533705986914,0.0593708112686344,0.07052933762509551,2020-01-29 23:59:59.999,0.028756369421763253,0.032217196853174694,0.07087826871526132,0.02828513872556552
2020-01-30,0.05938042738918765,0.05927392615098085,0.06231375815830116,0.061426859165381306,0.07942201534171493,2020-01-30 23:59:59.999,0.03256208678426975,0.03464962175710623,0.08218514074415317,0.03299327644409745
2020-01-31,0.06141965179041376,0.05882449217629326,0.062368097241398884,0.05986967096240291,0.05959930294165839,2020-01-31 23:59:59.999,0.024323931313157573,0.028012731518892175,0.059848200330494525,0.0238976213483386
2020-02-01,0.05986743244504606,0.05820659100849863,0.06306065226996398,0.06017776733090638,0.03727916793070236,2020-02-01 23:59:59.999,0.015297459794114551,0.021865151224891004,0.03902369824077564,0.01565663118333741
2020-02-02,0.06018504443799722,0.05832417000982961,0.06148998936534389,0.0596620070166714,0.059781938499972424,2020-02-02 23:59:59.999,0.02445477391544458,0.029195997013685176,0.06013090564422826,0.02408636986091601
2020-02-03,0.05967200879678378,0.059657609948124156,0.06260213576985749,0.05928057749614393,0.06662135529876838,2020-02-03 23:59:59.999,0.027221321897892,0.03218953849032378,0.06598326271451992,0.02639266432363116
2020-02-04,0.05928116150025919,0.05712928516670351,0.06122668382624019,0.05835570561061748,0.06979836263201918,2020-02-04 23:59:59.999,0.02806625235712343,0.03460757578982693,0.06951132842888277,0.027361001814949677
2020-02-05,0.058364943173192456,0.06083960813270437,0.062048208815047995,0.06238679498187555,0.08500228921537652,2020-02-05 23:59:59.999,0.03507507794349234,0.043333953511350706,0.09425563921795496,0.038068248968400546
2020-02-06,0.06239589587027677,0.061950682663681735,0.06545420595722197,0.06394048650475744,0.08510655396821218,2020-02-06 23:59:59.999,0.03608883030725087,0.044675548351679834,0.08563011651085362,0.035550638510010606
2020-02-07,0.06394966928044177,0.06216166642367007,0.06744094819651314,0.06434581000594436,0.05751389182624726,2020-02-07 23:59:59.999,0.024608273741022528,0.03811046474195996,0.060519415372408625,0.025333368902777903
2020-02-08,0.064356348612089,0.06267901402952644,0.06682741409668981,0.06513567118774452,0.057033573757908865,2020-02-08 23:59:59.999,0.024438609625027252,0.033664366489469195,0.06033365943881539,0.02529656015093135
2020-02-09,0.06514474510957663,0.06480484237359083,0.06891161548142914,0.06762899835656036,0.05678061675123009,2020-02-09 23:59:59.999,0.024991732197109612,0.03512776324126055,0.059650202641613054,0.025679241226961348
2020-02-10,0.0676378535606684,0.06501178141593336,0.06769459562210396,0.06471587531615816,0.07803649114165866,2020-02-10 23:59:59.999,0.03373238587515023,0.04520959783295085,0.0762242209179885,0.032249368217886945
2020-02-11,0.06472417632380337,0.06628718435917094,0.0671482780900622,0.06832182666568241,0.08178323121486153,2020-02-11 23:59:59.999,0.03572954571443893,0.04651446814873446,0.0849946056800726,0.036332425014709936
2020-02-12,0.06833096646027068,0.06747623728383101,0.0722512740661409,0.0693259566333964,0.07992343687488479,2020-02-12 23:59:59.999,0.03600356838356008,0.056203764217778146,0.08295705771027208,0.03657741457743238
2020-02-13,0.06932411099480446,0.067946553289155,0.07085543277177418,0.06838544681743833,0.10403499933821157,2020-02-13 23:59:59.999,0.04663961593798465,0.06114068344143089,0.1025276088005673,0.04501393943484201
2020-02-14,0.06837661711369178,0.06683246873574356,0.07116146814641973,0.06949981933819502,0.06155394104790533,2020-02-14 23:59:59.999,0.02756920978012275,0.040742345203172686,0.06308938465679431,0.02764650294044862
2020-02-15,0.06950894757663506,0.06677076327584505,0.06813360078178038,0.06522959590033685,0.07551717625075109,2020-02-15 23:59:59.999,0.033202962320130376,0.04845981680046482,0.07125969812650672,0.03068082724661885
2020-02-16,0.0652362406745185,0.0637137092412392,0.06654459721715605,0.06535149405370125,0.07862942789973301,2020-02-16 23:59:59.999,0.03387516367256994,0.04637650481859925,0.0783251359699775,0.03304327781806184
2020-02-17,0.06529684920161377,0.06290627072329899,0.06473540817577844,0.06329942848706423,0.09209072776179986,2020-02-17 23:59:59.999,0.038881067967535106,0.050974494127886495,0.08850796228079959,0.03660003205344019
2020-02-18,0.06330861755154954,0.0655949732625351,0.06593867254010043,0.06775487884003464,0.09254190774893646,2020-02-18 23:59:59.999,0.0398464921170967,0.04738449118729666,0.0994018665193112,0.04191170753872311
2020-02-19,0.06776470409974919,0.0655949732625351,0.06373379351480114,0.06220953272698311,0.0722368466465016,2020-02-19 23:59:59.999,0.031303927790679136,0.03853821676220299,0.06778866380394181,0.028797443970982273
2020-02-20,0.06222708558166847,0.06041209088386488,0.06422157702555273,0.06223507791768815,0.07879819478421807,2020-02-20 23:59:59.999,0.03292667208029111,0.04370376093293695,0.07949153422618653,0.03251202427834545
2020-02-21,0.0622519506184255,0.060943642033082036,0.0656869762485526,0.06301823712930334,0.05516726002768178,2020-02-21 23:59:59.999,0.0233223434267585,0.030775414356437856,0.05761398635365601,0.02382727884885976
2020-02-22,0.06302742895228544,0.060507753159347775,0.06578267937336207,0.06276385365228236,0.03209648862430146,2020-02-22 23:59:59.999,0.013545691583529154,0.020878976201719735,0.03525586595214495,0.014536989458876201
2020-02-23,0.06277295084172521,0.06314933003485043,0.06661171622823546,0.06553730374882959,0.04927692648617601,2020-02-23 23:59:59.999,0.021233980693139056,0.02889228059691609,0.053317392331606143,0.02246797970906789
2020-02-24,0.0655464708596824,0.06314933003485043,0.06493920412657045,0.06281504116369513,0.07307054577565912,2020-02-24 23:59:59.999,0.03098336355863944,0.03857921158030031,0.07037463668263552,0.029215354462980403
2020-02-25,0.06281831010799682,0.06018633920130937,0.062758226493298,0.059509804302470604,0.07120691138131931,2020-02-25 23:59:59.999,0.029429648170311976,0.037902205810279664,0.0700864303857973,0.02836139979840563
2020-02-26,0.05952524680248738,0.05738739459042532,0.05674512404285899,0.054356183490230664,0.12084810800612532,2020-02-26 23:59:59.999,0.04751055180053886,0.05708167087520521,0.1117441116263622,0.04302942706531347
2020-02-27,0.054372744966991175,0.053571532712829766,0.055743899608690306,0.05472488898040692,0.09501332254977013,2020-02-27 23:59:59.999,0.036415827861193684,0.045625984302663694,0.09434746603950296,0.03540522639951487
2020-02-28,0.05473455067761595,0.05289644111878771,0.05490491197019759,0.05345928504547627,0.09326656447546346,2020-02-28 23:59:59.999,0.03519671114224409,0.04293773596656715,0.09404214861557941,0.034756815025640646
2020-02-29,0.053448076412589036,0.051861745907074965,0.05567121986558832,0.05181487410009053,0.04802257364118856,2020-02-29 23:59:59.999,0.018186102771728767,0.027068536766176335,0.05033276960344981,0.018648535520015008
2020-03-01,0.051824175828445236,0.051485493102815784,0.05457321918288652,0.05189520061230753,0.05741669910609458,2020-03-01 23:59:59.999,0.021458107239003283,0.03086870384633881,0.05812930864621417,0.02125771939136264
2020-03-02,0.051889155162782925,0.05351490666578875,0.05542196249159427,0.05561877639507823,0.07912558763450563,2020-03-02 23:59:59.999,0.030228974546448836,0.03694671120385751,0.08314726111328219,0.03109790238812867
2020-03-03,0.0555886064127901,0.05308127530888004,0.056914580034494094,0.05411161014348044,0.07222686658075611,2020-03-03 23:59:59.999,0.02766800969945508,0.033545389541433546,0.07178182062772549,0.02691520912028296
2020-03-04,0.05412088934077639,0.05241004030608167,0.05700238106642938,0.05402225054101413,0.05058451685634778,2020-03-04 23:59:59.999,0.019346407281282924,0.029738587082059804,0.0513000978136557,0.019193733025822685
2020-03-05,0.054032696163528786,0.055336628680810636,0.05784663676683821,0.05697315715245914,0.07623338887200053,2020-03-05 23:59:59.999,0.029953865191021015,0.04056115336292844,0.08119647217008397,0.031210824937708208
2020-03-06,0.056982019761682205,0.055436147547537194,0.06017785172142215,0.057723000773154814,0.05727303440827143,2020-03-06 23:59:59.999,0.022710326025981976,0.03226127942199409,0.05935206802198341,0.023024870694147735
2020-03-07,0.0577226287666524,0.055605461309453826,0.058709623354059895,0.05534117884741653,0.059428597208916065,2020-03-07 23:59:59.999,0.023419473637891142,0.031747793046595606,0.05931245264141847,0.022874232045298287
2020-03-08,0.055336750786575316,0.052771901440577924,0.050563638724508544,0.04705259006865149,0.10165880257256707,2020-03-08 23:59:59.999,0.03755962627189016,0.048522885751383776,0.09283591721852004,0.03359756759402446
2020-03-09,0.04707602222740028,0.04611740028124898,0.04697364964207909,0.046047877320921415,0.15350985775866538,2020-03-09 23:59:59.999,0.05255339905426319,0.06090627717384878,0.15468846894417015,0.05187185085146089
2020-03-10,0.046057235623710786,0.045832294718821574,0.047910193982722116,0.045704911281455554,0.11381712637735347,2020-03-10 23:59:59.999,0.03943594274710914,0.048311801856276905,0.11640015369345938,0.039490952266258324
2020-03-11,0.045714370077803275,0.04424262662082654,0.04656381393634561,0.04609304277216798,0.10482141656409445,2020-03-11 23:59:59.999,0.03570061542837188,0.04580697905243632,0.10792530178541239,0.03599877308069043
2020-03-12,0.046102983406181734,0.04411253721375393,0.01554078265254527,0.015647449171869596,0.3435704341780972,2020-03-12 23:59:59.999,0.09319637856417345,0.1161952788160066,0.3182163004244801,0.0846160995516402
2020-03-13,0.01565720283294357,0.025194828405205462,0.00941548999463341,0.02320999118059576,0.5285806553762683,2020-03-13 23:59:59.999,0.11811742938904862,0.15160704942687409,0.5269430208112983,0.11580375018461904
2020-03-14,0.02319480561611821,0.022236728858119774,0.021834458178368578,0.019261268051611005,0.17973190790199714,2020-03-14 23:59:59.999,0.042124378520843324,0.07252745404572868,0.1762594421799929,0.04050456907333682
2020-03-15,0.01927496855204188,0.02505373360360827,0.022204880976433326,0.021099356222342235,0.18368470273098456,2020-03-15 23:59:59.999,0.04310373623212096,0.06803306862769058,0.18809931866117066,0.04329145980202062
2020-03-16,0.02109953775313894,0.01964905019682725,0.015854134779852078,0.017871434843251606,0.2985609540381189,2020-03-16 23:59:59.999,0.06371343717683818,0.10551061016844929,0.2904727694611776,0.06075094468667719
2020-03-17,0.017880001138352454,0.021150110759419256,0.020530320184023156,0.020626721629297518,0.19706285404441573,2020-03-17 23:59:59.999,0.04535931681113922,0.07010271567019039,0.199194883721721,0.04493118888634449
2020-03-18,0.020636329314489388,0.02031454734436068,0.021388038709328733,0.02140764685085105,0.18001791109098336,2020-03-18 23:59:59.999,0.041156476562322054,0.06311428172742703,0.17359624408093444,0.038905068811779395
2020-03-19,0.021419383714236233,0.02938064085258886,0.0237602274788158,0.02888014934709212,0.26140527430435834,2020-03-19 23:59:59.999,0.06663650383081939,0.09207114230221118,0.2640796316125148,0.06595134628914208
2020-03-20,0.02888656793628256,0.034083800905828625,0.027832927123485028,0.02932685022942106,0.28806939338126525,2020-03-20 23:59:59.999,0.08020669610735265,0.1036640695398253,0.2793115422463479,0.0762638239920907
2020-03-21,0.029299560656168885,0.029916612972256056,0.029686699577745328,0.029119186283689535,0.16921684310364654,2020-03-21 23:59:59.999,0.0454631987493347,0.06496239907982401,0.16884610036734957,0.04445700489554187
2020-03-22,0.02912929343181312,0.029454668591826848,0.0284573875739492,0.0255177029142886,0.15633325220693808,2020-03-22 23:59:59.999,0.04133670284042308,0.06241894654354557,0.15247065045489713,0.03952451760228095
2020-03-23,0.02552590281208996,0.03126190487388476,0.028008529187355594,0.03184203164884007,0.21624066557865507,2020-03-23 23:59:59.999,0.05809257217124234,0.07208603708611987,0.22438076381862684,0.0590818872734057
2020-03-24,0.03183152072719354,0.033453577458694504,0.0346748713153931,0.03453651505320782,0.198441045901571,2020-03-24 23:59:59.999,0.05731182894010259,0.0663876916737685,0.19408023791442963,0.054922094809980844
2020-03-25,0.0345456948957033,0.03462899121920019,0.035442349891209646,0.0338829272651688,0.17348004309536094,2020-03-25 23:59:59.999,0.050346787413739894,0.05978581784267924,0.16935066860187745,0.04818009129835458
2020-03-26,0.03389230777748239,0.03295504249305108,0.03602769010411154,0.03446502737123475,0.10887695408330117,2020-03-26 23:59:59.999,0.031582050270252175,0.043774713502720775,0.10959459831716982,0.03114788448837765
2020-03-27,0.03447362514072785,0.03354378406851564,0.03359852822056868,0.030791085019833943,0.1087302214146932,2020-03-27 23:59:59.999,0.03151270459953967,0.04214306718498833,0.10243153602306353,0.02910733621145707
2020-03-28,0.030800592992275028,0.029004388048329673,0.031286434379606196,0.02960163100700501,0.12220166321190956,2020-03-28 23:59:59.999,0.03303927867629563,0.04752738177922241,0.119834562131194,0.03174206622177251
2020-03-29,0.029611150648030445,0.028120193958320598,0.029750501660951632,0.026151281921775384,0.08295253967804923,2020-03-29 23:59:59.999,0.021914913059646754,0.03249075842778566,0.07745736950009936,0.020047949910722587
2020-03-30,0.026151899538258208,0.031252498553778284,0.029664651763059352,0.031133662539289085,0.1560354911186267,2020-03-30 23:59:59.999,0.042749529672554416,0.05136709834735698,0.15693643126502488,0.0421006693776571
2020-03-31,0.03114384705438187,0.030539781679310325,0.034187770701556576,0.03128965332359443,0.09482135953957502,2020-03-31 23:59:59.999,0.026614399254079706,0.03521862194867817,0.09253514410714866,0.02543460503751396
2020-04-01,0.031315668343534955,0.032013846103196734,0.03251672195042382,0.0335477316259174,0.12790999826609456,2020-04-01 23:59:59.999,0.035360625357655405,0.04966075474087991,0.13104520918335666,0.0355134682583022
2020-04-02,0.033561486233754066,0.036886884297559534,0.036427672582927825,0.03501604587644287,0.1960240071333453,2020-04-02 23:59:59.999,0.058033542727910135,0.07219358278680146,0.19925836987968173,0.057817994048305774
2020-04-03,0.03502327843372801,0.03547593628158761,0.03692618733091595,0.034433362990360816,0.13656183433115318,2020-04-03 23:59:59.999,0.04061284816259687,0.055073844543970754,0.13615988581371324,0.03967826444785045
2020-04-04,0.03443185964930002,0.03493422630665544,0.03739358149091811,0.035626993593305026,0.09568038047143027,2020-04-04 23:59:59.999,0.028291863444601564,0.043156112209124034,0.09704026026162091,0.02811265589352149
2020-04-05,0.035640533545411364,0.034041848718153724,0.037661959978533624,0.0348090618407301,0.06503448802493747,2020-04-05 23:59:59.999,0.01924403810768671,0.03312959434313557,0.06356593544827054,0.018416831078895277
2020-04-06,0.034818530396681834,0.03836499343909173,0.03851538600894458,0.04022036855008217,0.15493414435932898,2020-04-06 23:59:59.999,0.047890748496590765,0.06270321670044798,0.15816107004717173,0.04786896122255539
2020-04-07,0.04022978402093091,0.03934842420622416,0.04155915511603442,0.038932618974540284,0.13591078524595002,2020-04-07 23:59:59.999,0.04330105731012961,0.06059106381290176,0.1301109036176421,0.04061706161050666
2020-04-08,0.03894204707825618,0.03897508736119799,0.04227131904173173,0.040525162498494485,0.0997150635339104,2020-04-08 23:59:59.999,0.03173008978332519,0.04916507220475125,0.10392940448957413,0.032383307640304844
2020-04-09,0.04052466781622135,0.03852283149047845,0.0418623613463176,0.039770073857654034,0.08003758688589667,2020-04-09 23:59:59.999,0.025409691621793642,0.044940175158243945,0.07671261200166767,0.023848472206881785
2020-04-10,0.039779493745909035,0.037806352087967905,0.038271299140164486,0.03564573968382241,0.13734337833173307,2020-04-10 23:59:59.999,0.04158783972656264,0.06220812543573419,0.1278363829482567,0.03790906099096489
2020-04-11,0.03565520003193603,0.03450050088654568,0.038466607657869425,0.03581969951862371,0.059491832079784125,2020-04-11 23:59:59.999,0.017791791694542876,0.031696418130326205,0.05631130692495331,0.01648453485140014
2020-04-12,0.035829255289235244,0.03668935157532346,0.03866172106217006,0.03608156200585111,0.09683466267587171,2020-04-12 23:59:59.999,0.029503404488311118,0.04245131668260472,0.0949557724276082,0.028344117089220595
2020-04-13,0.03609101807853291,0.03411945085903218,0.03666180866808859,0.03544166954819007,0.1264828999271617,2020-04-13 23:59:59.999,0.03712783966082608,0.05269056086429691,0.11900185567305512,0.034215704574987744
2020-04-14,0.03545239457588648,0.03481749387413403,0.03841080522423944,0.03574073282644423,0.09052277999136078,2020-04-14 23:59:59.999,0.027130553035298467,0.039845912041413176,0.08529884912699565,0.025032988223381875
2020-04-15,0.03574892956502405,0.034394209469342456,0.03695447877453953,0.03333715378010545,0.08066418363687851,2020-04-15 23:59:59.999,0.023818242278471794,0.03805298002107029,0.07955473718822903,0.023006636178042293
2020-04-16,0.033346733904575175,0.0368116337367077,0.035620585986038275,0.03800619300897093,0.1640834734994984,2020-04-16 23:59:59.999,0.049489428776356294,0.06366087930205797,0.1686462374186765,0.04989184835521053
2020-04-17,0.03801611584620624,0.03641769705064834,0.040544370300266835,0.03728364291902855,0.07087444280657573,2020-04-17 23:59:59.999,0.02183630217724558,0.035174145198915534,0.0691658388824457,0.020862358386058183
2020-04-18,0.03728560826241859,0.0377812372132836,0.04094845016057344,0.039430701628287365,0.06477568453965275,2020-04-18 23:59:59.999,0.020262285103478776,0.032356802603906755,0.06384632238180506,0.019548622739307287
2020-04-19,0.03944012484579549,0.037527925012816106,0.04135038377343275,0.03818879741401081,0.05974768552286036,2020-04-19 23:59:59.999,0.018638432479798125,0.031627830646201845,0.05727710322615048,0.017488472148733187
2020-04-20,0.03820464333193046,0.037093823339902084,0.03837880662593414,0.03533404950521976,0.11824335671380382,2020-04-20 23:59:59.999,0.03599534197151301,0.05144199272657324,0.10773748976389573,0.03213801333090249
2020-04-21,0.03536439565673855,0.034460053710087805,0.038486118998299484,0.035475276529117625,0.07874213511151165,2020-04-21 23:59:59.999,0.02352353387795542,0.03637265235684728,0.0738578665605835,0.02160398056951915
2020-04-22,0.03548464142043075,0.03649539325472786,0.03903243653034125,0.038231534615190355,0.08055240164803801,2020-04-22 23:59:59.999,0.02463843728106791,0.03327583547307889,0.0752634397616718,0.022541812484979752
2020-04-23,0.038240775338468015,0.041966297155058487,0.04100308191377762,0.04170150396096152,0.13484356153614405,2020-04-23 23:59:59.999,0.04325057881192379,0.057743960556678096,0.13988976990801694,0.043922413582516494
2020-04-24,0.041726154162645114,0.040818349849263726,0.044593168552909235,0.04192111489702277,0.07883735049178904,2020-04-24 23:59:59.999,0.025832098448427574,0.03934845569103993,0.07834214150604808,0.025125043724611905
2020-04-25,0.04193051368349197,0.041655888591544656,0.04501334526907065,0.04224815161604899,0.057393326871238375,2020-04-25 23:59:59.999,0.01891364853741724,0.03414855208141992,0.05618858192867483,0.01812895134264532
2020-04-26,0.042261043840070796,0.041608856991012265,0.04549069021269214,0.043748130247448405,0.06613545353154394,2020-04-26 23:59:59.999,0.021943294382923355,0.03628612963980534,0.06578603920763283,0.02136900869538122
2020-04-27,0.04375751111083483,0.04247442656721052,0.04671990465978612,0.044539934029302175,0.08575303351109377,2020-04-27 23:59:59.999,0.02880430958618448,0.04175998900497956,0.08416409133431219,0.027680790138850976
2020-04-28,0.044538525800535196,0.042361362599530626,0.047238125861608596,0.04419376269974784,0.06058648603141608,2020-04-28 23:59:59.999,0.020408107890069707,0.03266846833636459,0.056707264501095596,0.018696863494961708
2020-04-29,0.04419925402947147,0.053393941389219414,0.047734982145660146,0.0542913006484399,0.241057544205844,2020-04-29 23:59:59.999,0.08791705028584887,0.09401051254296902,0.24393137743218585,0.08709917220081821
2020-04-30,0.05430067521201571,0.05816398037841627,0.05447566248073621,0.05275111019593064,0.27094709904666364,2020-04-30 23:59:59.999,0.10526061535446668,0.10901737523319088,0.2653406535565267,0.10103220418668633
2020-05-01,0.05276040273977738,0.05439373915333714,0.05654932774164331,0.05476131273141223,0.11997821950006089,2020-05-01 23:59:59.999,0.04607461587566761,0.05674937634005097,0.11930838450215131,0.04485309751463943
2020-05-02,0.05475805590767533,0.05393113633050047,0.05790965839642731,0.05617057194030778,0.07728565071157374,2020-05-02 23:59:59.999,0.029938796209153146,0.04176550753818497,0.08097836570027772,0.030701967924171302
2020-05-03,0.05618497877875953,0.05571833715073158,0.05750967591761101,0.05541402634942713,0.11821255273267911,2020-05-03 23:59:59.999,0.0462341965423077,0.05750488981460094,0.11812887764998896,0.04526386543866575
2020-05-04,0.05542319564092594,0.0533667571241117,0.05565609857675502,0.05519839774347576,0.11070732719619811,2020-05-04 23:59:59.999,0.042221258151910496,0.05562215023602241,0.10424384687512633,0.038928889707338654
2020-05-05,0.05520727776314905,0.05495247456766202,0.05797794808793254,0.056654085093652745,0.10026947788540604,2020-05-05 23:59:59.999,0.03905704846017995,0.053240049099178295,0.09980355925112487,0.03807741452798099
2020-05-06,0.0566587742838408,0.05755256957149509,0.05940432463007228,0.057830232296114406,0.13898797590154302,2020-05-06 23:59:59.999,0.055645746814170415,0.06605868197980795,0.13645838177307015,0.05349996430625565
2020-05-07,0.057844137207992426,0.06387361668304933,0.06052417801405577,0.06602295376223352,0.1932030213909065,2020-05-07 23:59:59.999,0.08066760409437936,0.0822972287240179,0.1989382086039631,0.08141997783962238
2020-05-08,0.06603114481834488,0.0635816445069442,0.06719705644113735,0.06421254764226632,0.1320955856459471,2020-05-08 23:59:59.999,0.05703213474546287,0.06344099203255199,0.12316269035043333,0.052080702793102195
2020-05-09,0.06422182487807146,0.06243680128678459,0.06539225745135652,0.061681242642402295,0.1074622166439767,2020-05-09 23:59:59.999,0.045465444185776256,0.055003417548777925,0.09789322537016668,0.04055640418936375
2020-05-10,0.061687533709850854,0.0592441081162433,0.05170505213966724,0.0537493152334811,0.24147608994409792,2020-05-10 23:59:59.999,0.09127282187899985,0.10272473635207612,0.22502276168772015,0.0832426411744505
2020-05-11,0.05375859798490245,0.055417334907324235,0.05251477276751486,0.0521830939402534,0.2216754580348067,2020-05-11 23:59:59.999,0.08402355083446619,0.0896912091605549,0.21727833790996948,0.08068577101586069
2020-05-12,0.052197442766950215,0.05363257973032081,0.05572224202081294,0.0546042535170774,0.11347436292534507,2020-05-12 23:59:59.999,0.04347247359033717,0.05142129822705296,0.10811857885114011,0.040560090747663126
2020-05-13,0.05461547046252172,0.05758078853181454,0.058299787648326426,0.05944696119073614,0.12128984184355071,2020-05-13 23:59:59.999,0.04802634232769691,0.05696328519858442,0.11633282499342135,0.045137440932796986
2020-05-14,0.059455993789957064,0.06266960770941996,0.06282417482395161,0.06413455225011364,0.17007381693548618,2020-05-14 23:59:59.999,0.07137284893745843,0.07866386587967128,0.1691460958995177,0.06956912438922108
2020-05-15,0.06414363599295658,0.06179124553787691,0.06178265947179484,0.059515437842626084,0.15209219306808364,2020-05-15 23:59:59.999,0.0629135820536328,0.06921009292421557,0.1476863372012547,0.059835073871068394
2020-05-16,0.059520196091896106,0.059367989352045646,0.062465556386847046,0.060145325910011,0.07805561497857795,2020-05-16 23:59:59.999,0.03204068887240425,0.04532259637001398,0.07687133170379253,0.03088701209915366
2020-05-17,0.06015007798005765,0.062189885383989514,0.06346161031580178,0.06304727900010491,0.08996936572500286,2020-05-17 23:59:59.999,0.037912188111012074,0.04733883189470429,0.09254350412035917,0.038165979115567746
2020-05-18,0.06306686334651732,0.06277307723059125,0.0648481837234642,0.06357071258455167,0.10753575469610552,2020-05-18 23:59:59.999,0.045615518409161886,0.052041016366655556,0.10724465978254735,0.04459593821250788
2020-05-19,0.06357989898773075,0.06227651759217017,0.06494349662146506,0.06397477339570375,0.10297698175778897,2020-05-19 23:59:59.999,0.043502162045627686,0.05068036944740299,0.1007834950236892,0.0417255954088712
2020-05-20,0.06398007067303924,0.06175719465909144,0.0634996574296404,0.06140957002490413,0.09822204353763778,2020-05-20 23:59:59.999,0.041239083818014804,0.047895349689740185,0.08920170124424442,0.036678835728924025
2020-05-21,0.06141877762896527,0.05927834712143088,0.058514509949759264,0.0571088477662042,0.14293744122792623,2020-05-21 23:59:59.999,0.05732074715844357,0.062400025858269884,0.13305394151814423,0.05223872882757688
2020-05-22,0.0571070248488162,0.05638618587829163,0.05967075198364481,0.05809326034337399,0.07720812501881376,2020-05-22 23:59:59.999,0.030740944105372935,0.04543204727858791,0.07720744374228483,0.03008963070157559
2020-05-23,0.05810250048054597,0.0567328087742154,0.06100220585459232,0.0581821342958269,0.056935547551947005,2020-05-23 23:59:59.999,0.022871152082970688,0.03352554910062362,0.05689971510570798,0.02236437823262842
2020-05-24,0.058190013754444735,0.05664015652116657,0.05739260787503064,0.05372571264282967,0.09224701718171754,2020-05-24 23:59:59.999,0.036406172042926635,0.05071367773710707,0.08537114084223835,0.033029558642274595
2020-05-25,0.05371362723483015,0.05364574857846988,0.05683380308511363,0.055474149821086546,0.08232435946353509,2020-05-25 23:59:59.999,0.031639773439648605,0.0480509197686736,0.081969868437845,0.03084419798389613
2020-05-26,0.055483415651821875,0.054003282805717166,0.05739260787503064,0.05489943159522431,0.07636212879471746,2020-05-26 23:59:59.999,0.02951600695939667,0.04442097315916843,0.07521890019495833,0.02846616976038938
2020-05-27,0.05490695474106803,0.055953495153393575,0.05848260890815611,0.058424182262507424,0.09031466361441627,2020-05-27 23:59:59.999,0.03571182046308102,0.04340569444302102,0.0893373323035856,0.03458870862225597
2020-05-28,0.058433419153324125,0.059720444166435425,0.06139243266319358,0.06203567002218449,0.09715304321848338,2020-05-28 23:59:59.999,0.03967814802599853,0.048390440954453974,0.10119228172532109,0.04047043017440705
2020-05-29,0.06204467722608369,0.05953034243708349,0.06353868011050051,0.06059018132228901,0.07514525193053458,2020-05-29 23:59:59.999,0.03102210303478215,0.03886308755625948,0.07142150606492141,0.028855254581032264
2020-05-30,0.060594831899239095,0.06079775000823053,0.063550679584865,0.06321900484484452,0.07289786003235019,2020-05-30 23:59:59.999,0.0303258612053144,0.04264623915903861,0.07791561102524465,0.03173781703173345
2020-05-31,0.0632281946982885,0.06042149720397135,0.06404021911625529,0.060796096927972276,0.06325722174692562,2020-05-31 23:59:59.999,0.026356261783694223,0.042658261677807535,0.06063687122040014,0.024728693182428155
2020-06-01,0.060805310550225374,0.06681779487637746,0.06443298239911247,0.06810512962970158,0.10049086730495296,2020-06-01 23:59:59.999,0.04287194320338742,0.05418746299626396,0.11068074925688429,0.04628311394231282
2020-06-02,0.06813311458576254,0.06539734647709797,0.0629143172167385,0.06147377295667614,0.14299265942378894,2020-06-02 23:59:59.999,0.06121519797214789,0.06583866331665422,0.13156169640630994,0.055299376948102184
2020-06-03,0.061482785672804664,0.060327434002906556,0.06388217725877177,0.06291323959640541,0.06052059622512755,2020-06-03 23:59:59.999,0.02524866237049175,0.036831676065254296,0.060312113483772925,0.024624795097255694
2020-06-04,0.06292320948181554,0.06212996712491122,0.0647093605363043,0.06410619028933084,0.07525273444561734,2020-06-04 23:59:59.999,0.03185104177315738,0.04360482151618284,0.07664948348199777,0.031766039225738396
2020-06-05,0.06410643556687087,0.06187712524044906,0.06598735333447343,0.06247537754432042,0.0625395982419274,2020-06-05 23:59:59.999,0.02658120539869898,0.03704703025391297,0.05943892398512425,0.02472804469900748
2020-06-06,0.06248467182182336,0.06075071840769814,0.06550005760723261,0.06291382237642149,0.04276898832061606,2020-06-06 23:59:59.999,0.018015407137630474,0.02848896779515415,0.04210218179254299,0.017346888763466666
2020-06-07,0.06292835732145666,0.06138094185483226,0.06395290586783076,0.06369756436805278,0.07590593927576858,2020-06-07 23:59:59.999,0.03183298543380404,0.04175775531296785,0.07571106861191848,0.031080555234574914
2020-06-08,0.06370674952681155,0.0613621292146193,0.06649464818565508,0.0640377136374409,0.053172604185452194,2020-06-08 23:59:59.999,0.02258784318849127,0.031730646175564516,0.0525402469863749,0.021835574492524996
2020-06-09,0.06404679833027394,0.06208641586281823,0.06588004096210809,0.0639446630948727,0.0602199381205197,2020-06-09 23:59:59.999,0.025550997360029307,0.036114201051727315,0.058296959658389685,0.02421811459208575
2020-06-10,0.06395394295863438,0.06317491522554003,0.06718905679156102,0.06503805553505033,0.061675289593739996,2020-06-10 23:59:59.999,0.026419934798780978,0.03670849452049071,0.061571330119522184,0.02581394175174737
2020-06-11,0.06504936438264144,0.06290476571208195,0.061421699673838676,0.05916557557296988,0.12385758558590867,2020-06-11 23:59:59.999,0.051596472491665345,0.06335466640598167,0.10919070739643053,0.044565422904717544
2020-06-12,0.05916004157511847,0.05907752218715757,0.0625875998212371,0.06095985811249208,0.06560480087296938,2020-06-12 23:59:59.999,0.02697097737800352,0.03620223479571836,0.06481817399825206,0.026080724764889103
2020-06-13,0.06096741893439523,0.0584906618757143,0.06374354918501618,0.06103960184469301,0.036203156126369485,2020-06-13 23:59:59.999,0.014927300846185178,0.025661836373388165,0.035959754553326624,0.014496871320976419
2020-06-14,0.061048813078154594,0.05836141903745127,0.06270944814222283,0.05976486768951035,0.03922194694853596,2020-06-14 23:59:59.999,0.016098723455645135,0.027160052441832692,0.03845337772052217,0.01543433609007797
2020-06-15,0.05977409142815738,0.058493201582143044,0.05944568867178404,0.060579982672007524,0.1129288431791227,2020-06-15 23:59:59.999,0.04538055634903137,0.05501241801364865,0.11094851019026314,0.04369352969629565
2020-06-16,0.060589489801498315,0.05937739567215212,0.06395905194006624,0.061547106108700136,0.06814712542378656,2020-06-16 23:59:59.999,0.028256476206254308,0.0355635302740162,0.06841559466224806,0.027762417474029747
2020-06-17,0.06156971617240444,0.05915164398959661,0.06262759806911873,0.06095995524249476,0.06287933371777253,2020-06-17 23:59:59.999,0.02589460725808568,0.03508243243278755,0.06080988097057012,0.024510397376915648
2020-06-18,0.06096907012824238,0.05843676366150417,0.06305089659974894,0.060194376561364796,0.04885595915807363,2020-06-18 23:59:59.999,0.020079310500722918,0.03106940764327361,0.04772695483154593,0.01919016776090598
2020-06-19,0.06020359608651516,0.05795986323210565,0.06242448501524177,0.05945531437096667,0.05930864509800883,2020-06-19 23:59:59.999,0.024169785959046723,0.0329358544095314,0.05871001033746299,0.023413549255696532
2020-06-20,0.05946454114634229,0.05755256957149509,0.06198704076279976,0.059928531744027486,0.03958166681432277,2020-06-20 23:59:59.999,0.016098098649323142,0.025005853587007167,0.04021380337840216,0.015995601348827212
2020-06-21,0.05993775387712456,0.057806540214370046,0.0630659203318801,0.059304374346800734,0.03167592195118003,2020-06-21 23:59:59.999,0.012968724527932341,0.020948220654082837,0.03128636399218686,0.012520288171953844
2020-06-22,0.05931360260290313,0.06117400281248971,0.0630225075994232,0.06310215745161955,0.0758304866022741,2020-06-22 23:59:59.999,0.03149379091660673,0.03853453774006605,0.08187996551196638,0.033297158445591966
2020-06-23,0.06311134845134042,0.06060962360610094,0.06594862332371977,0.06251160703532035,0.05365436120412502,2020-06-23 23:59:59.999,0.02258945909020531,0.031019806541248803,0.05085516493549715,0.020948641141840692
2020-06-24,0.06251536460157031,0.060139307600776966,0.062348488344266664,0.05932185774728327,0.08066441568852621,2020-06-24 23:59:59.999,0.03312173226776221,0.03746092024431861,0.07164655758510804,0.028790913500641287
2020-06-25,0.059348957577042026,0.05703522196563871,0.060413841383923764,0.05886534673468356,0.07311659979737095,2020-06-25 23:59:59.999,0.029398144918516455,0.035085520183509626,0.07069344836977753,0.027826368042515284
2020-06-26,0.058874579297661774,0.05664015652116657,0.06076270415081329,0.05801759607128565,0.06583259380684868,2020-06-26 23:59:59.999,0.0263605428514632,0.033426149806102395,0.062051002244054874,0.024320739538104406
2020-06-27,0.05802683695072671,0.05568296938713122,0.058690112013629836,0.05655860630101754,0.06057093983995973,2020-06-27 23:59:59.999,0.023970513321129993,0.03266853403318846,0.05604376933470422,0.021718975142235506
2020-06-28,0.0565678614931979,0.05563368026977327,0.05981259942857137,0.05757215787899156,0.04005388479950706,2020-06-28 23:59:59.999,0.01590349136784882,0.02445570838388704,0.03983411327669858,0.015466448134134564
2020-06-29,0.057579557676249636,0.0560757773147778,0.06055998132374493,0.05831238562942184,0.05508670368938214,2020-06-29 23:59:59.999,0.021943497264804688,0.02839061964981491,0.05442181143756263,0.021209972599516055
2020-06-30,0.0583252173918111,0.055765368751263984,0.0609523543797935,0.0577877864849429,0.04107296377286891,2020-06-30 23:59:59.999,0.016422243589848066,0.021412565805223636,0.04059453014118238,0.015874140282471555
2020-07-01,0.05779246455348173,0.056583718600527695,0.06110073812376414,0.05869546635999487,0.050311065049984505,2020-07-01 23:59:59.999,0.02021891346312208,0.024483826624505076,0.05073834548906429,0.019944738939542673
2020-07-02,0.058704603460455494,0.05630115274452905,0.059733968726638206,0.05728261334100014,0.059826983287029,2020-07-02 23:59:59.999,0.023862731720999637,0.030755245431508565,0.057593605435755216,0.022481309253619023
2020-07-03,0.0572918614306468,0.05501286314274561,0.06068485390249734,0.05700792969341886,0.03775959363802601,2020-07-03 23:59:59.999,0.015010360904743255,0.022404982026662926,0.03646284382780134,0.014171864386240487
2020-07-04,0.05701261541237935,0.055624273949666785,0.06070992597494998,0.05775777331411454,0.03447027541385709,2020-07-04 23:59:59.999,0.013719289529958338,0.021881772521331104,0.03611403636653712,0.014051618929025497
2020-07-05,0.057762548806133414,0.05520324706170076,0.059275744896638186,0.05711622964640793,0.04450566450101669,2020-07-05 23:59:59.999,0.017603457529872885,0.02511898351771804,0.04328584221686277,0.016746807422024362
2020-07-06,0.057125479368284306,0.0573644431693655,0.06086484601796467,0.05978526499007332,0.07131708919989377,2020-07-06 23:59:59.999,0.028719712266576578,0.03491043814788566,0.07492740777241443,0.029531558597600323
2020-07-07,0.05977768520300116,0.05740601910423614,0.06229970999319151,0.05894207943680138,0.04518113907677176,2020-07-07 23:59:59.999,0.018300082148798278,0.02833687964788605,0.04330883203903137,0.017155698473755858
2020-07-08,0.058951408376079005,0.05825804357948106,0.06257286875921239,0.06067750119469903,0.07352279028247069,2020-07-08 23:59:59.999,0.03002503010543711,0.0427326304824328,0.07475324656593209,0.029883005555110274
2020-07-09,0.060686715980380314,0.0579832849691708,0.06188021617394515,0.058699642950110154,0.0628767557221943,2020-07-09 23:59:59.999,0.02557571045950735,0.037666485606220074,0.060281710335475414,0.023993334080645023
2020-07-10,0.05870878000959829,0.056823391636840796,0.06153876771641904,0.05924269679509843,0.05005723143194639,2020-07-10 23:59:59.999,0.020113056067993768,0.034381184534757435,0.04884834842100272,0.019201866836412902
2020-07-11,0.0592519256562597,0.05665219661090288,0.06205825715536949,0.05871518375053908,0.0293674239348154,2020-07-11 23:59:59.999,0.011877489368122511,0.027021037962515496,0.02871290787990814,0.011348357538355941
2020-07-12,0.05872432065757143,0.057082253566171116,0.06185582699840758,0.05938266112896144,0.04029652961742361,2020-07-12 23:59:59.999,0.016296847819052995,0.0317133022140618,0.039827129853603524,0.015750001796490828
2020-07-13,0.059397327843858434,0.05707115410844547,0.06227912552903779,0.05879861842284188,0.055901686452058286,2020-07-13 23:59:59.999,0.02265396029837758,0.04207218031202838,0.05239454919400193,0.020776348232698978
2020-07-14,0.05880775451137726,0.05646651585200097,0.061421699673838676,0.05892712141638856,0.059889292097327025,2020-07-14 23:59:59.999,0.02409546997928372,0.040139839631425055,0.05767074706023098,0.02270483966973985
2020-07-15,0.05893635337335503,0.056437826575676205,0.06188577690596772,0.05836133915077296,0.05105408657034773,2020-07-15 23:59:59.999,0.020569001705497195,0.03630583868696751,0.0478264279188671,0.01885106591719643
2020-07-16,0.058370576658082714,0.05596431242151601,0.06078026435720034,0.05774087269364808,0.05673734862612051,2020-07-16 23:59:59.999,0.022612136775598073,0.04465110913319874,0.05431781952075851,0.021179051723984113
2020-07-17,0.0577501162877549,0.05559445591492925,0.06119546568155208,0.05794096049917051,0.0365905101046425,2020-07-17 23:59:59.999,0.014623091242078317,0.03080116751139643,0.03560356959274304,0.01391137530963324
2020-07-18,0.05795010500135931,0.05589987912878663,0.061500720602580425,0.05809597998344905,0.02935844990836334,2020-07-18 23:59:59.999,0.011775444501519561,0.02813295670658143,0.030546897701215877,0.011970686193819876
2020-07-19,0.058105414352040925,0.05602187910056768,0.061308046115833556,0.05847197022382637,0.03395750653801985,2020-07-19 23:59:59.999,0.013601674541309578,0.028794655116639457,0.03420475134511714,0.01339175905068623
2020-07-20,0.05848120664584155,0.05592076115942302,0.061597301737709234,0.058003706480902306,0.04632703449783413,2020-07-20 23:59:59.999,0.018570391065594116,0.03645799253105949,0.04395690068561169,0.017234461419028468
2020-07-21,0.05801294749660072,0.05795450162964496,0.061809975348396926,0.06023012040235133,0.07914171534368293,2020-07-21 23:59:59.999,0.03220178980769469,0.05129647426169253,0.07849693175839507,0.03125808382134479
2020-07-22,0.060239339576853394,0.05895411126736055,0.06286553886566335,0.06147493851670831,0.06389000556921146,2020-07-22 23:59:59.999,0.026156071258740487,0.04341745417449445,0.06219588483440445,0.02492403749019257
2020-07-23,0.06148414547950231,0.06008286968013809,0.06461502320532495,0.062301611969524495,0.06788911188586225,2020-07-23 23:59:59.999,0.028246437435009323,0.048170093807180875,0.06512893747350745,0.02652576552232023
2020-07-24,0.062310810822623804,0.059828899037263135,0.06484047674399433,0.06166570184197337,0.05746789646375203,2020-07-24 23:59:59.999,0.023949525471525186,0.044382934698145436,0.05433428507942553,0.022156988089608597
2020-07-25,0.06167782080486763,0.060730965135474525,0.06532396775985129,0.06324522994556835,0.05319217254322717,2020-07-25 23:59:59.999,0.02235721880830605,0.04421849554798904,0.05222686519714365,0.02147921017636735
2020-07-26,0.06325441954174318,0.06428749476773443,0.06666049457931061,0.06549009856752673,0.08553991700301262,2020-07-26 23:59:59.999,0.036853964454790666,0.06198219405843181,0.0899129938552502,0.03793448591623213
2020-07-27,0.06549926614146398,0.07636389289963927,0.0692673072174692,0.07615905232198984,0.1971930444286595,2020-07-27 23:59:59.999,0.0904344784945025,0.12475399824300415,0.20440474443522966,0.09176398640026204
2020-07-28,0.07616811523312766,0.07492820626178728,0.07558693282606449,0.07495765131883118,0.1276035877698499,2020-07-28 23:59:59.999,0.06094695194455949,0.0968031531322012,0.12414420600123555,0.058065634478950606
2020-07-29,0.07496672601575374,0.07587438800129809,0.07799658336917728,0.07684449875090818,0.1007393524132562,2020-07-29 23:59:59.999,0.04880029324650649,0.07391871568490647,0.09650498072286617,0.04579698914252491
2020-07-30,0.07685345780874336,0.07424878776049629,0.07818194110326289,0.07683556279066155,0.07964303733278422,2020-07-30 23:59:59.999,0.03829529707460674,0.05766913187428572,0.07530037097898525,0.03544377863694968
2020-07-31,0.07684636738810563,0.07682611946967169,0.07944042256100195,0.07912637390388791,0.09183121845264378,2020-07-31 23:59:59.999,0.04496974660075055,0.06368853766490888,0.09076646333588906,0.04353431253959729
2020-08-01,0.07913540770550004,0.08074855495407365,0.08197689681691016,0.0836498152587349,0.11158700215143487,2020-08-01 23:59:59.999,0.0565059864863628,0.07700318156578657,0.10799426215177513,0.0535622188241836
2020-08-02,0.0836588046852334,0.08321733772922027,0.07513329416106553,0.07656107340308563,0.12797880401100747,2020-08-02 23:59:59.999,0.06325919851310405,0.09576934791172134,0.12254128887248152,0.05939347527410717
2020-08-03,0.07657022949943282,0.07709890275275957,0.0792062864758412,0.0780030654228846,0.07456335223102832,2020-08-03 23:59:59.999,0.03665469878737993,0.06024608979073985,0.07225899207564483,0.034759181569581354
2020-08-04,0.07801084756654333,0.07655314806018162,0.07983064936960321,0.07773265549542129,0.07679520364206899,2020-08-04 23:59:59.999,0.037625629259021194,0.05660037594350494,0.07420332844098451,0.03557655697914841
2020-08-05,0.07774189722755812,0.07999539090314783,0.08073792669960116,0.08310336186365279,0.09828321402197718,2020-08-05 23:59:59.999,0.049269328827531614,0.06323214182945683,0.09626989143265438,0.0472321780759869
2020-08-06,0.08311235665087768,0.08111540143822635,0.08531821386555846,0.08327382501835756,0.08323848814613523,2020-08-06 23:59:59.999,0.04268708726641739,0.06029424556263943,0.08002792073463051,0.040170166212464414
2020-08-07,0.08328291526238293,0.08120890026008476,0.08297197517884337,0.08163980698325866,0.0861667032744556,2020-08-07 23:59:59.999,0.04386241540491458,0.06161652553674962,0.0798913262877106,0.0398034723018278
2020-08-08,0.08165007880565459,0.08025255969485898,0.08482555251969937,0.08326362636807609,0.05474200932886739,2020-08-08 23:59:59.999,0.02794893477662857,0.05105727212596762,0.05441982280811904,0.027181687082417923
2020-08-09,0.0832688315501573,0.08014758516247067,0.08492281655174323,0.08248920885670216,0.05426192436151775,2020-08-09 23:59:59.999,0.027640954928539206,0.05592330447666042,0.05063798134295537,0.02523273890904462
2020-08-10,0.08249830679783879,0.08268954910804571,0.08422070096636741,0.08454098303333113,0.11140928843526246,2020-08-10 23:59:59.999,0.05772859548443828,0.0879471555771742,0.11209063131966797,0.05688601947670446
2020-08-11,0.08454976945934375,0.08144462264195312,0.08105010814648216,0.07967632397906654,0.11903074813187378,2020-08-11 23:59:59.999,0.06004455238247185,0.08815370639143377,0.10985759646250923,0.054276776984509285
2020-08-12,0.07968544951469955,0.07845830413454802,0.08129399990185796,0.08134938827524311,0.0850538332014155,2020-08-12 23:59:59.999,0.04250525356565514,0.07239415519008852,0.08242830047355115,0.040309670709850594
2020-08-13,0.08135849739805845,0.08010854893402877,0.08246819236893915,0.08344419104305967,0.09192172809980713,2020-08-13 23:59:59.999,0.04630199292116372,0.08154480300019,0.09283106759750265,0.04578267254496678
2020-08-14,0.08345094851859258,0.08064508543290239,0.08601603695603968,0.08325517605784287,0.07835966724781597,2020-08-14 23:59:59.999,0.04015587118410724,0.06632705350533288,0.0758126764433556,0.038019496083995664
2020-08-15,0.08326426648481516,0.08186790704674471,0.08646450511582467,0.08414741226246858,0.07365085100801665,2020-08-15 23:59:59.999,0.038161726652740244,0.06680072760546377,0.07271514991621586,0.03687495084908503
2020-08-16,0.08415639680752351,0.08141376991200389,0.08652303913711486,0.084716594078178,0.05409777686699895,2020-08-16 23:59:59.999,0.027985824843696057,0.05177481283631847,0.05146746071156591,0.026047348361441378
2020-08-17,0.08472547591049012,0.08645819125870674,0.08734036918773021,0.088311666867402,0.11112246020253412,2020-08-17 23:59:59.999,0.05874291382876657,0.07936669050147438,0.11271073199755209,0.058309238110585436
2020-08-18,0.08832080481907723,0.08570352219656388,0.08781010470858398,0.08504693321729537,0.09953713538397421,2020-08-18 23:59:59.999,0.0526458491031465,0.07799770008558983,0.09580011435801468,0.04961239085907112
2020-08-19,0.08505678309946763,0.08224491235661241,0.08530358036023591,0.0831973837062478,0.09692868666482952,2020-08-19 23:59:59.999,0.049794923368444835,0.08250910098101126,0.09288269387526919,0.04671232301783903
2020-08-20,0.08320433786106873,0.0810025255969486,0.0863474370732443,0.08415858221277686,0.06030048367480187,2020-08-20 23:59:59.999,0.031068937839094857,0.05228639400382461,0.058541720391167014,0.029502423767964605
2020-08-21,0.0841674695192044,0.08090846239588381,0.08457005151676769,0.0810289563963992,0.08444723057242186,2020-08-21 23:59:59.999,0.04320086525463683,0.07801596380262678,0.08132897317517589,0.04072922787417313
2020-08-22,0.08103690311406417,0.07910244893543972,0.08350668346332925,0.08230738149168372,0.057135954176938196,2020-08-22 23:59:59.999,0.02882032163886015,0.05302883381042367,0.05750671490274541,0.028373667104527687
2020-08-23,0.08232172618524394,0.07940410962125452,0.08484633209725738,0.08216333769770812,0.049537177329673186,2020-08-23 23:59:59.999,0.025161467530604425,0.04107358858914494,0.04925936093756636,0.02446730440878031
2020-08-24,0.08217224457755226,0.08040898679822972,0.08553859445571603,0.08313531763453477,0.0604676648958203,2020-08-24 23:59:59.999,0.030995813157737976,0.04299403814462709,0.06064332490041676,0.030406540561070856
2020-08-25,0.08314421497922264,0.07987235623615507,0.08097830641369952,0.07896086437931986,0.0912095855253353,2020-08-25 23:59:59.999,0.04558187121475339,0.06533647679496206,0.08825340576441115,0.04318476113623581
2020-08-26,0.07896989980458605,0.07772272990222132,0.08221103290207092,0.08034992054765781,0.07070576119091311,2020-08-26 23:59:59.999,0.03518457056471401,0.05653218264032382,0.06822797990834863,0.033215943146623586
2020-08-27,0.08035884521718589,0.07822013610945194,0.08105010814648216,0.07907703186252607,0.08286628945742353,2020-08-27 23:59:59.999,0.041026317495873474,0.06287954697572555,0.08202668942152591,0.03974627529738606
2020-08-28,0.07908606614818531,0.07775405294817589,0.0825318968954433,0.0809859278052116,0.06012776846841582,2020-08-28 23:59:59.999,0.030039995063486938,0.04715928247505689,0.05779795133639708,0.028245966819995492
2020-08-29,0.08099484623548683,0.07810556713055503,0.08389915407607998,0.08039275487884004,0.043059395831992274,2020-08-29 23:59:59.999,0.021658456188575217,0.040054105276269604,0.04177291198348919,0.02054196301206846
2020-08-30,0.0804017762572117,0.07941285749895355,0.08429874632808766,0.08277554810460513,0.056477390638193445,2020-08-30 23:59:59.999,0.028652544884489824,0.04956089556859156,0.05924947230463524,0.029397716339544817
2020-08-31,0.08278464323674398,0.08018201229406038,0.0853913813921712,0.08217674163807807,0.07248804528237875,2020-08-31 23:59:59.999,0.03697513836657084,0.05386541716563405,0.07078296794745972,0.03532615925772762
2020-09-01,0.08218574551547891,0.0825343448262888,0.08485481953034446,0.08482314569111882,0.10246208564015723,2020-09-01 23:59:59.999,0.053083598885032335,0.08667638191298115,0.09986093819633367,0.05063432057170807
2020-09-02,0.08483212360720582,0.08162870432643693,0.08139253217102978,0.07964193995811755,0.1143936087432387,2020-09-02 23:59:59.999,0.057512265890606394,0.09009471905278846,0.10652269793431686,0.0524493546852497
2020-09-03,0.07965096870200913,0.07700107702365219,0.06969255688214242,0.0675231266536383,0.16006001125256153,2020-09-03 23:59:59.999,0.0758190320384534,0.1057362130616323,0.14466997182911023,0.06716882114966025
2020-09-04,0.06750740924674381,0.0691416262586832,0.06886039821280023,0.07048947693550957,0.12164136464497913,2020-09-04 23:59:59.999,0.054908942672277396,0.09412429944191862,0.11382289348387191,0.05031178251007021
2020-09-05,0.0704985954653749,0.06856436039374858,0.06836773686694114,0.06777411058056546,0.11804889224943871,2020-09-05 23:59:59.999,0.052484153897842334,0.0968784416923607,0.11587855884308672,0.0504460256378549
2020-09-06,0.06778325574826713,0.06650870319767851,0.0700248350096664,0.06864352123456119,0.07382295841055697,2020-09-06 23:59:59.999,0.03286270699966432,0.06904992406761097,0.07466186667882939,0.03252209954569908
2020-09-07,0.06864964687276998,0.06710703921965169,0.06885552037769271,0.06978227338599075,0.08204337765681415,2020-09-07 23:59:59.999,0.036262524810624294,0.060783358416380696,0.0814489771272712,0.03524208020415291
2020-09-08,0.06979149598259679,0.06736336144255325,0.06861162862231693,0.06738520204983157,0.0963392000165168,2020-09-08 23:59:59.999,0.0424848859853138,0.06871703826104186,0.0916809372587305,0.03959698755718968
2020-09-09,0.06739444816178902,0.06646976103243771,0.06988971897718821,0.06828414022464228,0.06458971047912282,2020-09-09 23:59:59.999,0.028750303135439935,0.04949644698437126,0.0634053729378214,0.027610122451104915
2020-09-10,0.06829415455038429,0.0677899380593821,0.07076597327590234,0.06942706896618711,0.07630161891396207,2020-09-10 23:59:59.999,0.034436605309283004,0.055824167969434686,0.07374564418351458,0.03257418937078959
2020-09-11,0.06943610078926093,0.06698334611025147,0.07202611319757797,0.06992262623986448,0.05733524063824965,2020-09-11 23:59:59.999,0.025781874066946573,0.04176452208582686,0.0565100752545125,0.024858697198508226
2020-09-12,0.06993175033055443,0.06773933205720925,0.0727016933599689,0.07043770664408071,0.04622234893951348,2020-09-12 23:59:59.999,0.020953269996578604,0.037813186613930516,0.046713833054913376,0.02070970249483328
2020-09-13,0.07044439745556855,0.06870009359288506,0.07202611319757797,0.06938782844510406,0.057344912719767396,2020-09-13 23:59:59.999,0.026016501037976713,0.04534959776462615,0.05531960201476501,0.024559632314218906
2020-09-14,0.06939705491122841,0.07029813331577486,0.07214649816803147,0.0726799527559667,0.08788058140942816,2020-09-14 23:59:59.999,0.040379319255792294,0.05431839676624466,0.08492801381408115,0.03819331449234816
2020-09-15,0.07268904979718968,0.07199164718774545,0.07599159802658399,0.07378276680640436,0.08099432867467335,2020-09-15 23:59:59.999,0.03810505897877256,0.05858179215154208,0.07922701202037821,0.036476631574050664
2020-09-16,0.07379107599658533,0.07352450111229736,0.07652562341415482,0.07542134995162926,0.08516152714688492,2020-09-16 23:59:59.999,0.04052071593147515,0.05794459865678902,0.08455479728995038,0.0393771777012742
2020-09-17,0.07543042009965245,0.07307732465443531,0.07735105067104864,0.0752851736878708,0.07281415205738405,2020-09-17 23:59:59.999,0.03458663742633794,0.05433022219454196,0.0719838312341779,0.03346045222494477
2020-09-18,0.07529434230083759,0.07300743569604418,0.0780047781321579,0.07522106788610147,0.06185407902124359,2020-09-18 23:59:59.999,0.029498417207315372,0.04698755097745049,0.06134918749875923,0.028622787928748034
2020-09-19,0.07523023712794838,0.07434087563433872,0.07873186823328422,0.07665140430557876,0.050247300038343,2020-09-19 23:59:59.999,0.024202133950056427,0.04059892903665594,0.05301799153515104,0.024976152397807917
2020-09-20,0.07666036525767705,0.07340823899578128,0.07712832872003947,0.07509373045258697,0.05119129369830991,2020-09-20 23:59:59.999,0.024383263700631576,0.042320317215800145,0.05172271585741205,0.024090596989602964
2020-09-21,0.0751028038145686,0.07254492693640857,0.07296607202279627,0.07020750853772723,0.09264619378708987,2020-09-21 23:59:59.999,0.042947136390544524,0.06742977469405646,0.08959435216465156,0.04065555887366244
2020-09-22,0.07021662983371213,0.06863048682409711,0.0735187307404778,0.07129915263785662,0.05754692482472848,2020-09-22 23:59:59.999,0.02630416713339196,0.04838065212769676,0.05721954178704643,0.025586089023028107
2020-09-23,0.07130826322477576,0.0682959980811107,0.07140974995339228,0.0685003516106097,0.06791585111951311,2020-09-23 23:59:59.999,0.030827645440455752,0.05073358387474086,0.06660054896367368,0.029578055345376605
2020-09-24,0.06850948965386217,0.07072367523739201,0.07193762926872764,0.07330692692327118,0.0755427082175254,2020-09-24 23:59:59.999,0.03455861352013571,0.05171187527904726,0.0744306683322476,0.0333225800198786
2020-09-25,0.07331611494290607,0.0703971818664961,0.0755014731549808,0.07282467645996107,0.06295126993369592,2020-09-25 23:59:59.999,0.029297969398906918,0.048042576272041615,0.06274065661762905,0.028567484958630172
2020-09-26,0.07283280079094126,0.07096541766412853,0.07636426462879821,0.07323194256120162,0.037072415271072946,2020-09-26 23:59:59.999,0.017380204410527077,0.03288237719489804,0.03805071692296239,0.017435732961682295
2020-09-27,0.07324093705833598,0.07075904300099237,0.07587784691187673,0.07367534102343941,0.03987150831534518,2020-09-27 23:59:59.999,0.01867757870260288,0.03375837864443276,0.04014964336952578,0.01838594611521097
2020-09-28,0.07368452542891946,0.0721793973370708,0.0761820287091814,0.07291646431249442,0.06557348475160961,2020-09-28 23:59:59.999,0.031119738218399733,0.04497019860675432,0.0671512717307426,0.031179496563969147
2020-09-29,0.07292546190448115,0.07140375218109049,0.07627831717420379,0.07431863303119426,0.05476401834872463,2020-09-29 23:59:59.999,0.0256733568616812,0.038460431722736284,0.05294598282902007,0.0242840040047083
2020-09-30,0.0743286852874063,0.07123255715515256,0.07656376808469559,0.07369806944406672,0.051767385559419135,2020-09-30 23:59:59.999,0.024295340800768808,0.038973326826719897,0.049786241036273784,0.022853231511202922
2020-10-01,0.07370715649753035,0.0718972077338764,0.07433820703854045,0.07216866042185502,0.07973706570320115,2020-10-01 23:59:59.999,0.037286924397279486,0.05207800367849657,0.07577346189874,0.03467092937837659
2020-10-02,0.0721777624788732,0.06949520983148577,0.07372359981499346,0.07169534591879155,0.06561969516853151,2020-10-02 23:59:59.999,0.030112036173018823,0.05091766637523556,0.06422862930303283,0.028833754100804722
2020-10-03,0.0717044526190411,0.068920671799382,0.07491827918952622,0.0714200794911942,0.02902139825506168,2020-10-03 23:59:59.999,0.013409219201163919,0.02491065888921387,0.028544754286312844,0.012882006729254485
2020-10-04,0.07142928602086662,0.06979837552851761,0.07512714808883006,0.07263002793458877,0.030222986137321817,2020-10-04 23:59:59.999,0.014044294625524133,0.024662587682265986,0.032202992495321166,0.014615577537675641
2020-10-05,0.07263902833652613,0.07074963668088588,0.07608095996575368,0.0738497865082541,0.044442688292717136,2020-10-05 23:59:59.999,0.020795567907415276,0.03161245758941535,0.04135199541296138,0.018923307757335757
2020-10-06,0.07385877494431833,0.07076844932109885,0.07519670601746323,0.07197954830663553,0.06370556397660582,2020-10-06 23:59:59.999,0.029721919659719046,0.04811457999100742,0.061735529973163054,0.0281771681110992
2020-10-07,0.07198855508980018,0.06965728072692043,0.07540323355591544,0.07262769681452443,0.042846622971269906,2020-10-07 23:59:59.999,0.01988743412395907,0.03293296374928095,0.041970515049070296,0.01904749996336519
2020-10-08,0.0726368914974298,0.0721793973370708,0.07524948419332654,0.07514511222400509,0.06802515549710578,2020-10-08 23:59:59.999,0.031969959297394046,0.04317187944685377,0.07052319821263718,0.03244644877287523
2020-10-09,0.07515292240428198,0.07363399067833679,0.07816242976283282,0.07635991716753371,0.063133992333529,2020-10-09 23:59:59.999,0.03033866624590952,0.04162077743519074,0.0683243044048828,0.032124211783702464
2020-10-10,0.07636897810818058,0.07726821651467622,0.08032340827216446,0.07871609677256426,0.05709563120500198,2020-10-10 23:59:59.999,0.028275196827397923,0.04575179372038223,0.06071480549135412,0.029394428346144006
2020-10-11,0.07872513459900901,0.07683552578977815,0.0819866524871252,0.07945234219288465,0.037891656972435184,2020-10-11 23:59:59.999,0.018835529548949223,0.033345145622265863,0.03846679607627169,0.018687313852534713
2020-10-12,0.07946137279673676,0.0794223578822611,0.08150862464658865,0.08099894322557083,0.06916337775508034,2020-10-12 23:59:59.999,0.03457344235970562,0.048528272890941436,0.07154617649565359,0.034999483428408355
2020-10-13,0.08100786152816436,0.07788903364170385,0.08275735043411268,0.07995295022670142,0.05519846304506709,2020-10-13 23:59:59.999,0.027581106527924972,0.0404764044601311,0.05147843770708909,0.025162132784592887
2020-10-14,0.07996207304862152,0.07780418863434341,0.08256223702981205,0.07992701651598565,0.05415940804493282,2020-10-14 23:59:59.999,0.026970927066609973,0.03862132324440349,0.050741616208574716,0.024720245157188507
2020-10-15,0.0799360424632665,0.07845661099692885,0.08227766412963958,0.08077428152937018,0.06381862088589133,2020-10-15 23:59:59.999,0.03180532000059478,0.04337521111674352,0.06394931395270752,0.031186224072231653
2020-10-16,0.08078339629400225,0.07773994346801616,0.08178178341260953,0.07896960607956113,0.0638673163896298,2020-10-16 23:59:59.999,0.031620632463930994,0.045400250015832935,0.06075320444699008,0.02943091120167631
2020-10-17,0.07897786438667229,0.07643500467964426,0.08231834527443627,0.0793666735305202,0.029114358168802285,2020-10-17 23:59:59.999,0.014464048797493608,0.023901818461806102,0.027385384671035816,0.013292241788053105
2020-10-18,0.07937677339433294,0.07739990499616692,0.08320825751145143,0.08075504978883936,0.030317715592480865,2020-10-18 23:59:59.999,0.01518368985661354,0.02265180499395721,0.03293114123993155,0.016109716855262426
2020-10-19,0.08076406761308563,0.08040042704693284,0.08381057259052747,0.08316707914541138,0.06204843909721377,2020-10-19 23:59:59.999,0.03147849601082246,0.04262455920716022,0.06580979274529698,0.03267368015583097
2020-10-20,0.08317597617851774,0.08241704801456098,0.08644099395060645,0.08470678394790723,0.08140498905282895,2020-10-20 23:59:59.999,0.0421686808900101,0.05938716951541235,0.0850116648776319,0.043110034258517727
2020-10-21,0.08471586013455676,0.09350992131613231,0.08848344106682546,0.09316651579139583,0.15037444971560224,2020-10-21 23:59:59.999,0.08223300773881492,0.09535677185779319,0.15739106153049695,0.08425098779996822
2020-10-22,0.09317337214869173,0.09320252277505256,0.09620144444404337,0.09498828612167672,0.0917985589222686,2020-10-22 23:59:59.999,0.0518085184440566,0.06790804757185853,0.08860845295358963,0.048950170845657455
2020-10-23,0.09500027244698475,0.09172281455910228,0.09661118259307469,0.09454683025949252,0.06595712292775642,2020-10-23 23:59:59.999,0.037201679190790406,0.04580119773193542,0.06572847952184081,0.036270280105942174
2020-10-24,0.09455561565685314,0.09303066930670717,0.09807375267171223,0.09637928489006826,0.04697589675497675,2020-10-24 23:59:59.999,0.02675863755339788,0.035125989427015954,0.04890740971312767,0.027233933114929387
2020-10-25,0.09638814944003643,0.09475456559262169,0.0982493547355828,0.09557407716784454,0.05030192711067479,2020-10-25 23:59:59.999,0.028726793730625044,0.039966334319574054,0.047856016334826015,0.026739899089137917
2020-10-26,0.09559081706996425,0.09370867685998222,0.09704940729913392,0.09580097285410687,0.07984928482937605,2020-10-26 23:59:59.999,0.045430766116077374,0.053608017009696064,0.07886916402866599,0.04391616219374192
2020-10-27,0.09580945456113646,0.09888666795219711,0.09953583496683902,0.10147317075065952,0.10596360493674413,2020-10-27 23:59:59.999,0.062093769704952284,0.06579287263041411,0.1061533032567768,0.060869135766494935
2020-10-28,0.1014818882003842,0.09954689756047089,0.0982493547355828,0.09788159464153202,0.12388595789535808,2020-10-28 23:59:59.999,0.0722907860061194,0.08096200647560454,0.11563720477421498,0.06606162690940538
2020-10-29,0.09789044445379039,0.09750977081501061,0.09856904804852937,0.09972026559227935,0.09815480160806928,2020-10-29 23:59:59.999,0.05708149851483731,0.06610939992783861,0.09913299687360572,0.05641500534860661
2020-10-30,0.09972900023806328,0.09776439990029301,0.10046389187439494,0.10073430282026676,0.09261246194587969,2020-10-30 23:59:59.999,0.05415844715541338,0.06952261271538376,0.09175505784386721,0.052532248710629975
2020-10-31,0.10074312464736082,0.10180930567248136,0.10335644809315181,0.10297703458216616,0.088248701760516,2020-10-31 23:59:59.999,0.05302640487927768,0.06701397949575849,0.09545018763786509,0.05613460181041236
2020-11-01,0.10298583440798531,0.09988101005065306,0.10522465893933036,0.10269050107425783,0.04741435754250545,2020-11-01 23:59:59.999,0.028523655086903518,0.03968712281810994,0.047457792099854755,0.02791442830664394
2020-11-02,0.1026992065819306,0.09926959924373188,0.10124483327510822,0.10063008232739028,0.08460254851949742,2020-11-02 23:59:59.999,0.04996768650533469,0.05700493698492048,0.07789040218789928,0.045021843709446376
2020-11-03,0.10064143053218655,0.10149052548407278,0.10212225825424817,0.10523559853450253,0.09715941175215086,2020-11-03 23:59:59.999,0.05774193835745397,0.06900899494633753,0.10214716619709284,0.05945006002510118
2020-11-04,0.10524437620373245,0.1033049105694116,0.10446371666255788,0.10640582080680065,0.12201401109461713,2020-11-04 23:59:59.999,0.07403060160504138,0.07954610852747403,0.1208303423709901,0.07179119805884182
2020-11-05,0.10641458699611026,0.11732973384817261,0.11001040052001623,0.12045091632444531,0.1887149335699511,2020-11-05 23:59:59.999,0.12201371808971212,0.1139118543086211,0.1925172277390939,0.12191097313495784
2020-11-06,0.12045954473088988,0.11930506107053332,0.12047277148542468,0.12035281502173771,0.16093852757353994,2020-11-06 23:59:59.999,0.10929036195537485,0.10858469595115731,0.15604362330169302,0.10377119605736293
2020-11-07,0.12036154151960923,0.1173628440949474,0.11245575681611603,0.1129551997575635,0.13307840288126346,2020-11-07 23:59:59.999,0.08792392143703535,0.1021498891431794,0.12315530623015945,0.07969086706348949
2020-11-08,0.11296390169724271,0.11638910183752466,0.11596448116565428,0.11933469833363768,0.08589220795364784,2020-11-08 23:59:59.999,0.057090856159017836,0.06547476860921664,0.08304740049329998,0.05404767353814076
2020-11-09,0.11934333769021874,0.11817630265775575,0.1169562425997144,0.11790989832431319,0.1429999719146827,2020-11-09 23:59:59.999,0.0955931400278149,0.0987612469677631,0.13688711792840078,0.08960748631662811
2020-11-10,0.11791855165823081,0.11460190101729353,0.11956022609351061,0.11760685271594913,0.0808095326414867,2020-11-10 23:59:59.999,0.053975005156251976,0.07169579795230885,0.07709656255817664,0.05039466192273118
2020-11-11,0.1176155090227545,0.1193520926710657,0.12151350638396424,0.12136607520970367,0.10288491589314158,2020-11-11 23:59:59.999,0.07016860563831737,0.08179346547855275,0.10667665924102263,0.07122577028964368
2020-11-12,0.12137479176745827,0.12288604713507006,0.12315206875328094,0.12726788843259373,0.13408454742307066,2020-11-12 23:59:59.999,0.09320584955213906,0.09656749862496548,0.13447072900965906,0.09152919629504686
2020-11-13,0.1272763528352601,0.12419634752590267,0.12814414275901473,0.12754801136032512,0.09923212361463873,2020-11-13 23:59:59.999,0.07039381410242448,0.07927110162273783,0.09405849366006454,0.0653264909644333
2020-11-14,0.12755015962673694,0.12275708648641023,0.12538962927380057,0.1251173330432384,0.07743589797839413,2020-11-14 23:59:59.999,0.05404089617931802,0.06105015321813265,0.07383812753101383,0.05040715979090487
2020-11-15,0.12511727118654106,0.12137445149395881,0.12641124305871868,0.12401539316282485,0.05702831107191111,2020-11-15 23:59:59.999,0.03983398702374605,0.0559926146258474,0.05550041336561342,0.03791097931602658
2020-11-16,0.12402398660163033,0.1279588755684945,0.1272822292955167,0.13136395777564525,0.1066074854354232,2020-11-16 23:59:59.999,0.07642722090438128,0.07885149600865517,0.11025323292102282,0.07734257082945672
2020-11-17,0.13136771980134002,0.1371659698151188,0.13385755102044797,0.14055061055919688,0.15121201103785203,2020-11-17 23:59:59.999,0.11347554087956938,0.10803836116382187,0.1553318962135639,0.11417085207200381
2020-11-18,0.14055904178695694,0.14298011033613486,0.14045677413740607,0.1416845062104924,0.19565566115683744,2020-11-18 23:59:59.999,0.15244559549792083,0.13728527321600933,0.1957639483842736,0.1493825904531916
2020-11-19,0.14170875834982016,0.14018521044289659,0.1416391613674679,0.1419438433176501,0.12200424452506631,2020-11-19 23:59:59.999,0.09481133464159487,0.09927782109388365,0.12094487142083081,0.09199629242392272
2020-11-20,0.14195216374869957,0.14616217436495585,0.1455842568457245,0.15022757559628108,0.1159731075113513,2020-11-20 23:59:59.999,0.09288402957220074,0.09477023061424691,0.11606904737946483,0.09100218423073941
2020-11-21,0.15023581476363498,0.14757951867860017,0.15113074558977854,0.15069506229918372,0.09908166202056663,2020-11-21 23:59:59.999,0.0808885189217696,0.09520777146124716,0.09802509858280888,0.07833974417425553
2020-11-22,0.15070339400952698,0.14554869416761124,0.14432401936734673,0.14788441141160974,0.10706122925466381,2020-11-22 23:59:59.999,0.08569952297769373,0.10027772675324458,0.1043667285833405,0.08179582200333711
2020-11-23,0.1478874285967931,0.1456991952893149,0.1481203408748241,0.14743343680916288,0.10879141685309911,2020-11-23 23:59:59.999,0.08749757483516743,0.10690357992504781,0.10555944573689664,0.08312116233455143
2020-11-24,0.14744189764521298,0.15184124012924285,0.14829594293869466,0.1551262301514839,0.14905561010563143,2020-11-24 23:59:59.999,0.12278304859124181,0.14306856462162967,0.15511076616651948,0.12508831802759143
2020-11-25,0.15513442126286994,0.15245490845298956,0.15300081001329793,0.150843768333288,0.12234221108147084,2020-11-25 23:59:59.999,0.1015723482405081,0.11715418965727019,0.11880593458611458,0.09659774874945878
2020-11-26,0.15084937897142472,0.14710101917478355,0.1304430664451869,0.1355978545925008,0.2377153787364079,2020-11-26 23:59:59.999,0.17901267410922675,0.18187048843486256,0.22529557478835036,0.16609387658812447
2020-11-27,0.13560633440696546,0.1333921541883992,0.13288276445256203,0.13550121023983341,0.11186253920359632,2020-11-27 23:59:59.999,0.08277973155936193,0.103153605218325,0.11328788984757761,0.08205497312557863
2020-11-28,0.13550978813143227,0.13736980477182623,0.13705311835608372,0.14113795568540755,0.08505526168069384,2020-11-28 23:59:59.999,0.06453633142113481,0.07931130807894866,0.08467540809616038,0.06282146696629948
2020-11-29,0.14114628402224214,0.14188069964208952,0.14340835216096387,0.14565586063010177,0.07245569527999869,2020-11-29 23:59:59.999,0.05701713016830022,0.07483761716043086,0.07426302547283953,0.057156751468624804
2020-11-30,0.14566433890423472,0.15601943345734,0.1499250423079028,0.16033103847513663,0.15153031613442025,2020-11-30 23:59:59.999,0.12625456291289025,0.11444360440105653,0.16272770338220016,0.13282620324728553
2020-12-01,0.1603392756562257,0.15625308644878497,0.14813126722546494,0.15128910939557944,0.1676192861701978,2020-12-01 23:59:59.999,0.14000494588673948,0.1328159182878672,0.1701251803043288,0.1392402916419272
2020-12-02,0.15129743527830045,0.15111723567064714,0.1513397120457845,0.1555543792033009,0.09952027485472036,2020-12-02 23:59:59.999,0.0822200188741966,0.10278149840790318,0.09704728875844505,0.0785161044650672
2020-12-03,0.1555625661145301,0.1535252536179059,0.15658045808529947,0.15766996779169112,0.08739417622149309,2020-12-03 23:59:59.999,0.07361121220314139,0.08146905456226339,0.09023325988936048,0.07440416588093586
2020-12-04,0.1576825047561667,0.15285740489034585,0.1536353188040836,0.15017755364490049,0.09343548369323564,2020-12-04 23:59:59.999,0.07770708460957239,0.08438783305333347,0.08621722002731562,0.07018746750813114
2020-12-05,0.1501857933029714,0.149565192853078,0.1529981759823399,0.15500627459817318,0.056141903311757085,2020-12-05 23:59:59.999,0.04652154443480028,0.06109614099484438,0.056853397643244936,0.04608108765643149
2020-12-06,0.15501456401537705,0.15185092863895253,0.15648095024910613,0.15706290527493622,0.048410368048150174,2020-12-06 23:59:59.999,0.0405730479785688,0.05375504650152588,0.05057976270806549,0.041447587936674635
2020-12-07,0.15706408409588538,0.15185948839024943,0.1569285403985718,0.155193152723331,0.05410311481363027,2020-12-07 23:59:59.999,0.04538048913390831,0.055106561562259966,0.050239236825318334,0.041213762011781604
2020-12-08,0.15520144030725413,0.15067363361442554,0.1500714749178304,0.1470071332273969,0.08073724646637867,2020-12-08 23:59:59.999,0.0664027914416792,0.0749619155512003,0.07406926238208132,0.05963598547021289
2020-12-09,0.14701550111644984,0.1445099542382527,0.14470585629956306,0.14911650549561556,0.10435216206793767,2020-12-09 23:59:59.999,0.08297786757612496,0.08542709111019486,0.0980809125996336,0.07636906961406678
2020-12-10,0.14912494982070462,0.14373628440949476,0.14725325690611207,0.1463322739687708,0.06924936505265507,2020-12-10 23:59:59.999,0.05526531540017319,0.058404345030258646,0.06818013431570462,0.0532350551344547
2020-12-11,0.14634239680111302,0.14124746617252132,0.14394813339396156,0.14421386861030278,0.09518051426551401,2020-12-11 23:59:59.999,0.07444338481555639,0.07329512143269531,0.09110497025983018,0.06974765063775999
2020-12-12,0.14422226390137668,0.14741735371996445,0.14832228324827526,0.1517138588973025,0.06481702123027051,2020-12-12 23:59:59.999,0.052368170458512414,0.058447639237191554,0.06938563528084153,0.0548192823939129
2020-12-13,0.15172218061321646,0.1517662717579942,0.15505779307813733,0.15527173089549978,0.07407547474527887,2020-12-13 23:59:59.999,0.06198593080624181,0.0614836208620527,0.07882505209128496,0.06451359986730044
2020-12-14,0.15528001770856836,0.1511830799113925,0.15787601108985566,0.15622506187181173,0.061841551386865395,2020-12-14 23:59:59.999,0.05182700176883899,0.05520037662675191,0.060315196460126695,0.04944000856911232
2020-12-15,0.1562386814304117,0.15326187665492447,0.15836379460060723,0.15771396768290552,0.08100999413333912,2020-12-15 23:59:59.999,0.06844715570248429,0.06860522226680847,0.08309677065612765,0.06871668277720891
2020-12-16,0.15772223053754808,0.17198045366681874,0.16059394081176342,0.1762569593646921,0.15000873043172405,2020-12-16 23:59:59.999,0.1330802953845991,0.1088584546162399,0.16329305303070318,0.14181715225574093
2020-12-17,0.17626504031195517,0.19305061070533294,0.179631155669376,0.19045386907652678,0.2428137955936656,2020-12-17 23:59:59.999,0.2402421327449887,0.18348669599898462,0.24645966794128207,0.23871334863249147
2020-12-18,0.19046171362257264,0.18820804898811513,0.19055750631021137,0.19346713314969288,0.10443182324599973,2020-12-18 23:59:59.999,0.10420654989777378,0.10587844668531932,0.10221812283595189,0.09985063624349237
2020-12-19,0.1934750452645654,0.1965447764352869,0.194459774396224,0.20040435220116015,0.112846184520221,2020-12-19 23:59:59.999,0.11554935699669118,0.11013796595800818,0.11382630091902127,0.1140597971013171
2020-12-20,0.20041209913262784,0.1977067391580403,0.19748403216288377,0.19684851993301916,0.1005448054401775,2020-12-20 23:59:59.999,0.10363319340459363,0.11438290053579703,0.09892182471814598,0.09983584142156962
2020-12-21,0.19685659313447196,0.19589856224397176,0.18533822274516948,0.18970159720576407,0.11545669332070312,2020-12-21 23:59:59.999,0.11649278945396366,0.10457594145519516,0.11188867658969512,0.1105660026957451
2020-12-22,0.18971119745451956,0.1933995851812833,0.1905906755889425,0.2002992575382595,0.11414544952370921,2020-12-22 23:59:59.999,0.11507918384923217,0.09815920127378258,0.11375215265984247,0.11227502406167926
2020-12-23,0.2003071026297593,0.1958725067372768,0.19299642386396926,0.19468485199330188,0.15624287370636641,2020-12-23 23:59:59.999,0.16013842296273129,0.14403752707694598,0.15105706895712448,0.15165830521724988
2020-12-24,0.19468915838746736,0.19299821750233984,0.1940053552776078,0.199506773846387,0.09045073440070006,2020-12-24 23:59:59.999,0.09169641484972305,0.09323062554676183,0.09535914796267952,0.09463497441419404
2020-12-25,0.19951258700213226,0.2023615507259328,0.20112875055521953,0.20905727561998083,0.10426588699318268,2020-12-25 23:59:59.999,0.10986900358028265,0.09869456469153108,0.10984992980547707,0.11327543356580287
2020-12-26,0.20906503479502514,0.2219000766615089,0.2115321972725292,0.2263553520574077,0.12831206286974217,2020-12-26 23:59:59.999,0.14289442017893747,0.11388025413633773,0.13285366614084693,0.14481844818979625
2020-12-27,0.22636303866678334,0.2365266222374814,0.22323900153056705,0.22429881851064737,0.19491375610116102,2020-12-27 23:59:59.999,0.23063873594031234,0.160059799876963,0.19372670177598475,0.22455226866419736
2020-12-28,0.22430526261703929,0.22785399509930726,0.22715102528679473,0.23204736447450725,0.10453124526096629,2020-12-28 23:59:59.999,0.1231555426063246,0.09894276729212671,0.10097997888909556,0.11644552867532669
2020-12-29,0.23205499524504733,0.2270074262897241,0.22499502216927278,0.23501556022642944,0.09097377220562305,2020-12-29 23:59:59.999,0.1059668155263582,0.10531286272858882,0.09132362489450006,0.10413784311546122
2020-12-30,0.23502306474981835,0.24192584997860067,0.23904318727891818,0.24949317564601164,0.12508980271033956,2020-12-30 23:59:59.999,0.15362601884461433,0.12573991047887995,0.12810043537052154,0.1539943148777093
2020-12-31,0.24950063527255037,0.24478537129097044,0.2442136924928849,0.24996027382890357,0.09899099100894532,2020-12-31 23:59:59.999,0.12440341858003226,0.1018721229718405,0.09707379307721146,0.11944292037512057
2021-01-01,0.2499676317441434,0.24760726732291427,0.25177014197134195,0.25392376071829575,0.07094862681096274,2021-01-01 23:59:59.999,0.09055882435593388,0.08624396541824307,0.07312034754010684,0.09130647381050733
2021-01-02,0.2539311768806442,0.2824106517168886,0.2549110775537734,0.28157317580141966,0.17063727348772795,2021-01-02 23:59:59.999,0.23321046252611408,0.1474084968067402,0.17984155075113795,0.24022899162173944
2021-01-03,0.28156196333164685,0.2963142275294771,0.2843386665306076,0.2895545423817054,0.15875485812819626,2021-01-03 23:59:59.999,0.2322803530461793,0.15554018687855733,0.15930358899960462,0.22817181835935996
2021-01-04,0.28956151187582324,0.28523254774883244,0.24694528015309378,0.27973139669058655,0.18497828403128086,2021-01-04 23:59:59.999,0.25354724049809374,0.17345636771721146,0.18422393408747853,0.24741285099313734
2021-01-05,0.2797485639712805,0.29238135102975693,0.26421281643369965,0.2987768418762408,0.15230158200248337,2021-01-05 23:59:59.999,0.21430191959640899,0.16586463984081398,0.1591472637105751,0.21937899060658472
2021-01-06,0.2987837208992868,0.31664222591159,0.29726502712222647,0.3261658514221775,0.1668834833062322,2021-01-06 23:59:59.999,0.2537158068819002,0.17013046600859474,0.16811706895956727,0.2503953226295422
2021-01-07,0.32617246175810766,0.34886630326916657,0.3266491058099016,0.3520307940960499,0.1743610233532795,2021-01-07 23:59:59.999,0.2898245910488199,0.18477448514056102,0.1734602472678963,0.2826085788549481
2021-01-08,0.3520390932770089,0.36377532063793666,0.32860023985290787,0.3632058922944826,0.18351876872807044,2021-01-08 23:59:59.999,0.31879067721356724,0.1920632849620759,0.17945152547819437,0.3056504387596155
2021-01-09,0.3632524478220316,0.3584137181772433,0.3502578277302779,0.35840193949189353,0.09935585993997467,2021-01-09 23:59:59.999,0.17485934460091299,0.1311310575427969,0.098610142285893,0.16983203061051708
2021-01-10,0.3584082335907027,0.35813152857404895,0.3150506870479527,0.3395762023723031,0.15514130857104366,2021-01-10 23:59:59.999,0.2635690614043051,0.17251309272002985,0.14783103545099377,0.24599447971304467
2021-01-11,0.3395826811522341,0.32911058540233185,0.26928576494551604,0.3129086744862794,0.32996125612335236,2021-01-11 23:59:59.999,0.4865203833035387,0.29371762296277437,0.3287403959316113,0.47493221384073125
2021-01-12,0.3129727210149675,0.31371488503125255,0.28987998476944765,0.2997647511335071,0.17583700643106484,2021-01-12 23:59:59.999,0.26627558928457595,0.17554138781649775,0.173575541703816,0.2574652574153231
2021-01-13,0.2997513204937147,0.3252094082013705,0.2884068785669779,0.33201327184356627,0.16338398827794584,2021-01-13 23:59:59.999,0.24747006788728812,0.16503935633930994,0.170593918820472,0.25304116522476683
2021-01-14,0.3320198248161031,0.3463736284409495,0.33056337337027875,0.3492355868789022,0.1350760732370578,2021-01-14 23:59:59.999,0.2275408760100645,0.15079477389649704,0.13665766743108448,0.2253272412077496
2021-01-15,0.3492488670624805,0.34306034624664317,0.3081913777630618,0.32590224059490186,0.1552614652390222,2021-01-15 23:59:59.999,0.25025931284565356,0.16809504701133327,0.1539334407307317,0.24289178244470727
2021-01-16,0.3258623287019936,0.3261500402120185,0.31745731333329885,0.3186442982745827,0.11324510089690301,2021-01-16 23:59:59.999,0.18196304181930478,0.1356120408087647,0.1130558903815105,0.17793449539894887
2021-01-17,0.3186509823972052,0.3158266038951572,0.3027477137830743,0.31702834641998234,0.10510454957124889,2021-01-17 23:59:59.999,0.16273886827987397,0.12209682450459997,0.10529865843795456,0.1596606531538581
2021-01-18,0.3169998856791083,0.3216334074864902,0.3120156004873542,0.32482458321515845,0.09266550741009295,2021-01-18 23:59:59.999,0.1462332369507533,0.11205335685805204,0.09491186586791325,0.14676155941660177
2021-01-19,0.32474563601607326,0.3252094082013705,0.32220110553206005,0.31763909987683914,0.10438602760150928,2021-01-19 23:59:59.999,0.16802080369676545,0.1272690697513691,0.10313982445267855,0.16257367957378116
2021-01-20,0.3177472937175668,0.31171425480780535,0.2983576621863101,0.3135279753833721,0.11721628003641822,2021-01-20 23:59:59.999,0.17897871634446433,0.1466606698605835,0.11339270333116795,0.16952455826540705
2021-01-21,0.31353470969729635,0.30404518796179153,0.26588103604047,0.2686723688453574,0.17722550905287662,2021-01-21 23:59:59.999,0.25112935415217086,0.18916428121499185,0.16865959706115696,0.23418434539224173
2021-01-22,0.2686976091975771,0.28736336144255326,0.2539693627079165,0.2890214929269932,0.18770262370896976,2021-01-22 23:59:59.999,0.25665560621917693,0.17775307139221297,0.18705730559291062,0.2505694069732067
2021-01-23,0.2890753809814133,0.2838780376534994,0.278750325961331,0.2805986704845233,0.08464050595585865,2021-01-23 23:59:59.999,0.11956488006312921,0.11154683434598418,0.08706404681716598,0.12032239634595845
2021-01-24,0.28060572783604926,0.2802566044125048,0.2739684866487312,0.28236546523328687,0.07593906266091105,2021-01-24 23:59:59.999,0.10671075738778102,0.10026215660598646,0.07410860031769824,0.10194819025693924
2021-01-25,0.28236813444525377,0.2972256058845939,0.283821713565913,0.2823101011317588,0.11607331883460588,2021-01-25 23:59:59.999,0.16936129544472545,0.13825206767613782,0.118577623402691,0.1694268845746807
2021-01-26,0.28231704456504203,0.27885393395822655,0.2733574890231637,0.2843845065990124,0.1114354154796636,2021-01-26 23:59:59.999,0.15503415348909286,0.13193492387971809,0.11300755869711944,0.15397162952245802
2021-01-27,0.2843550062886203,0.2754244837106052,0.2577908538445487,0.26397147097561263,0.1258207961510419,2021-01-27 23:59:59.999,0.16932248107556194,0.1355851051109764,0.12438158657937316,0.16392209870644792
2021-01-28,0.2639402283367981,0.2869631225220226,0.26364796312824923,0.2930979420095032,0.12149349237752763,2021-01-28 23:59:59.999,0.1690631978522738,0.1352373718222118,0.12278946368004337,0.1672096032812778
2021-01-29,0.2931371235872944,0.33162357788197894,0.2838743941850742,0.3017166756673802,0.30454414793088724,2021-01-29 23:59:59.999,0.4692201665214464,0.2891445984465592,0.31084876496116237,0.46924547234815206
2021-01-30,0.301666025453056,0.29777117245076967,0.2927481518126669,0.3018204105102433,0.11132689734912342,2021-01-30 23:59:59.999,0.1651092440410687,0.14445989195763134,0.11305066877546653,0.16413859300504924
2021-01-31,0.3018273568048272,0.2922185276287138,0.2863744797910803,0.290457171496618,0.09009365091619562,2021-01-31 23:59:59.999,0.13104787189944828,0.11200723768769255,0.08652943671001995,0.1232128012509658
2021-02-01,0.29046403500686363,0.2957419470141988,0.28758896317614957,0.2946666886828006,0.10847157926493725,2021-02-01 23:59:59.999,0.1597999416510419,0.11880212878732337,0.11154921025181544,0.1608572290763307
2021-02-02,0.29458347226834497,0.30766031896831486,0.29853326425018056,0.3135086465128386,0.10234172202976326,2021-02-02 23:59:59.999,0.155479434365306,0.11743432091426854,0.10450586396900231,0.15535064979935995
2021-02-03,0.3135782235116211,0.32344694600301943,0.3175019943028836,0.33441714227991315,0.1059285140949937,2021-02-03 23:59:59.999,0.16893033126172047,0.12348289609469174,0.10623118692186194,0.16576281585902444
2021-02-04,0.33443717260832584,0.3332825705591587,0.3253023355367164,0.3277908363670271,0.12078287320299028,2021-02-04 23:59:59.999,0.1976423549130998,0.14517112577289032,0.12131751250902406,0.19439114865504298
2021-02-05,0.3277973336327498,0.3295374442087639,0.32928313676796006,0.3409381592698932,0.08738358155353944,2021-02-05 23:59:59.999,0.14362420638524323,0.12161139067299565,0.08726582154844409,0.14031399526183624
2021-02-06,0.3409356888163961,0.3544208293552438,0.34534038460168914,0.3496478066102795,0.12956232747805885,2021-02-06 23:59:59.999,0.2245214935582116,0.1504124183815509,0.1386619573135429,0.23508832132862426
2021-02-07,0.34959658906087965,0.3426111003983577,0.33690231520589975,0.34584759525539366,0.11063522435859179,2021-02-07 23:59:59.999,0.18641102530946488,0.12969893247916953,0.10863649056405275,0.179223566966631
2021-02-08,0.345854012512747,0.40934376807777145,0.3431253596793662,0.4194641726272112,0.1819507789195562,2021-02-08 23:59:59.999,0.3367182920530738,0.21212243049867308,0.1929168986833181,0.34940642911027936
2021-02-09,0.4194697705743852,0.42202104193807827,0.41114384355260913,0.41990659978942213,0.15157817400758392,2021-02-09 23:59:59.999,0.3083586813268439,0.2047691820929379,0.15311023839261592,0.305021498189736
2021-02-10,0.4199122905254205,0.41419319640866703,0.3991044684969409,0.4042410844370539,0.1274542710265864,2021-02-10 23:59:59.999,0.2536983932003058,0.18982696507740796,0.1278711420948557,0.24932501532328935
2021-02-11,0.4042469288522911,0.4270695080024269,0.4017094275577586,0.4349529113747004,0.11746961902164822,2021-02-11 23:59:59.999,0.23961143958359862,0.1687617383800057,0.12297774968024276,0.24569381123764925
2021-02-12,0.4349501985366343,0.42995630764310544,0.4224985656725866,0.42832951936189473,0.11261602776153451,2021-02-12 23:59:59.999,0.23359580485484954,0.1587687258941929,0.11150970775572303,0.2265830169535976
2021-02-13,0.4284375986163384,0.4220945052981098,0.42325492278435795,0.42702885149599634,0.08355278075320284,2021-02-13 23:59:59.999,0.17216420062384194,0.13511668675675542,0.0825687729104077,0.1664740618845761
2021-02-14,0.4270644852388612,0.4367441904215443,0.43117301495768623,0.4408611351777673,0.09665952138509121,2021-02-14 23:59:59.999,0.2052085960738642,0.1371695154123435,0.10326651942239246,0.2144624638510277
2021-02-15,0.44089265093441543,0.4301925944041802,0.417091875682714,0.43438557502904185,0.10410574178930589,2021-02-15 23:59:59.999,0.21651224874817182,0.15182549136625484,0.10172992418694007,0.2070898930150657
2021-02-16,0.4343911237258004,0.44597884518608055,0.43107009263691765,0.446258260906728,0.11648626922208026,2021-02-16 23:59:59.999,0.24902221288595425,0.14438164704039752,0.1215640707388855,0.2545954023518155
2021-02-17,0.44626369313203396,0.4641289042107392,0.4500290670194056,0.475263805087281,0.11244981913633721,2021-02-17 23:59:59.999,0.24992964751526459,0.16504494056933922,0.1200878791653995,0.26115013383411995
2021-02-18,0.47524913844104566,0.46329418736449024,0.46910042672277086,0.4697554655052509,0.07959467362200658,2021-02-18 23:59:59.999,0.18031011497178087,0.1241301412034975,0.07695670338289622,0.17054254532955182
2021-02-19,0.46976076435122993,0.4993956439331588,0.46723026474254925,0.5120400408723051,0.10444976422308405,2021-02-19 23:59:59.999,0.2433640539784706,0.15353755059640894,0.10808042455325054,0.24643784919647843
2021-02-20,0.5120448277761109,0.5119291892222384,0.4979970145698007,0.511410541324931,0.10614399937083067,2021-02-20 23:59:59.999,0.2605833257964466,0.17348514292606823,0.1029567131727714,0.24734436820159786
2021-02-21,0.5114153344041488,0.5180653080804993,0.5137393493689885,0.5266345036851123,0.0761871575826595,2021-02-21 23:59:59.999,0.18993116503484883,0.12800237769944967,0.07859187489591185,0.19159016546094357
2021-02-22,0.5266758621975778,0.5101232698249955,0.43710280398448886,0.4943786010948494,0.17593074092155492,2021-02-22 23:59:59.999,0.4129794370473657,0.21751758506884636,0.16978430944343123,0.39015285014834017
2021-02-23,0.49438356125798044,0.47884838422936377,0.41047528747277306,0.4439033439917323,0.2224220592191022,2021-02-23 23:59:59.999,0.47037943205897687,0.25116178263338623,0.21991910849030294,0.4556127112176384
2021-02-24,0.44390879931885335,0.45242979357830526,0.4309244404806072,0.45152999180222775,0.12052050290228382,2021-02-24 23:59:59.999,0.261851175321838,0.14403233702785995,0.12194331718059409,0.25938178182348376
2021-02-25,0.4515354694407241,0.4587013634460995,0.42785774554851197,0.42625219999456077,0.10925055882721489,2021-02-25 23:59:59.999,0.2376965531986286,0.15133434191097347,0.10822625237892866,0.2306354892033527
2021-02-26,0.42625782848000515,0.42467287170249696,0.4028094769312056,0.41851229860093947,0.14358758518809672,2021-02-26 23:59:59.999,0.29118763162339983,0.1556760479103286,0.14296221859984137,0.28393000223971987
2021-02-27,0.41851810014412977,0.42438964740409085,0.41152343668067604,0.4168568148352481,0.08656764658749955,2021-02-27 23:59:59.999,0.17778636279380697,0.11533517599784936,0.08521264411229902,0.17131448591197665
2021-02-28,0.41683572787198697,0.40787647620436174,0.39201209625061295,0.4074277255650053,0.10891484322570663,2021-02-28 23:59:59.999,0.21228310864045036,0.12063198242268339,0.1084330927355289,0.20692433484058045
2021-03-01,0.4074184837164605,0.4375208702727363,0.4110408236751385,0.45066388356832315,0.11158519607769436,2021-03-01 23:59:59.999,0.2322756216519649,0.14092428598720913,0.11358047126369239,0.23137528980547586
2021-03-02,0.45075406623482445,0.4413774615163929,0.43149914701297465,0.439529094321003,0.08414841295415507,2021-03-02 23:59:59.999,0.17862089993318075,0.12176446427262186,0.08358480846744977,0.17360660845295112
2021-03-03,0.43949535242353005,0.464328882576203,0.4417729408731266,0.4580684921926904,0.10625933272295422,2021-03-03 23:59:59.999,0.23525343213547514,0.1471594401474342,0.10914615045404802,0.23650073145251907
2021-03-04,0.4580738085592256,0.4561818806055789,0.43591261221825495,0.4388825970231596,0.10838142528258612,2021-03-04 23:59:59.999,0.23355373807397675,0.1504314704604743,0.10731707370924203,0.2262964211771087
2021-03-05,0.43888810160397934,0.4343126566740193,0.4242058079602171,0.4425504201843916,0.1025203420886247,2021-03-05 23:59:59.999,0.21335805054822024,0.13481402148916832,0.1021087295599261,0.20797487071960158
2021-03-06,0.44250829554932347,0.4319711414099134,0.4317176740257914,0.4438178695893732,0.05808342839991154,2021-03-06 23:59:59.999,0.12270341511961223,0.09685820707060754,0.057227958826930526,0.1181879478582658
2021-03-07,0.44382332575500105,0.4531356438390955,0.4493968995894716,0.4641136692995373,0.07233210411350784,2021-03-07 23:59:59.999,0.1590612503228499,0.11536020648774532,0.07426732647265182,0.1596759368331499
2021-03-08,0.4639961552436914,0.4620975153205439,0.453225707478765,0.4777450881357644,0.08778599383753956,2021-03-08 23:59:59.999,0.19467510146589503,0.13121285008851993,0.08950494921290832,0.1942098787645827
2021-03-09,0.4777503086032736,0.48554013441631433,0.47775868159531343,0.5021182110984627,0.09392605573031756,2021-03-09 23:59:59.999,0.22104903358181555,0.14402353365346085,0.09328407454422992,0.21478520492002756
2021-03-10,0.5020276174797711,0.5089871744825348,0.4896175767520037,0.511511556527719,0.1111422206922882,2021-03-10 23:59:59.999,0.2690753040188289,0.17377670543042065,0.11367358906195718,0.26943334769945904
2021-03-11,0.5115163486159741,0.5161577063629053,0.5019860105640249,0.5301757664528512,0.1074150532241931,2021-03-11 23:59:59.999,0.26404611788808985,0.16475561175699852,0.10820699772782398,0.2605359926852007
2021-03-12,0.530180278315522,0.5155134674988124,0.508717618125801,0.5248196295850218,0.09622549198585072,2021-03-12 23:59:59.999,0.23826147602538458,0.1634391131033892,0.0953960559626192,0.23115324320577124
2021-03-13,0.5248242911206273,0.5509046528362407,0.5195989951269451,0.563347896358402,0.10916432117238249,2021-03-13 23:59:59.999,0.2824274280418623,0.1679768584251841,0.11830463988920592,0.2995499589587888
2021-03-14,0.5633520828013494,0.5497833254163472,0.5477787363265745,0.5417842587232455,0.06886852217773104,2021-03-14 23:59:59.999,0.18182317029992545,0.12006856646114074,0.06743466709151173,0.17416510308297495
2021-03-15,0.5418642231069816,0.5395176439049397,0.505177870744979,0.5091183703916671,0.1348407445380199,2021-03-15 23:59:59.999,0.3363005305435796,0.17617667610335846,0.13281738372370347,0.3243136569254423
2021-03-16,0.5091231859571597,0.504759974226683,0.4922159019570751,0.5217020478889766,0.10224971990272234,2021-03-16 23:59:59.999,0.24640404361993445,0.14709880197899858,0.10079358840332758,0.23769891604065174
2021-03-17,0.5217066428791148,0.5239153807443221,0.5005311474648574,0.5412467412884101,0.09230192269104226,2021-03-17 23:59:59.999,0.22674876622978563,0.14467380081616482,0.09266282215917906,0.2228661903770371
2021-03-18,0.5412512416734908,0.5347819379841315,0.5288158596760004,0.5289616414193414,0.08725086542117094,2021-03-18 23:59:59.999,0.22330705311601587,0.13394229033318542,0.08601420463163657,0.21540942174892358
2021-03-19,0.52889671792199,0.5285552362632453,0.5214770592000408,0.5326705505717073,0.06859448401589528,2021-03-19 23:59:59.999,0.17474093860894138,0.12375159610433603,0.0680411053563493,0.1695227497772358
2021-03-20,0.5326751350895107,0.5324306401471148,0.5365927873013171,0.5333725091010812,0.05818561098790903,2021-03-20 23:59:59.999,0.14976568481675068,0.11312848538074859,0.0591275966265763,0.14877402073724605
2021-03-21,0.5333551355673856,0.5202880215216604,0.5134712635514794,0.5260807655398292,0.0635605626681297,2021-03-21 23:59:59.999,0.1587948341459978,0.11637489393247787,0.06296111849534271,0.15377935150536257
2021-03-22,0.526085414703648,0.5187983426063972,0.49590998404069897,0.49433566963366443,0.08199261413067231,2021-03-22 23:59:59.999,0.2019259716027485,0.12647899974746143,0.08190894360454785,0.1973362789133305
2021-03-23,0.4943406302179546,0.4943435094039686,0.4895687984009285,0.4968381270227323,0.07832089255755774,2021-03-23 23:59:59.999,0.1868765107265563,0.11419395647033566,0.0787448444444756,0.18380470684115235
2021-03-24,0.49686161470634826,0.5072217022617497,0.4768864271213875,0.4770504143565914,0.10954878194775383,2021-03-24 23:59:59.999,0.26237376124801964,0.15766153732144592,0.104790255344432,0.24604113239363806
2021-03-25,0.47705564163887404,0.4704147716850952,0.46447292211297275,0.46724154677586666,0.11462857821128278,2021-03-25 23:59:59.999,0.25969215644854154,0.13778410919968395,0.11446220673337222,0.2537787697354948
2021-03-26,0.4672467731544242,0.48721878630251675,0.47215102479901117,0.5034886183062859,0.08361284473633554,2021-03-26 23:59:59.999,0.19445683998938668,0.1163488779902238,0.08477371723515466,0.19286741619347478
2021-03-27,0.503493489099838,0.5025219284837482,0.4988366851052085,0.5111769436684837,0.06558692804782475,2021-03-27 23:59:59.999,0.15838525908206055,0.10029428235286081,0.06587264867431805,0.15548434698523594
2021-03-28,0.5111817390393024,0.5011993058135761,0.5060738314975275,0.5107931830278919,0.051049889003648395,2021-03-28 23:59:59.999,0.12469986306159939,0.1017729207677909,0.05125578397318866,0.12235404843266544
2021-03-29,0.5107981764215151,0.5185640311725448,0.5071291023446874,0.5288383834459395,0.08893077197337776,2021-03-29 23:59:59.999,0.22194687196262639,0.13016406599219682,0.09158217024643864,0.22354638984419845
2021-03-30,0.528842908428383,0.5276146042525973,0.5292875463308973,0.5396304980438018,0.07218405904141399,2021-03-30 23:59:59.999,0.184431145273653,0.10581071325990532,0.07334911861166904,0.1833596205941043
2021-03-31,0.5396350142842837,0.5316781345385965,0.5263379194413824,0.539572025782188,0.07988067259258921,2021-03-31 23:59:59.999,0.2047028643670949,0.1265367472556466,0.0827782718884796,0.20761030584790108
2021-04-01,0.539565955529853,0.5287621753055878,0.537717420963706,0.5393766973467969,0.06204986258225988,2021-04-01 23:59:59.999,0.15965462956785234,0.1046076073243024,0.06113926200952498,0.15379785248787067
2021-04-02,0.539381313206122,0.5354406625811883,0.5425281370601424,0.5416065108183398,0.062006207839407065,2021-04-02 23:59:59.999,0.16090980982892636,0.10933285138143341,0.06308588780273192,0.16008702332682742
2021-04-03,0.5416110076740691,0.5316002502081149,0.527420798835251,0.5231705563995074,0.06204228167571172,2021-04-03 23:59:59.999,0.15930607946335532,0.10542053982291816,0.06138400590303465,0.15411760097206106
2021-04-04,0.5231753312416269,0.5193826632114117,0.5226210090894554,0.5343411866178168,0.0540265650948332,2021-04-04 23:59:59.999,0.13622974655201836,0.098345517466289,0.054848894667993864,0.13512364636334204
2021-04-05,0.5343457547466238,0.5267115975223753,0.5264234766691682,0.5433546566065885,0.07104736846107053,2021-04-05 23:59:59.999,0.18061025170233275,0.13360920743614468,0.07262315139017976,0.18057401312351712
2021-04-06,0.5433591363129482,0.5288114644229458,0.532620766173267,0.5322931033812898,0.07097239572171968,2021-04-06 23:59:59.999,0.18128000505089764,0.1286580320017113,0.07110122633789791,0.17763610135910496
2021-04-07,0.5322868131482817,0.5209078980166774,0.5136945708427015,0.5125009227350255,0.09336281545673367,2021-04-07 23:59:59.999,0.23203388443291145,0.14481419492878336,0.0925529703026598,0.22509902703226256
2021-04-08,0.5125056079885146,0.5161888412824577,0.5159091079815137,0.5331320152144436,0.057930777913285866,2021-04-08 23:59:59.999,0.14491262636987204,0.10898623493867465,0.058992145365780076,0.1442318292049988
2021-04-09,0.5331365952052632,0.5231644742102218,0.5349716875816853,0.5337635544918742,0.05339249345230826,2021-04-09 23:59:59.999,0.13612677589584576,0.10602212563913156,0.05416865309010395,0.13495923059329823
2021-04-10,0.5337682254163219,0.5476688787196117,0.5373716800112853,0.5495626235979284,0.09162445769020792,2021-04-10 23:59:59.999,0.24027036085707956,0.16215585704266014,0.0959716763154543,0.2462086840125306
2021-04-11,0.5495670424039206,0.5401344163143216,0.5503712081295169,0.5518286665604712,0.05381963374872874,2021-04-11 23:59:59.999,0.14091895704496915,0.11457191029808227,0.055353070929204384,0.1416386357749657
2021-04-12,0.5517978052914158,0.5457876146983158,0.5515230601118057,0.5504452439322888,0.07383117470099994,2021-04-12 23:59:59.999,0.1942281868972989,0.11852659630799618,0.07362579090950644,0.18948190610581478
2021-04-13,0.5504497512087952,0.5690943124685476,0.5559575975647505,0.5865290399282016,0.10864306613478303,2021-04-13 23:59:59.999,0.29511007500753467,0.17748535683492678,0.1110333349961364,0.2951478872844463
2021-04-14,0.5865331932214413,0.579217676356744,0.5705506168559055,0.5805509796532071,0.10833754121400539,2021-04-14 23:59:59.999,0.2999315514952972,0.17366771439961384,0.10678440748071878,0.2893925097658676
2021-04-15,0.5805550944623717,0.5693034149645146,0.5775649437405131,0.5824979505569435,0.06761752827344059,2021-04-15 23:59:59.999,0.18597644543831487,0.12718083891690643,0.06824300885865466,0.18352930325859915
2021-04-16,0.5824900022640781,0.5666753831899654,0.5578584899061494,0.5647699767276514,0.12036656093061515,2021-04-16 23:59:59.999,0.3233055635190184,0.17329422795589067,0.1161237845451383,0.30516948613668915
2021-04-17,0.5647743434780417,0.5571321070627354,0.5537699860757318,0.5518697525516053,0.0771675256507083,2021-04-17 23:59:59.999,0.2064049467359813,0.1489125598925095,0.07560346536338725,0.19780795561645062
2021-04-18,0.5518742458536336,0.5382531522930257,0.4693872434270928,0.5144101100677191,0.16391551881813468,2021-04-18 23:59:59.999,0.3978625098812411,0.22612426317727188,0.15838098911069237,0.3761195354987927
2021-04-19,0.5144148737210654,0.5102957817357482,0.5014861300222068,0.5093897516191572,0.10256839861467254,2021-04-19 23:59:59.999,0.25180707809939973,0.156908586023027,0.10222634984830326,0.2454981214521875
2021-04-20,0.5093945645223907,0.5060575760853717,0.49278777934508033,0.517081088011438,0.09535640104078665,2021-04-20 23:59:59.999,0.23114105742205307,0.14102920381493575,0.09463988548641467,0.22447046707112497
2021-04-21,0.5170858254623998,0.5030632622058762,0.49479803274958967,0.49146431249441497,0.08778257130914195,2021-04-21 23:59:59.999,0.2120649275293051,0.14011772608050913,0.08575147357949887,0.2026286540658341
2021-04-22,0.4914692041177666,0.4914330058366217,0.4651796228633497,0.47109935622234217,0.13731971945451033,2021-04-22 23:59:59.999,0.3203103833662586,0.18017143717583547,0.1347530538653591,0.30778733939152036
2021-04-23,0.47110444762660786,0.4595490610140954,0.43591261221825495,0.4656035464106579,0.17357872550766812,2021-04-23 23:59:59.999,0.376202221362124,0.189606552233311,0.17002971781550985,0.36091402199709044
2021-04-24,0.4654671747033994,0.45046603612967556,0.4472012884508766,0.4551397312218565,0.07249842669609105,2021-04-24 23:59:59.999,0.15809958117728978,0.07639436909894705,0.07132281918459303,0.15214205486014623
2021-04-25,0.4551450763196365,0.4448381407467678,0.43035188019568704,0.44561059804885245,0.07630410584435778,2021-04-25 23:59:59.999,0.16415634470382293,0.096792838730853,0.07395171544459335,0.15570698207857625
2021-04-26,0.4456159394987034,0.48047595979738794,0.44814075949258414,0.49354056343171954,0.11319561962212892,2021-04-26 23:59:59.999,0.2608007772367872,0.14271918891226823,0.1150934498078841,0.25924617807006844
2021-04-27,0.49354543468697876,0.4908547052764753,0.49173455718866554,0.5033563272426347,0.0707922903324384,2021-04-27 23:59:59.999,0.16884367120182367,0.1029149286571911,0.06825076466239614,0.15921473140394465
2021-04-28,0.5033611993339666,0.4999600231395475,0.4975017191929836,0.5017463974482006,0.07219459964989414,2021-04-28 23:59:59.999,0.17288181421906929,0.12008650169405831,0.07126891328629817,0.16690480585820106
2021-04-29,0.5017513824620485,0.48836993175714766,0.48304166968685947,0.48920477724205186,0.06871725756818908,2021-04-29 23:59:59.999,0.1616003931343173,0.11572646628084236,0.06747330094025376,0.15512639324041375
2021-04-30,0.48920978816057104,0.5143987245029935,0.48969571967042613,0.5294095078617025,0.08987882484745116,2021-04-30 23:59:59.999,0.2179991831577025,0.14883582600222478,0.09494555251328275,0.22526165854064986
2021-05-01,0.5294430688272959,0.5190555113981083,0.5281635955654235,0.5304400571901456,0.05571796329908594,2021-05-01 23:59:59.999,0.1408221899860689,0.11436897280913576,0.05475729563023197,0.13526384160623528
2021-05-02,0.5304153306161158,0.5139097839838587,0.5191796964211031,0.5185692167825104,0.04810764630785792,2021-05-02 23:59:59.999,0.11960295393773104,0.08997081484296227,0.04834738332540453,0.1174142124194379
2021-05-03,0.5185739396348783,0.5239784971522365,0.5230795255895619,0.5243113482809932,0.07550761428035038,2021-05-03 23:59:59.999,0.1910538121757077,0.13796168771461512,0.07600318161351424,0.18808127944153005
2021-05-04,0.5243160148028557,0.5072217022617497,0.49002429064326836,0.4857567592768866,0.1118988336697738,2021-05-04 23:59:59.999,0.26937331151013183,0.16361636313420103,0.10934448512843227,0.25758616637412896
2021-05-05,0.48581075706169474,0.5154035076167677,0.48859323137942534,0.5269019997124953,0.10129930237015478,2021-05-05 23:59:59.999,0.24776310460594944,0.15609341983239955,0.10320598968741777,0.24708316014300952
2021-05-06,0.526906640819979,0.518133033585266,0.511031272873998,0.5167768768430419,0.09198639854944264,2021-05-06 23:59:59.999,0.2285407935768875,0.16146492354597822,0.09124884104503636,0.22188536616596258
2021-05-07,0.5167816172783255,0.520860866416145,0.5114374014250497,0.5257232299999612,0.097721055166667,2021-05-07 23:59:59.999,0.24268877237717307,0.15501421810662283,0.09826396499013991,0.23878024416402688
2021-05-08,0.5257350702209035,0.5288562385066526,0.5276159122395515,0.5407521553147596,0.09136604353280665,2021-05-08 23:59:59.999,0.2335375102037316,0.15170874811023088,0.09146446776855831,0.22874267152996897
2021-05-09,0.5408001743660702,0.5269749744853567,0.5211348302888975,0.5347183424182262,0.09149256129701784,2021-05-09 23:59:59.999,0.23147610091609697,0.14242979440310366,0.09138801402683171,0.22629687510276286
2021-05-10,0.5347228097180723,0.5288562385066526,0.49347106648694117,0.5111672306682156,0.11750284525667805,2021-05-10 23:59:59.999,0.29378768036434594,0.16905540318272208,0.11475730568138003,0.28097125255598343
2021-05-11,0.5111720261343191,0.5040464107834054,0.5029340665955218,0.5194609673371228,0.08429105812773183,2021-05-11 23:59:59.999,0.20510680607391157,0.12543671963670183,0.08226059157539233,0.19579893918663413
2021-05-12,0.5194656814413873,0.5147468524101344,0.44664384945478963,0.4510940723501964,0.1309896925258232,2021-05-12 23:59:59.999,0.3135040089199504,0.17571752100130372,0.12874603750738925,0.3022261544726888
2021-05-13,0.4501847928737582,0.45235642428147477,0.4212791068957077,0.4514791928108257,0.19343628378225372,2021-05-13 23:59:59.999,0.4181504325642363,0.23442945856094002,0.19130532416949403,0.40512588993207055
2021-05-14,0.4514938010783461,0.45344577021300614,0.4485925445802422,0.4531350650965278,0.10500523946363982,2021-05-14 23:59:59.999,0.2298930005444096,0.13754990002257345,0.09908198057762765,0.2122028970042879
2021-05-15,0.4531667518326552,0.4460806215696327,0.4266935038650501,0.4232339822912579,0.11730704730206888,2021-05-15 23:59:59.999,0.24906756640709218,0.15009346030164306,0.11262221846603712,0.23407759374551432
2021-05-16,0.4232396403855207,0.43757627349816347,0.4000643288893979,0.42001421983239245,0.14996070428133818,2021-05-16 23:59:59.999,0.3072846183237969,0.174697183629718,0.14341772280462387,0.28785560323379067
2021-05-17,0.419974550246363,0.40832365266222376,0.3822661817057964,0.39191004207671715,0.21884818202797102,2021-05-17 23:59:59.999,0.42061607798124917,0.211193477409096,0.21497141565550398,0.4047866570117875
2021-05-18,0.39191581320179986,0.39998297456060733,0.38469553870274353,0.3852249725122092,0.1535243190932179,2021-05-18 23:59:59.999,0.2946401403920897,0.16811896065522336,0.14850261996939065,0.2789956877746131
2021-05-19,0.3852310034761515,0.3791537133800201,0.2651883834552028,0.3253959018909269,0.46565381528170924,2021-05-19 23:59:59.999,0.7716710381483572,0.41578921988700673,0.44890967581260477,0.7297391168802939
2021-05-20,0.32521933439210476,0.3684941892457542,0.31250338399810584,0.36266031306942464,0.2666608206855553,2021-05-20 23:59:59.999,0.4591598735255493,0.28037729160376196,0.2671624168953083,0.45076856802843973
2021-05-21,0.362654424262215,0.36612690066455655,0.29921616116523286,0.33085383100156573,0.26545538204907226,2021-05-21 23:59:59.999,0.4416069258670872,0.26220804659954555,0.2507109194063999,0.40888444420684894
2021-05-22,0.33097053969076634,0.33441819558561403,0.3159239170889002,0.3327742854145703,0.1660985056921105,2021-05-22 23:59:59.999,0.2708142820185839,0.17833652488503715,0.1688043495514848,0.2694589870436132
2021-05-23,0.33286611022729073,0.3291660826909601,0.2760270306208049,0.3056315004254294,0.28522606978730664,2021-05-23 23:59:59.999,0.4254537634226373,0.26803325257879745,0.27909276581120024,0.40803171831019514
2021-05-24,0.3058926931855521,0.3446804908217832,0.3045134900919949,0.3458534230555545,0.21223880780430188,2021-05-24 23:59:59.999,0.3433166591580356,0.2304923792998243,0.21757250536359785,0.34504814611046913
2021-05-25,0.3460026199589901,0.3434743183945293,0.3278160790810236,0.34127306351913655,0.1469710233186221,2021-05-25 23:59:59.999,0.2434987142716442,0.1646465550293678,0.14436762278912318,0.23420974402489464
2021-05-26,0.3412795256528019,0.35334371163985084,0.3412869036273435,0.3501817302350158,0.1374829617582483,2021-05-26 23:59:59.999,0.235493707479983,0.1596541876863655,0.13457773740505607,0.22578043973371426
2021-05-27,0.35018820210340723,0.3493003108788795,0.3347879688001959,0.34326675395416245,0.11350642006821009,2021-05-27 23:59:59.999,0.19241710435313253,0.13796523534310431,0.11261713289512285,0.1868739692018723
2021-05-28,0.34327329365870657,0.33487750619641343,0.3108839427424106,0.31542453581571717,0.17771671777698236,2021-05-28 23:59:59.999,0.28201959609952515,0.17455810345357695,0.17151792638943125,0.2664965810119002
2021-05-29,0.31541473958584754,0.3203988279725148,0.3006283919855608,0.30514487911199867,0.14784792565970517,2021-05-29 23:59:59.999,0.2261103428077643,0.14239720877846218,0.14471631795568957,0.2167776392172604
2021-05-30,0.3051516956643826,0.3123980002163454,0.29815279311179443,0.31520871294976044,0.09639641217997107,2021-05-30 23:59:59.999,0.14893312235700412,0.1023385047245214,0.099676252049939,0.15077704676720854
2021-05-31,0.31521533364654214,0.3219077898439962,0.30571187662120936,0.33087131440204826,0.12351799694022751,2021-05-31 23:59:59.999,0.19497284000059248,0.12444331796290443,0.12351040364091918,0.19098559343725036
2021-06-01,0.3308779757062763,0.32563090540534184,0.32046401089357157,0.3254250408917311,0.10652068184781988,2021-06-01 23:59:59.999,0.17022986655389194,0.11551236033183729,0.10737540259196475,0.16789862408732859
2021-06-02,0.32544875320780825,0.3287367782413004,0.3229419511281896,0.33392964679645826,0.0885749889419689,2021-06-02 23:59:59.999,0.14443639239870534,0.1004348078591271,0.0914612577157787,0.14590853236886794
2021-06-03,0.33393618096929156,0.34050408469450627,0.33513653889697903,0.35022912967632397,0.09949146733041352,2021-06-03 23:59:59.999,0.16776867986329458,0.12794489297856,0.10303205375084042,0.1700043915052585
2021-06-04,0.3502354068216257,0.33874576127700207,0.31938259485023535,0.3267451347581657,0.11977963918347194,2021-06-04 23:59:59.999,0.1934469881029113,0.1264110692315758,0.11488538739547456,0.18157056246401315
2021-06-05,0.32675319634705413,0.3259148822093565,0.3120156004873542,0.3139647690054276,0.09235189216582196,2021-06-05 23:59:59.999,0.14655983731634345,0.09602254347093139,0.0916461375911426,0.14224875396578715
2021-06-06,0.31399937507169334,0.31232274965549356,0.31613249331809756,0.3167146165113234,0.06235833915476161,2021-06-06 23:59:59.999,0.09796420959381684,0.06512375047925834,0.06299399365613728,0.09676620528411711
2021-06-07,0.3167213195641897,0.316273404100215,0.29738209516480685,0.29492330614988327,0.10170829439729509,2021-06-07 23:59:59.999,0.1577326961352377,0.1005231700872375,0.09707362897040878,0.14749137064332246
2021-06-08,0.2949707257900258,0.289634799621866,0.27494405367023433,0.293252864363779,0.16177088822348107,2021-06-08 23:59:59.999,0.23074498913234695,0.13617190914181818,0.1602260321525632,0.2238372332493691
2021-06-09,0.2932597004481826,0.32224444204060715,0.2885709689399947,0.3321751875580352,0.17933408080707186,2021-06-09 23:59:59.999,0.2744888592617958,0.1707674624128762,0.18342819205283492,0.27500429412747246
2021-06-10,0.33218173894217334,0.33123885938962394,0.3215956686385152,0.3252563260770746,0.14372445224014158,2021-06-10 23:59:59.999,0.23258719202069994,0.1464564184351595,0.14299562866757853,0.22658451522047376
2021-06-11,0.32528343956499395,0.3236140963113116,0.32310555371769556,0.331630579633004,0.1028799964061,2021-06-11 23:59:59.999,0.16617104149835984,0.1133593440198415,0.10501332668950149,0.16603279251074224
2021-06-12,0.33163713635976444,0.32157508830183,0.3100679784856253,0.3142844238442501,0.11504544202941078,2021-06-12 23:59:59.999,0.17930316241630695,0.11283409791296958,0.11345827569559004,0.17307008633596538
2021-06-13,0.314291247866439,0.33960107796428424,0.3115961066681079,0.34803185475567916,0.11399804129511991,2021-06-13 23:59:59.999,0.18368948576614066,0.12429510592824489,0.12174198995218663,0.19221681322820522
2021-06-14,0.3480381534563226,0.35544179133960113,0.3503553844324282,0.36255978351665,0.14240305441033194,2021-06-14 23:59:59.999,0.24732297035951661,0.14341196192001862,0.14301293420947964,0.24306962371061183
2021-06-15,0.3625659396978179,0.35794340217191933,0.3579296867873788,0.3589441191668577,0.10579082315900476,2021-06-15 23:59:59.999,0.18590859143430363,0.12677759181196835,0.10507233218253813,0.18069204780432563
2021-06-16,0.3589480768496698,0.3503914440112312,0.344365500477101,0.3415089922956482,0.11511701149011792,2021-06-16 23:59:59.999,0.19752136655307628,0.1401145069361393,0.11230017424529291,0.1886333832851797
2021-06-17,0.3415153549857944,0.34129308682503773,0.3370388945889101,0.3390220757070093,0.10429397928636772,2021-06-17 23:59:59.999,0.17548023880955785,0.10630120574694793,0.10109064050356437,0.16650073376463898
2021-06-18,0.3390285599229417,0.32852833418774074,0.31522804513246194,0.3169431634076313,0.12492146777302711,2021-06-18 23:59:59.999,0.20080303193763113,0.11872073042254358,0.11947139204490795,0.18800471322290982
2021-06-19,0.3169560804776341,0.31210640429304454,0.31204994044651113,0.3136784297575247,0.09005442433471005,2021-06-19 23:59:59.999,0.14044854723239597,0.07950136899041589,0.09001963775922814,0.1373959229956971
2021-06-20,0.31368516259548634,0.30910315440944774,0.297733299292548,0.3148094115087398,0.11788658007345355,2021-06-20 23:59:59.999,0.17885922955214173,0.11100910584257623,0.11778914872628048,0.17500006683013444
2021-06-21,0.31481623038078177,0.3054561359777635,0.2773949706983567,0.2760425934487756,0.22163814110938382,2021-06-21 23:59:59.999,0.31750135595513346,0.1765168542573776,0.21680565001713692,0.30406314119063094
2021-06-22,0.2761001054724352,0.28239917600635867,0.25353035754824005,0.2847904128802154,0.26822639392475256,2021-06-22 23:59:59.999,0.3667579353435411,0.20443695325460753,0.26444586634944134,0.3546606676990352
2021-06-23,0.2847974291106058,0.29728204380523277,0.28160717642710087,0.2961401508234682,0.16665586210398484,2021-06-23 23:59:59.999,0.2451438306777083,0.13297529878258532,0.16888329162458668,0.24320315016529107
2021-06-24,0.29611791699759343,0.30120447928963473,0.28749540629878745,0.3057076503475311,0.1136098360027596,2021-06-24 23:59:59.999,0.16744962360128984,0.10045550235864738,0.11725712637157412,0.16925938564227494
2021-06-25,0.3057143642500603,0.3031045559511436,0.277626862979368,0.275804819202213,0.152316221911739,2021-06-25 23:59:59.999,0.2201712201946638,0.13748893337001847,0.1483776086675814,0.21014403867482842
2021-06-26,0.2757307236959235,0.2770490492561953,0.26666148965767256,0.28259614898965374,0.1414799279688145,2021-06-26 23:59:59.999,0.19327610818546767,0.11903594378349061,0.1412309354215552,0.1889502376148596
2021-06-27,0.28260318674584756,0.29604040955117744,0.2844407108410568,0.306069459607517,0.12674295719616457,2021-06-27 23:59:59.999,0.18317349893563833,0.11810462560825405,0.13000752329983664,0.18398980928231312
2021-06-28,0.3060971498354488,0.30120175145680383,0.3028718059082095,0.3040739237024403,0.1078193453421937,2021-06-28 23:59:59.999,0.1623964411166679,0.12262141364323315,0.1080704755990204,0.1593433370278131
2021-06-29,0.30408075076093327,0.3134515080682711,0.3064102850519036,0.3178356910022651,0.11908401939771221,2021-06-29 23:59:59.999,0.18511847109354537,0.10982202993199854,0.120944897515024,0.18396077523519377
2021-06-30,0.31784228592830266,0.3087483480150313,0.30438227632760284,0.3094171422799131,0.10115238698996779,2021-06-30 23:59:59.999,0.15391151813686446,0.08533248768381643,0.09868605980235715,0.14693530890958845
2021-07-01,0.30942391692125,0.29894291774643383,0.29163600540815326,0.2944561108369887,0.09399381454319528,2021-07-01 23:59:59.999,0.13798593107262175,0.08136735587890657,0.09321606079556351,0.13385751047361122
2021-07-02,0.29444010979079277,0.28877910668177953,0.2915189373655729,0.2971938170925494,0.07356442676377725,2021-07-02 23:59:59.999,0.10703045916124258,0.07714804306242855,0.07262892988761753,0.10336927989074494
2021-07-03,0.2972006145160725,0.29788978614731243,0.2975453075275044,0.3057663168691503,0.05630210543120859,2021-07-03 23:59:59.999,0.08459787594076425,0.07069799459131189,0.05677764699565036,0.0833756795821814
2021-07-04,0.3057730301961589,0.30750530281296007,0.3076953019326275,0.31176292897465685,0.05716853127618265,2021-07-04 23:59:59.999,0.08837902252883839,0.07639338364658893,0.056373237769725054,0.08515183454844141
2021-07-05,0.3117854155098192,0.3011647846187854,0.2956802184957946,0.2962573867367039,0.08402061439818587,2021-07-05 23:59:59.999,0.12496491349594938,0.07274044314872789,0.08388587988204427,0.12201340165631552
2021-07-06,0.29626438760474033,0.2995196192321621,0.2996454106546942,0.3014040141887508,0.07624486849738824,2021-07-06 23:59:59.999,0.11398738587395356,0.07768872792291083,0.07404411285044832,0.10827218366008369
2021-07-07,0.30141096456819677,0.2989572153529957,0.30204306172344253,0.2979278285228081,0.07045498504367453,2021-07-07 23:59:59.999,0.10631270964185899,0.06827627826967181,0.0726910188080121,0.10721517321911542
2021-07-08,0.2979346187456541,0.28833324710873237,0.28545091049182325,0.28834682792837246,0.09192697325076367,2021-07-08 23:59:59.999,0.13192577418455165,0.08249806391460045,0.09353256486255815,0.1312306057840723
2021-07-09,0.2883538092702102,0.28993570780207223,0.2872466367083042,0.2974780194803933,0.06170576639874146,2021-07-09 23:59:59.999,0.08943832613866073,0.08108288863153254,0.0629908125156597,0.08926187019641599
2021-07-10,0.29748491124493115,0.2914595316593219,0.2945020262039253,0.29443843317650076,0.045409730778788085,2021-07-10 23:59:59.999,0.06704020691469048,0.05671968137565996,0.045251379519064536,0.0652798572723949
2021-07-11,0.29444535475948375,0.2952596849823397,0.29744521435109816,0.3017826269392005,0.04121693211159461,2021-07-11 23:59:59.999,0.061213639141127096,0.062460466936233874,0.043708300314263086,0.06342395776951812
2021-07-12,0.30178957360444253,0.2953766055412632,0.2911222718146298,0.2903954939449156,0.06305684410241987,2021-07-12 23:59:59.999,0.0927415450127865,0.07717366482373937,0.06016960459235144,0.08648277142281574
2021-07-13,0.29040546618981483,0.2827869045211478,0.28667280818625596,0.28692931266924904,0.05377971883633419,2021-07-13 23:59:59.999,0.0771632928676215,0.06266820029332318,0.05212457428922059,0.07312831602895375
2021-07-14,0.2869299945287206,0.2806613583666866,0.2803096722885017,0.2878059109434431,0.0612111869584386,2021-07-14 23:59:59.999,0.0867318858410961,0.07364456283888064,0.059938974444291325,0.08308227637273356
2021-07-15,0.28781299472074473,0.2813312764846701,0.2762415578088335,0.2786754964314437,0.06760421559783164,2021-07-15 23:59:59.999,0.09454128342150442,0.07208347490998879,0.06621012071718119,0.09057594485380215
2021-07-16,0.2786290545429151,0.2725263024225978,0.2751391670745349,0.2738565856084417,0.06347560796422576,2021-07-16 23:59:59.999,0.08802885157570962,0.06999589263457141,0.06380122153107744,0.08652794995256217
2021-07-17,0.273863611971,0.26976780498817154,0.27654700784326613,0.2751794962449541,0.04442491061308743,2021-07-17 23:59:59.999,0.061372989844338734,0.057897888215014674,0.044280765495386606,0.05976981923415992
2021-07-18,0.2751866067587638,0.2742741848247838,0.2760071290535663,0.2776902096842498,0.04693842964623242,2021-07-18 23:59:59.999,0.06527513795460436,0.04985245807294397,0.04669625661696485,0.06346642204870692
2021-07-19,0.277697392696925,0.26923239724771075,0.2691632337276152,0.2685705766025479,0.06195104474052422,2021-07-19 23:59:59.999,0.08414783051030415,0.05543997294342006,0.060454091447229304,0.08028971207014879
2021-07-20,0.2685777519500842,0.26136937208110134,0.25814478955995,0.2583787254212528,0.07995760632155646,2021-07-20 23:59:59.999,0.10422689644077981,0.06963771355081085,0.07570634486642827,0.09649877830694956
2021-07-21,0.25838590362214625,0.27825305822982466,0.26014089724264755,0.2812446821323532,0.10857413097903056,2021-07-21 23:59:59.999,0.14899872796479768,0.09282337093556746,0.1134942143381504,0.1523411396063661
2021-07-22,0.28125173314648294,0.27574486297343187,0.2818510681824766,0.2826367493307743,0.06038311347287985,2021-07-22 23:59:59.999,0.08484641233682937,0.06560412565542437,0.06196189377667708,0.08511325555191197
2021-07-23,0.2826413584624316,0.28570286375415643,0.2839614147633923,0.29571297307167804,0.06559664375063398,2021-07-23 23:59:59.999,0.0933885931523326,0.09149156492199555,0.06661728217863044,0.09280280613405417
2021-07-24,0.2957199792804311,0.29369823584466404,0.29836878365035513,0.30177437088897263,0.06278878398262522,2021-07-24 23:59:59.999,0.09299345947472243,0.07849200298841713,0.06373149801230718,0.09230099075391004
2021-07-25,0.30181395299595043,0.3021451113002827,0.3027586401337151,0.31268090462999293,0.06262491080400305,2021-07-25 23:59:59.999,0.09424683108024023,0.08170201549972027,0.06558496894484851,0.09655177620252357
2021-07-26,0.31268764725371007,0.3506064724888653,0.31597425634720977,0.3307138666677027,0.20016956945418218,2021-07-26 23:59:59.999,0.33390902758503443,0.21863567931435646,0.20584778700833767,0.3361981685790795
2021-07-27,0.33075666152303596,0.34113063967679885,0.32745882643774915,0.3522793497729101,0.11593924525729922,2021-07-27 23:59:59.999,0.19094236898164266,0.12721040248764967,0.12030632849443725,0.19394720035285376
2021-07-28,0.3522734656742538,0.35389868452613316,0.35076512258145953,0.35773504489348723,0.13296442430864663,2021-07-28 23:59:59.999,0.23132360494504253,0.17271005179800383,0.13066563469349984,0.22254385289151446
2021-07-29,0.35774144266360486,0.35145304129844845,0.35494054943349307,0.3577051288526616,0.07070603477174503,2021-07-29 23:59:59.999,0.12329204305471153,0.09372210348616254,0.07110583878143313,0.12127771403063588
2021-07-30,0.357730952726223,0.36722471228418374,0.34628951375690953,0.3789755310097247,0.0964850378917621,2021-07-30 23:59:59.999,0.16827761527983304,0.11791653560150304,0.10053986619125699,0.17178816410582903
2021-07-31,0.378981526151851,0.3684596680509635,0.37250221917108217,0.3717438137901293,0.058675894206359436,2021-07-31 23:59:59.999,0.10692123472533659,0.10269904889394142,0.06081365385785746,0.1083426361292072
2021-08-01,0.3717500741337472,0.3698800223870419,0.3571064057779323,0.3560438172868094,0.07064652877505752,2021-08-01 23:59:59.999,0.127493554213094,0.10523389514629237,0.06869290663075708,0.12140001299419896
2021-08-02,0.35609704784994645,0.3499481241446128,0.34996515762382696,0.3492678340397922,0.06654931961767423,2021-08-02 23:59:59.999,0.11508888266724174,0.07625594589104472,0.06538710366171419,0.11058644246150241
2021-08-03,0.3492648933557028,0.34336360600687604,0.3397415079085804,0.34013013477759174,0.07480740210477446,2021-08-03 23:59:59.999,0.12564941737322927,0.09051169679391617,0.0737279085117432,0.12111985383274322
2021-08-04,0.3401365109943771,0.345147608678271,0.33843941860498006,0.35485630587403405,0.06851124611415985,2021-08-04 23:59:59.999,0.11611181199667217,0.08004514160162025,0.07138147150668184,0.11829965265022854
2021-08-05,0.35486253762657977,0.35813152857404895,0.33672378644096457,0.36592213281945085,0.11060902483470536,2021-08-05 23:59:59.999,0.18973244426166466,0.12555503961649875,0.11106161229764261,0.1864958058737625
2021-08-06,0.3659283531449075,0.37734327894912595,0.3613193919602936,0.38509957767874836,0.09931373070099829,2021-08-06 23:59:59.999,0.1801984234464221,0.14592598227920153,0.10200116741948978,0.1811762128424915
2021-08-07,0.3851056098728183,0.3896427009307554,0.3866114547762737,0.4019581408540447,0.09621409751093872,2021-08-07 23:59:59.999,0.18302617969541218,0.14821597646897444,0.09953964300276025,0.18530109340298256
2021-08-08,0.4019640076650361,0.39538055619570794,0.39455832617673625,0.3943997754354338,0.09086528781968185,2021-08-08 23:59:59.999,0.17601287906821314,0.12186491471632506,0.09084921137703292,0.1721614013030476
2021-08-09,0.39440561926519735,0.4061427973455365,0.389856093133091,0.41828433448464764,0.09778040870514582,2021-08-09 23:59:59.999,0.1925005178175267,0.13983187919983373,0.1024991418504786,0.197568480842033
2021-08-10,0.41824604167554996,0.4084553411437145,0.40751834383059704,0.41179206797546103,0.07046434988128912,2021-08-10 23:59:59.999,0.14037229404077248,0.12805473806807718,0.07081613684806258,0.13799430044438504
2021-08-11,0.41179793544434257,0.40886423387874316,0.41485148601783195,0.4110734030856259,0.06904452905521505,2021-08-11 23:59:59.999,0.139244449172577,0.12224681035350411,0.07207581155192189,0.14216008123437335
2021-08-12,0.4110759752169401,0.40392262361080417,0.39952396231618725,0.4002725467875223,0.07237297417083999,2021-08-12 23:59:59.999,0.1418766576256135,0.10650611414061066,0.07127706503432853,0.13662706129713809
2021-08-13,0.40028872581353103,0.41961123678999923,0.4038885516136902,0.4333064606992583,0.06313306816913665,2021-08-13 23:59:59.999,0.1281731354023949,0.11842266393262765,0.06754867556780232,0.13401570980881883
2021-08-14,0.4333119228531153,0.42203806737747096,0.4209964851295782,0.4262014981331614,0.0603387552612557,2021-08-14 23:59:59.999,0.12399466158416189,0.1213685095151338,0.06122805320748706,0.12301234007083443
2021-08-15,0.42620702998694293,0.41477892796169746,0.41640127178819186,0.42528177413777696,0.05507410380300738,2021-08-15 23:59:59.999,0.11164332861346755,0.10366755147149061,0.0562386963097414,0.11144294994334072
2021-08-16,0.4252874121431321,0.4211898994934697,0.4179621790225969,0.41486428996025443,0.0687100970108335,2021-08-16 23:59:59.999,0.14092437969761065,0.10861163164894562,0.06882932509532105,0.1380880820272047
2021-08-17,0.4148701272905337,0.41278224839269506,0.4054358984664964,0.4031568222171283,0.07470471103345601,2021-08-17 23:59:59.999,0.14975449084913564,0.11688450419526779,0.07275863709008043,0.14272677157973743
2021-08-18,0.40316267726901467,0.4018709170691788,0.40375089910695616,0.40324754163963217,0.07083881547146213,2021-08-18 23:59:59.999,0.13963865246678347,0.10869999387705602,0.07600896779403467,0.14646227893379865
2021-08-19,0.4031958954040573,0.41158764573917217,0.4010624315090977,0.42321096248062257,0.06993456480421803,2021-08-19 23:59:59.999,0.13830145832076635,0.11642981647723645,0.07242036620410208,0.14009924147678213
2021-08-20,0.42321662080071054,0.433692403926198,0.42735679188297016,0.44809421221740026,0.07445619682763557,2021-08-20 23:59:59.999,0.1557548441961831,0.12799390280916995,0.07917843656423709,0.16197129690654619
2021-08-21,0.44809962643196144,0.43721083796202675,0.4429562061135077,0.44323188428320004,0.06116820487081226,2021-08-21 23:59:59.999,0.13112374573350938,0.1358329135306288,0.061548680514608045,0.12900079054884886
2021-08-22,0.4432374433264135,0.4347930374418572,0.4412782308365223,0.4472856049450827,0.048364075978556076,2021-08-22 23:59:59.999,0.10342177763751458,0.1056430549653791,0.049454840622201374,0.10331288558691112
2021-08-23,0.4472910270921087,0.4441993575483368,0.4508290319770383,0.4497102612020032,0.06868638550613274,2021-08-23 23:59:59.999,0.14977635059332364,0.14066714861856663,0.06981967333429943,0.1488643749771322
2021-08-24,0.4497156595630688,0.43817931268018984,0.4368881792397581,0.4320827197954831,0.06678238746145403,2021-08-24 23:59:59.999,0.14229584296064318,0.11107644508704699,0.06577384132784372,0.13703356531431998
2021-08-25,0.4320882910833298,0.43257596779276003,0.4322667231454934,0.44470291817380053,0.05842084296216057,2021-08-25 23:59:59.999,0.12302015022929708,0.10229212276686642,0.05801858260486745,0.11947968787804861
2021-08-26,0.44470836565707167,0.43340880337498766,0.4237180244494655,0.42401956975294014,0.0646214852598282,2021-08-26 23:59:59.999,0.13358212236411185,0.10055555862140735,0.06306151847893583,0.12748281130884648
2021-08-27,0.42402512301151335,0.4315001669621819,0.42467408013053864,0.4456409997396916,0.055018077973522234,2021-08-27 23:59:59.999,0.11486804547829814,0.08661140775416985,0.05783223814287283,0.11800623377601055
2021-08-28,0.44564643802035064,0.4329023671004548,0.4441744942099609,0.4439455955428984,0.03478467706166127,2021-08-28 23:59:59.999,0.0746085436615852,0.05195692443209695,0.036933166868325824,0.07729708086593509
2021-08-29,0.44395105045553035,0.43603721140234125,0.4384738658765094,0.44270699374871303,0.04263661431550827,2021-08-29 23:59:59.999,0.09091007902577908,0.07823788767367285,0.042967761063052445,0.08952491244122658
2021-08-30,0.4427125579411205,0.4290421073919567,0.42960069358912956,0.4253700653102138,0.052677765855092096,2021-08-30 23:59:59.999,0.1105892210068434,0.07895831904427415,0.05225683873862898,0.10724181093613372
2021-08-31,0.4253757024494295,0.4229985467235436,0.4281080760462297,0.42651600508184173,0.0636671498086358,2021-08-31 23:59:59.999,0.13185858300298128,0.08529070450383262,0.06503539249157708,0.13168035955128513
2021-09-01,0.42652163097934925,0.43155726332522826,0.4262740100458038,0.4431216417301573,0.06532285732939772,2021-09-01 23:59:59.999,0.13656960699593923,0.08397571687717244,0.06683982620643676,0.13664430971280453
2021-09-02,0.4431270075967544,0.4437302643646266,0.446488344071562,0.44735767540707183,0.07124823541278133,2021-09-02 23:59:59.999,0.15478489972376996,0.10167871152235572,0.07551148485083081,0.1604306531206
2021-09-03,0.44736299971803434,0.4489025176015765,0.4438814338767013,0.4546667081088011,0.07731662679515015,2021-09-03 23:59:59.999,0.16883537713605531,0.10794053859307362,0.0789103913728119,0.1686078764496197
2021-09-04,0.4546609851352731,0.44453506911293705,0.45415571552036393,0.45385567258641657,0.04528281590079325,2021-09-04 23:59:59.999,0.09920502801340984,0.08039169234755512,0.04452268663927265,0.09528860311886563
2021-09-05,0.45387948480032353,0.4573682056974081,0.4549361691375665,0.47173963720001394,0.05301503438141524,2021-09-05 23:59:59.999,0.11728100935824409,0.09299431407128737,0.057379059222122414,0.12409368029844696
2021-09-06,0.4717448194521513,0.46564576739111013,0.46975825156537043,0.4805495227031668,0.06446157161054283,2021-09-06 23:59:59.999,0.14591531592477425,0.11009881065097933,0.06555348732018358,0.14508756945078757
2021-09-07,0.48057695821148894,0.46696265220601724,0.3904809438103638,0.4242124699382642,0.16150475755784288,2021-09-07 23:59:59.999,0.3437365287460183,0.21808441726523045,0.15446068262017054,0.32241940277605574
2021-09-08,0.42426512889364865,0.4144846982687668,0.40578729770764177,0.4162922952596673,0.08526383495361763,2021-09-08 23:59:59.999,0.17175740839124248,0.11785668579495391,0.0847048720162912,0.16693505438812323
2021-09-09,0.41629802145211614,0.415039483028647,0.4165288759546045,0.4196610551426451,0.06630514146132742,2021-09-09 23:59:59.999,0.1346106733636856,0.10284397608740727,0.06438737605473246,0.12782273273455164
2021-09-10,0.4196667482874448,0.41158764573917217,0.40305834407839103,0.40466194873866984,0.06419673673250893,2021-09-10 23:59:59.999,0.12841722865470695,0.10299869210763032,0.06485495250662529,0.12685457793117896
2021-09-11,0.40458318962281,0.4017573827854936,0.4088135066083446,0.40779711096520027,0.039728078446373126,2021-09-11 23:59:59.999,0.07898344562469702,0.06955565821779233,0.03935785841600349,0.07637824881171511
2021-09-12,0.4078028233666463,0.40619782431815943,0.4090070591054108,0.41606821634348273,0.04190286067653965,2021-09-12 23:59:59.999,0.08381673495892868,0.07736819311923002,0.04184267366681835,0.08176471220226596
2021-09-13,0.4160738476051036,0.4101484787628808,0.3956216942301747,0.40553437042274865,0.08573700539726864,2021-09-13 23:59:59.999,0.16775280708376278,0.11177388256929242,0.08535685889091875,0.16341060136620694
2021-09-14,0.4055401050217564,0.41362881720227823,0.4075669270682679,0.4266192542746914,0.058683862857574744,2021-09-14 23:59:59.999,0.11860069893297061,0.07936866140619059,0.0590475894684612,0.11668409833791468
2021-09-15,0.42654484482225913,0.4253867173353777,0.42793559579682794,0.43642831611542154,0.05651267464679941,2021-09-15 23:59:59.999,0.11772673921685052,0.07712130445511187,0.05563455242047349,0.11327342633928435
2021-09-16,0.43643374764377063,0.42592287758144703,0.4312406217522764,0.43270250634258917,0.05325206063812761,2021-09-16 23:59:59.999,0.11151126054084091,0.0771264945041979,0.05297724702698254,0.1084126668621905
2021-09-17,0.43270797442125897,0.4220945052981098,0.42810378355133505,0.4284497663052136,0.04501623089941016,2021-09-17 23:59:59.999,0.09368491408576209,0.06778696832545891,0.04414842729745818,0.08974854955754152
2021-09-18,0.4284553732324577,0.42861496639592145,0.43138168874358573,0.4380924444513514,0.04034093343593447,2021-09-18 23:59:59.999,0.08534446083816392,0.06400138594019644,0.04046685434150411,0.08359085485357093
2021-09-19,0.4380980539126446,0.4241905156074367,0.42936831352460747,0.4278841782996033,0.03894808850410681,2021-09-19 23:59:59.999,0.08134666925223322,0.05962853964632509,0.03813683054927221,0.07775884004148334
2021-09-20,0.42788979077528505,0.4145435818326334,0.38713426114309724,0.38683577647666745,0.1022718508578504,2021-09-20 23:59:59.999,0.1978983196333794,0.1208872802802574,0.09621112318915383,0.18214089272616762
2021-09-21,0.3868516988016509,0.3796625952977806,0.35884281751950564,0.3646780917451153,0.11085929512592048,2021-09-21 23:59:59.999,0.20332987736052396,0.11947414159872959,0.10377513169911547,0.18643210118232859
2021-09-22,0.36468150753221207,0.38306345033227834,0.368260843988395,0.39196414348821035,0.07642693715248809,2021-09-22 23:59:59.999,0.1420988789884744,0.08552793573484131,0.07809928632721484,0.14205736618057477
2021-09-23,0.39199691595840974,0.3922576579203567,0.3926861155057695,0.40480133029251675,0.06373822251944325,2021-09-23 23:59:59.999,0.12289240607063655,0.07843891995472702,0.0652403226427525,0.12297394314392616
2021-09-24,0.404807169211723,0.39434586098399516,0.36933016300066457,0.38484412577169785,0.11030615012336857,2021-09-24 23:59:59.999,0.20589055082045082,0.11940995580180477,0.11180789741920917,0.2042732254666045
2021-09-25,0.3848502576008095,0.3733400431750093,0.37880565036712044,0.3834849856441856,0.04387568939784342,2021-09-25 23:59:59.999,0.08172434586543957,0.06225654399492926,0.04403172097834624,0.08011528396555087
2021-09-26,0.38349093654840843,0.38258796085089575,0.37006183826679195,0.38824688115561395,0.0652904334405212,2021-09-26 23:59:59.999,0.12160096075358473,0.09013551678041415,0.06593348352828282,0.1201074086046535
2021-09-27,0.3882528824745296,0.38635048889348755,0.38321248171665456,0.3784022697339026,0.05200515270745535,2021-09-27 23:59:59.999,0.09894078444702432,0.06565306978921043,0.051376214158905295,0.09555734128217873
2021-09-28,0.3784083676287914,0.3716519849687005,0.37140812075646634,0.3675158419034372,0.056732997685997724,2021-09-28 23:59:59.999,0.10394487517812141,0.06853729175092285,0.05511831264668878,0.09871329709659818
2021-09-29,0.3675071858499292,0.36979536550608355,0.3700996902672262,0.37235039065687076,0.043766498729108545,2021-09-29 23:59:59.999,0.08008596217644713,0.0579942654556377,0.04345181262742817,0.07766965285098723
2021-09-30,0.3723566450499491,0.38438804832967277,0.37650223907264935,0.3946885429334038,0.06068967803553382,2021-09-30 23:59:59.999,0.11477727608004379,0.07855119582672752,0.06216051423291461,0.11492303594687824
2021-10-01,0.39465475527801686,0.42533968573484526,0.3947732435915734,0.43662451872083674,0.0868096533363654,2021-10-01 23:59:59.999,0.1760798814533365,0.116223199966153,0.09100328013481201,0.18046776349239116
2021-10-02,0.4366299483244316,0.4238496305667778,0.43523147132384143,0.4317028443549985,0.03981824972970191,2021-10-02 23:59:59.999,0.08348943697848214,0.06530021214818366,0.040361705657746966,0.08262672001760943
2021-10-03,0.4317083222403864,0.43223527087850333,0.431893276089662,0.4371917579364925,0.040233876493080196,2021-10-03 23:59:59.999,0.08484646485760064,0.07306413139995464,0.04101902825848227,0.08449785453347333
2021-10-04,0.43719727910450124,0.4351327937241033,0.4299714090573008,0.44714690330125456,0.06123573764142647,2021-10-04 23:59:59.999,0.12926270831158707,0.09431035284712955,0.0613160200499094,0.1265975177461832
2021-10-05,0.4471522296798986,0.45723933911194936,0.450764644553619,0.468972500553641,0.06824340838628944,2021-10-05 23:59:59.999,0.14985539544607465,0.10770981134762844,0.07106976969993074,0.1526473289283017
2021-10-06,0.468977709951483,0.49358253810735436,0.46403245360276413,0.5062996577138706,0.10473612013925357,2021-10-06 23:59:59.999,0.24254864548992075,0.16036417326197083,0.10836865963162626,0.24569269450357012
2021-10-07,0.5063045009310305,0.4896536122620789,0.4930515726676947,0.491440904163769,0.07191440539861457,2021-10-07 23:59:59.999,0.17075750323495567,0.11174990322857845,0.0705320020299505,0.16377942857144268
2021-10-08,0.4914458931458069,0.4968747501446222,0.4955939978824342,0.4930553019383263,0.06039911055487616,2021-10-08 23:59:59.999,0.14435766331749755,0.10161189785247594,0.06027711446701013,0.14089303274868276
2021-10-09,0.493101457800196,0.4911274885595632,0.49602383271210837,0.5027516929759468,0.07225590472471517,2021-10-09 23:59:59.999,0.17314635361978156,0.10559647591725249,0.07373666410897298,0.17279817348371207
2021-10-10,0.5027565709987615,0.5012139796729422,0.5001049222331626,0.49992792953801085,0.1170445631452287,2021-10-10 23:59:59.999,0.28188774926400517,0.15931630892118198,0.1190243353241245,0.28054099401667537
2021-10-11,0.49993293239109093,0.5132327170625943,0.503373657095411,0.5272442858419424,0.06930523872505823,2021-10-11 23:59:59.999,0.17141773452593353,0.11091305708607258,0.071527228161769,0.173000993252389
2021-10-12,0.5272489235915875,0.5117367359128598,0.4981440325199412,0.5129232439866815,0.07001284667212519,2021-10-12 23:59:59.999,0.17270819720919606,0.10197848612969238,0.06965546338777263,0.1681349660903009
2021-10-13,0.5129278279681351,0.5126491489631884,0.5009555191192112,0.5262307342639683,0.07308612651778723,2021-10-13 23:59:59.999,0.17878326617869505,0.10566256692206964,0.07453295219222994,0.17835028989414475
2021-10-14,0.5262725823826746,0.519756000056438,0.5268164350654297,0.5260456044788587,0.05631362206756516,2021-10-14 23:59:59.999,0.14205744136400333,0.08999775054075057,0.058401235099357636,0.14400545668955578
2021-10-15,0.5260502539876089,0.5611481354321969,0.5271281287288,0.5680492798781601,0.10820152666477503,2021-10-15 23:59:59.999,0.28391651560629505,0.17389844164505902,0.11704087930651141,0.30041281636155115
2021-10-16,0.5680535173294251,0.5559315784275455,0.5593218404384042,0.5603094756145416,0.04633902286164577,2021-10-16 23:59:59.999,0.1243904741028549,0.0892311343029659,0.045981802482828016,0.12059816737526154
2021-10-17,0.5603137889935498,0.5497231249676657,0.5477418598931617,0.5666497336695328,0.051114129884880684,2021-10-17 23:59:59.999,0.13574632025944797,0.0873440587340117,0.0513284171119218,0.1332338293983425
2021-10-18,0.5666538877213437,0.5589167681765378,0.5563409954042012,0.5713266404286153,0.06781312662839172,2021-10-18 23:59:59.999,0.18289356122576167,0.1068907690443924,0.06885924869276612,0.18161037304179956
2021-10-19,0.5712896630117329,0.5757561505575596,0.5707576321778685,0.5933824357873553,0.07021906223350811,2021-10-19 23:59:59.999,0.19295823101710396,0.11520299398821505,0.07306895910965702,0.1963215440963744
2021-10-20,0.5933864247194985,0.5994036393052492,0.5918218801927603,0.6100967609086707,0.06732722967130457,2021-10-20 23:59:59.999,0.19250100625005456,0.11964265395196617,0.07356918688017454,0.20565565378408954
2021-10-21,0.6101004887436657,0.5960149184236889,0.5773698303362125,0.5731071305077569,0.08982587826061986,2021-10-21 23:59:59.999,0.2523303384039403,0.14318701599507433,0.0852700058713139,0.23451113995427297
2021-10-22,0.573111318341335,0.5686674536621156,0.5578584899061494,0.558489745014317,0.06823511218813112,2021-10-22 23:59:59.999,0.18485679213117506,0.10203551097281492,0.06774269527192006,0.1794882439569261
2021-10-23,0.5584941733739941,0.5499982598307803,0.5535869697024979,0.5643032670647702,0.03602846573270375,2021-10-23 23:59:59.999,0.09649061433079294,0.06437960255523856,0.03548356319081449,0.09279319058489507
2021-10-24,0.5643075412645483,0.5476688787196117,0.5530843575730193,0.560082677058282,0.04076186171224428,2021-10-24 23:59:59.999,0.10814710763355016,0.06897719768358256,0.041700480755848035,0.1080310895618153
2021-10-25,0.5600869926621916,0.5684627721365986,0.5641996755459199,0.5817092549351754,0.04816150616592212,2021-10-25 23:59:59.999,0.1321758055343172,0.08332328171928063,0.049426491856551215,0.132508199304021
2021-10-26,0.5817133583816202,0.5645389257041806,0.5560785678754169,0.5549987955879668,0.05258460067551476,2021-10-26 23:59:59.999,0.1426695657453984,0.08752833832497801,0.049752148962184786,0.13206869154788703
2021-10-27,0.5550031610649268,0.5476312534391857,0.5383471494760863,0.5363948062644968,0.08139149686363278,2021-10-27 23:59:59.999,0.2111348382307718,0.12554203164537173,0.07986574050162425,0.20267751861215416
2021-10-28,0.5363993542472251,0.5570657925059848,0.5365911288373806,0.5573986836942038,0.07998693526316743,2021-10-28 23:59:59.999,0.21052351547277223,0.12325525659996864,0.08110402933823631,0.20892102431786605
2021-10-29,0.5574031227572295,0.5615902324772014,0.5595638786164391,0.5736953498039917,0.057524134746665595,2021-10-29 23:59:59.999,0.1548936169043555,0.09297355387494322,0.05926215621746081,0.1559807535357135
2021-10-30,0.5736994347380686,0.5557512592711042,0.5644240559608656,0.5698633769382293,0.04109263938960463,2021-10-30 23:59:59.999,0.11090505503864705,0.07854679413952798,0.041437196938070554,0.10919435799855479
2021-10-31,0.5698675965931402,0.5561844203120077,0.5573254400856,0.5644300217182687,0.051335565435984845,2021-10-31 23:59:59.999,0.13716980364754297,0.10257008602867694,0.05152093205267752,0.13447762097696084
2021-11-01,0.5644343918036291,0.5564895613362618,0.5520538661282056,0.5606546756440691,0.058462706644213665,2021-11-01 23:59:59.999,0.15667964698967266,0.09660606266057947,0.05893414076038382,0.15442687083817244
2021-11-02,0.5606590827657031,0.5737243854145601,0.5639526619760753,0.5830808277030309,0.06067265752647882,2021-11-02 23:59:59.999,0.1665247564912727,0.12194703574616746,0.06350339400258034,0.17033948462106502
2021-11-03,0.5830905511791903,0.5664815189325708,0.5615925702376549,0.5799385749863047,0.056685432936656795,2021-11-03 23:59:59.999,0.15531152663680012,0.10509993932241347,0.05499090389217627,0.14732615846739483
2021-11-04,0.5799427929322298,0.5625902183677213,0.5644631761984279,0.5653547964737925,0.04694791967891289,2021-11-04 23:59:59.999,0.1269536397017502,0.08829180111521673,0.047468027999475505,0.12540425472781408
2021-11-05,0.5653590603580313,0.5579755717866834,0.5648923281311872,0.5609073107810418,0.04125880061167478,2021-11-05 23:59:59.999,0.11121918740293069,0.08152456837843684,0.04193261803971216,0.1103796829576073
2021-11-06,0.5609413397845153,0.5482378670228526,0.5583462734169009,0.5660890992940592,0.033350722661001815,2021-11-06 23:59:59.999,0.08908427327150194,0.0632762900951001,0.03323910638917305,0.08664403256412381
2021-11-07,0.5660934531038122,0.5644718586418214,0.5707630953531888,0.5836014445173999,0.033252250577141707,2021-11-07 23:59:59.999,0.09074307025482449,0.07006408593775253,0.03605606824177301,0.095989785913892
2021-11-08,0.5836054322723506,0.6068252258692616,0.5897944568086724,0.6249034527773354,0.07128942535739281,2021-11-08 23:59:59.999,0.20468798187393866,0.1542185638726859,0.07691888258256602,0.21597792622195586
2021-11-09,0.6249070353581794,0.6137412227275506,0.6185621722521617,0.6192876874123403,0.058428138020580264,2021-11-09 23:59:59.999,0.1725430765933196,0.1212436198529495,0.05920976405724384,0.17092018088557895
2021-11-10,0.6192915193421332,0.6182162795182082,0.585397771356162,0.5992281078686958,0.08539820957871841,2021-11-10 23:59:59.999,0.2481972155616585,0.15411036120376556,0.08349862462593056,0.2377209814322791
2021-11-11,0.5992319423255472,0.5862354495985853,0.5978567377877788,0.5981774526296978,0.04866663964311463,2021-11-11 23:59:59.999,0.13825663933312277,0.08709257129222236,0.04945920985974326,0.13726021349186465
2021-11-12,0.5981812973935128,0.5848304275642804,0.5800819066559912,0.5918442850649024,0.05820292430519547,2021-11-12 23:59:59.999,0.162806635398075,0.09703394607447025,0.05596792204412411,0.15308427658298454
2021-11-13,0.5918481919573068,0.5805909990922901,0.5906396880761027,0.594348005144005,0.02929327027716112,2021-11-13 23:59:59.999,0.08253759584487308,0.05925827234697174,0.029456340989954116,0.08093482052359509
2021-11-14,0.5943520817329299,0.5857692723741081,0.5927474006260602,0.6054120837493736,0.03350128520483872,2021-11-14 23:59:59.999,0.09490750509381665,0.062362053094070766,0.03355482672569475,0.09276278982528946
2021-11-15,0.6054160517993108,0.5937769667439553,0.5910277686372567,0.5868373305567104,0.04944429690548947,2021-11-15 23:59:59.999,0.14085499788988193,0.08560664052984227,0.0509829074704474,0.14197181112933646
2021-11-16,0.5868412865675089,0.5675849743442619,0.5439475870764294,0.5523768682956016,0.10155076636834058,2021-11-16 23:59:59.999,0.2693928929663748,0.15448792085056892,0.09692355283768221,0.25155732865584807
2021-11-17,0.5523812594937576,0.5414628709029597,0.541986014466293,0.5551547863722722,0.06056890795407436,2021-11-17 23:59:59.999,0.15842716617902164,0.09651862018800329,0.06001571995635242,0.1535002833070796
2021-11-18,0.5551590531899073,0.5427399669838164,0.523462533202204,0.521613368196529,0.08142109557925568,2021-11-18 23:59:59.999,0.20864507677188235,0.12865185650026714,0.07922198904296993,0.19865963267210027
2021-11-19,0.5216180611856679,0.5177567807810067,0.5149335409600105,0.5328864705676666,0.06638959795177704,2021-11-19 23:59:59.999,0.16577860344315642,0.1023757548236579,0.06409088143833279,0.15648693885055806
2021-11-20,0.532938257685506,0.532101418943388,0.5320352308469608,0.5489641085214094,0.04416106047061973,2021-11-20 23:59:59.999,0.11347363755462671,0.07870722578342806,0.044369444019700596,0.1113541659050594
2021-11-21,0.5489686303279047,0.5338393306462612,0.5430947463862313,0.5384207438604126,0.04165031838311895,2021-11-21 23:59:59.999,0.10796866365254408,0.08192827536114201,0.039744228847327735,0.10062334997494267
2021-11-22,0.5383833122190966,0.5283294845806897,0.5150310976621608,0.5153539223037683,0.06771565103718842,2021-11-22 23:59:59.999,0.1699260492032569,0.10660065187016521,0.06612626013150971,0.16228141606514232
2021-11-23,0.5153261384665907,0.514840727484797,0.5121726862891566,0.5279234188206864,0.06534020813103995,2021-11-23 23:59:59.999,0.16240147388734855,0.10305808203641234,0.06714747346179525,0.16313560369781177
2021-11-24,0.5279279527789641,0.5122540835187163,0.5172456348009731,0.5240092739726561,0.0517884543263029,2021-11-24 23:59:59.999,0.1285704334102681,0.09400151207809829,0.05222282936909526,0.12670585223071246
2021-11-25,0.5240139434578777,0.5279052595438876,0.5285914792610548,0.5417070403711144,0.055130389360181664,2021-11-25 23:59:59.999,0.1405539805931021,0.1052537355871023,0.05619301998037767,0.1400076328174585
2021-11-26,0.5417116333696952,0.5255640264693847,0.4944466335084443,0.49087084817803545,0.08639280423531134,2021-11-26 23:59:59.999,0.20890444437910627,0.14033045239621283,0.0833457811290258,0.19715364456912804
2021-11-27,0.4908485494893392,0.48916156765730895,0.49551975723209774,0.5005304269446398,0.038776822474528044,2021-11-27 23:59:59.999,0.09288620457131781,0.0727915552777018,0.0384467643957085,0.08993390438032646
2021-11-28,0.5004910359114264,0.5095267210038424,0.49207249360491423,0.5253359726792729,0.047254017670084546,2021-11-28 23:59:59.999,0.11344383637432805,0.08220347935634983,0.049275565930582965,0.11564998320452916
2021-11-29,0.525340726278585,0.5228923493695414,0.5253396217082782,0.5302057796236795,0.05246333374816325,2021-11-29 23:59:59.999,0.13240665883252126,0.08852463065902587,0.051943030099315106,0.12807846779676843
2021-11-30,0.5302103883209699,0.5258179030490586,0.5176217158877625,0.5221858524323295,0.06434504591506596,2021-11-30 23:59:59.999,0.16162465616441887,0.10415042312696385,0.06354518540881925,0.15613955167816798
2021-12-01,0.5221905398053786,0.5246567868951149,0.5233040035612098,0.5244539351249287,0.05881639222564607,2021-12-01 23:59:59.999,0.1479559171150712,0.0946131495083644,0.05722977088424353,0.1407352910315041
2021-12-02,0.5244586002480093,0.5088722292508336,0.5166678064541367,0.5176186054462736,0.049108571571934705,2021-12-02 23:59:59.999,0.12174141978839363,0.08578277371464822,0.048888010132237335,0.11841575929216182
2021-12-03,0.5176614122117051,0.5109842303043415,0.47669131371708684,0.4896520609043969,0.07718782098749097,2021-12-03 23:59:59.999,0.18581994172666366,0.12238727016294652,0.07267055971961557,0.1713764696733821
2021-12-04,0.4896570674350481,0.4757961274180122,0.3822593527366459,0.44644300217182686,0.14987333937122668,2021-12-04 23:59:59.999,0.31462612295064485,0.22078192885349324,0.14095978084468072,0.2896727425973539
2021-12-05,0.4464483354557649,0.436665365459052,0.43812919804781225,0.4488116144172006,0.05963717096180159,2021-12-05 23:59:59.999,0.12771794498722308,0.08998401990456091,0.059683896956721896,0.12495275716605331
2021-12-06,0.4488169244649719,0.447878263405182,0.4320103441322424,0.45896743036750104,0.07671906992650941,2021-12-06 23:59:59.999,0.1632213304933875,0.11429953126630103,0.07676186133274246,0.15975355778029945
2021-12-07,0.45897264078637234,0.45770993730687654,0.46068947809017924,0.4603955327969167,0.05000196977127286,2021-12-07 23:59:59.999,0.11163300969419711,0.07950609916173482,0.04969831198212877,0.10841814120120234
2021-12-08,0.4604008263351043,0.45078378162287247,0.44664384945478963,0.4592517298853478,0.05022874300996048,2021-12-08 23:59:59.999,0.11019495199612768,0.073322385614603,0.04822449612508056,0.10339286693234184
2021-12-09,0.45925703464428086,0.44700018342324216,0.43415659157954933,0.43083537630105634,0.04926456162852681,2021-12-09 23:59:59.999,0.10538607630996427,0.07413531811321876,0.04814501259346681,0.10062316599704452
2021-12-10,0.4307468417760979,0.4406719875084069,0.42959093791891456,0.42690112554247106,0.05786559107345254,2021-12-10 23:59:59.999,0.12219455031752231,0.07969537171131555,0.05627616838778607,0.11621038187284036
2021-12-11,0.42690674766193376,0.4346586211275356,0.4286056152271963,0.4487500339955009,0.03768828763030021,2021-12-11 23:59:59.999,0.07996566895206685,0.0627560369468426,0.03841828988796434,0.07958061326790711
2021-12-12,0.4487554417764281,0.4468049082178316,0.4470145649229609,0.4551985920034812,0.03391268572741878,2021-12-12 23:59:59.999,0.07394146094737775,0.05659466031982791,0.0352525649192841,0.07498933644238508
2021-12-13,0.45520393652383484,0.4412831161257249,0.4180865638178386,0.42264887115510885,0.06659162065403074,2021-12-13 23:59:59.999,0.13873482358523942,0.09180776373530067,0.06252901147622945,0.12747863502933288
2021-12-14,0.42265463211838167,0.4272718379479173,0.42410825125806684,0.43858333948490014,0.05224071612357244,2021-12-14 23:59:59.999,0.10801728893589159,0.07836573369293147,0.05325215775862325,0.10761554643736236
2021-12-15,0.43852736431290273,0.4347930374418572,0.42661545850332994,0.4436506117247569,0.0675905460857778,2021-12-15 23:59:59.999,0.1423492657697716,0.09434215010988452,0.06886480890686039,0.14183744630007622
2021-12-16,0.44365606953119013,0.43419507767268833,0.43601992459062033,0.43167836759432293,0.04171296264986675,2021-12-16 23:59:59.999,0.08876509184592957,0.06713098553907793,0.04063236358030364,0.08446053953326174
2021-12-17,0.4316839428488785,0.4206455557489077,0.4159720222987304,0.41709740585188837,0.056380884985269615,2021-12-17 23:59:59.999,0.11537737619337433,0.0827534931658222,0.05281440626502954,0.10569886887422246
2021-12-18,0.4171286690862808,0.41496799499583775,0.41640127178819186,0.4239283646804229,0.03260050775784365,2021-12-18 23:59:59.999,0.0666631540491255,0.05649355290788596,0.033570072614337795,0.06698882850869362
2021-12-19,0.423933918833721,0.42350554737728285,0.4252487866629062,0.4224398473893398,0.03823598720634617,2021-12-19 23:59:59.999,0.07924614305149581,0.05733191007734093,0.03893737224221231,0.07881877000012419
2021-12-20,0.4224456104031428,0.4163337926752986,0.41697539298034647,0.42470229654178343,0.046839531098598425,2021-12-20 23:59:59.999,0.09518746640648378,0.07058039727657758,0.04699553346733659,0.09330675573702674
2021-12-21,0.42470803736088325,0.43318418045084495,0.4274251791311775,0.443892465431432,0.049292494863700236,2021-12-21 23:59:59.999,0.10457065135742658,0.07340036774454133,0.05150542177952638,0.10672151016682659
2021-12-22,0.44387567831286057,0.4355091405915635,0.44490607191938614,0.44096185899054735,0.03520959235267954,2021-12-22 23:59:59.999,0.07566512930640974,0.06223637506999997,0.03561694446795566,0.0747097172460759
2021-12-23,0.4409674403027862,0.4524298876415064,0.4400140910900585,0.46282242304389887,0.04597696009343952,2021-12-23 23:59:59.999,0.09946857631669767,0.07712130445511187,0.04627857789601726,0.09783647098059213
2021-12-24,0.4628277899032604,0.456521636887825,0.46405216005659844,0.4626397215088563,0.041364464784405516,2021-12-24 23:59:59.999,0.09259514293687683,0.0704942687404789,0.040169188261820685,0.08781243955664675
2021-12-25,0.46264489590242647,0.45037206699181187,0.46169021474083716,0.4585569589761721,0.024862555644857287,2021-12-25 23:59:59.999,0.055571167406237264,0.050246639016187436,0.026345347857626017,0.057363366972216105
2021-12-26,0.4585623676798813,0.45153628723139083,0.45456545366939527,0.4622073958669241,0.02937863155469772,2021-12-26 23:59:59.999,0.06477330796917045,0.05222766104328133,0.02996777698235701,0.06445291183930639
2021-12-27,0.46221257450162356,0.4591365938774263,0.46468208368238306,0.4614881481970729,0.03756076518383816,2021-12-27 23:59:59.999,0.08423383175634407,0.06617365142158729,0.038375124680363505,0.0840340574178867
2021-12-28,0.4614934310166663,0.44611871716606394,0.4340883994447462,0.4308174072505604,0.05999552371766691,2021-12-28 23:59:59.999,0.12832581918301797,0.08827163219028744,0.05787525523964092,0.12101203009053786
2021-12-29,0.4308229909511663,0.4219917882825471,0.4222253093498636,0.420336302921282,0.05163962720583575,2021-12-29 23:59:59.999,0.10723616582377768,0.07304967809870239,0.05079382005454102,0.10311496541210796
2021-12-30,0.42034198944187806,0.41974292527148993,0.42030353987420443,0.426710070827198,0.03961221382392229,2021-12-30 23:59:59.999,0.08175394747434221,0.05965297886480619,0.03957717226396894,0.07975601353071804
2021-12-31,0.42671579194996373,0.4258406663437164,0.4181377810864675,0.4179301013648708,0.04564224594068634,2021-12-31 23:59:59.999,0.09446329660048552,0.06948293183376392,0.046059405780778426,0.09313759161380109
2022-01-01,0.417935811490386,0.4202567925389069,0.4233118958984138,0.4325551601285224,0.02547920409435726,2022-01-01 23:59:59.999,0.05286073582205738,0.04682514842883418,0.026382880290167863,0.05333728242260353
2022-01-02,0.4325608239107633,0.4205894940810731,0.42765931521633826,0.42831572690151404,0.023817086204357112,2022-01-02 23:59:59.999,0.04956578167551087,0.0464785976828993,0.024312271500642437,0.049289282015230605
2022-01-03,0.4283213351436893,0.4166388396363517,0.41831338315033806,0.4201560296363064,0.03607467397862054,2022-01-03 23:59:59.999,0.07393502638596947,0.05804123868470754,0.035943084041291054,0.0719104560066639
2022-01-04,0.42016171792538953,0.41652163688782495,0.41640127178819186,0.41419137330168193,0.04636996742948668,2022-01-04 23:59:59.999,0.09437479885342871,0.06698855482491928,0.047056754186047614,0.09352396464358209
2022-01-05,0.41419712010424664,0.41193567958311195,0.38713426114309724,0.3910658852234184,0.06779428336922629,2022-01-05 23:59:59.999,0.13360436853289714,0.09699341113414005,0.0627050680210114,0.12102518326447773
2022-01-06,0.39107195601685807,0.3813275139566275,0.3864570225167697,0.3874835364645456,0.05082632615552125,2022-01-06 23:59:59.999,0.09582322151967983,0.07545634984767535,0.05127206464950647,0.09445308586598974
2022-01-07,0.38748944814284886,0.3750236804108681,0.3686960444366876,0.3727602792681837,0.0718080649663418,2022-01-07 23:59:59.999,0.13128893295889477,0.0922700065880775,0.07062138657058319,0.1263137412422843
2022-01-08,0.37276643251119096,0.3670675326752045,0.36763267638324915,0.3738603736785463,0.04303169205798802,2022-01-08 23:59:59.999,0.07823121122678124,0.06699466462953955,0.04378302279513742,0.07774811575445162
2022-01-09,0.37386651612958993,0.3716455886710281,0.3744520849769605,0.37565611316810876,0.029581800182085408,2022-01-09 23:59:59.999,0.05450264857736146,0.04931072206327971,0.03027225207729112,0.0543969913269179
2022-01-10,0.3756622380028869,0.3665831071897208,0.35933060103025727,0.3752469044668145,0.06640706452282522,2022-01-10 23:59:59.999,0.11950836737147522,0.08204416455845559,0.06564474383496562,0.11563431058528731
2022-01-11,0.37525303331594395,0.37459258876038815,0.37512434821147833,0.38405465310990844,0.04874350809596784,2022-01-11 23:59:59.999,0.09011658691874816,0.06657538749957626,0.049278912594923625,0.0890213981776585
2022-01-12,0.3840606955547239,0.38608711193050615,0.3866464776323456,0.3954515962344641,0.04433424474297428,2022-01-12 23:59:59.999,0.08416747946280653,0.06712566409634413,0.046776679990537924,0.08674777528637989
2022-01-13,0.39545742974582976,0.3877614369094595,0.38529258571990355,0.38241140772455484,0.045606583677506404,2022-01-13 23:59:59.999,0.08674634104888515,0.0679358373283572,0.04568542878357845,0.0849113576383334
2022-01-14,0.382400371576893,0.37787332508712607,0.37958288461315204,0.38726645090855405,0.04262162300192287,2022-01-14 23:59:59.999,0.0796493560746696,0.06206937374371249,0.04103870781154511,0.07493799931633088
2022-01-15,0.3872724618455238,0.38117701283492383,0.38767082300492395,0.3875027682050764,0.028545164181321067,2022-01-15 23:59:59.999,0.054139519774655316,0.04930776570620538,0.029560776633469822,0.05467815347607138
2022-01-16,0.38750877682376544,0.37811995880031796,0.38793217740998465,0.3873800930116906,0.026791392531043606,2022-01-16 23:59:59.999,0.050744878691838295,0.04795986397078436,0.02667596926476015,0.049257125473485104
2022-01-17,0.38738610283382746,0.3753091622260998,0.37777291511815725,0.3789293942584513,0.035943189480721296,2022-01-17 23:59:59.999,0.06690230143981442,0.060170144262341616,0.035739682420596164,0.06494424255382124
2022-01-18,0.3789355841112803,0.370745403836838,0.3749396733743078,0.3803912007987972,0.038260150874471766,2022-01-18 23:59:59.999,0.07028508254450427,0.05931818785034474,0.038619922504896945,0.06925775360075778
2022-01-19,0.3803972791822045,0.36950499240439655,0.3738525014855446,0.37366873618325713,0.04136562050601921,2022-01-19 23:59:59.999,0.07595485493853911,0.060597107920698154,0.0414911893144111,0.07440692495025833
2022-01-20,0.37367478338522125,0.37840214840351233,0.3681429954921974,0.3641587376207812,0.05536290691268396,2022-01-20 23:59:59.999,0.1021409589202686,0.0720436626347212,0.05376100258536563,0.09704231289833253
2022-01-21,0.3641650723742545,0.35577994854742906,0.3182636194765711,0.3230183536853065,0.11654889529104512,2022-01-21 23:59:59.999,0.19494157446488633,0.13733316620061342,0.11090671435404256,0.18165408499221508
2022-01-22,0.3230249948982966,0.3156640626837172,0.30428910967704925,0.30967375974699574,0.11866657461940787,2022-01-22 23:59:59.999,0.18360585967391496,0.1378204395432862,0.11386143850614423,0.17234086501753137
2022-01-23,0.30968053187090655,0.3125014697375167,0.3100743196712651,0.32106837175148706,0.05792601316985991,2022-01-23 23:59:59.999,0.08997979552610748,0.0749110662095219,0.060806046725368074,0.09235999214008363
2022-01-24,0.3210750320938663,0.3223875121694267,0.29364733193638637,0.3251070372629542,0.12055146235419908,2022-01-24 23:59:59.999,0.18271893972860456,0.1312096309441501,0.12386090708330216,0.18393774341624106
2022-01-25,0.3251136579858873,0.32234179745370917,0.3208054593510976,0.32800121995283366,0.06443886843185741,2022-01-25 23:59:59.999,0.10296681452019055,0.0818643523515127,0.06653575899005537,0.10393790570267047
2022-01-26,0.3280078122837361,0.33527398258890156,0.32601137764794497,0.32655417717289525,0.09152417361658552,2022-01-26 23:59:59.999,0.15039307127366086,0.10395306986804663,0.0938945962941114,0.15098846464562513
2022-01-27,0.32654038659887186,0.3194195359862292,0.3189129568860837,0.3299611091469266,0.06942057891236321,2022-01-27 23:59:59.999,0.11022136819698919,0.08581680466941491,0.07123932452608166,0.11061140027550334
2022-01-28,0.3299677793802992,0.3266203562173425,0.3252346311854242,0.3353660052761017,0.05513138128991437,2022-01-28 23:59:59.999,0.0892806156343158,0.06956952024762973,0.057216910273860166,0.09057786111509548
2022-01-29,0.33537262248725935,0.3333998673708865,0.3360968870729467,0.33973957503681224,0.034059386512101435,2022-01-29 23:59:59.999,0.056611078966790726,0.05350664681045862,0.03532304969037336,0.05730894193078808
2022-01-30,0.339745955085002,0.32999967077879633,0.3369084612781351,0.3369705929203884,0.027880593496443187,2022-01-30 23:59:59.999,0.04648173657727876,0.0457538960187462,0.028667303906022033,0.04660684572557982
2022-01-31,0.3369770001323869,0.33361865837656324,0.3298939392801232,0.342654057897252,0.04816335729294961,2022-01-31 23:59:59.999,0.07934897727105855,0.061351701639713895,0.049012888539934,0.07890987185824934
2022-02-01,0.34266050648331553,0.33852123241606036,0.34323374517545524,0.3448656109282908,0.04516418913129991,2022-02-01 23:59:59.999,0.07634351616105393,0.060143077170905564,0.04716810407022184,0.07789509703220829
2022-02-02,0.3448720378189438,0.3346714137228804,0.32944849537810483,0.3273994024562235,0.04676875345250015,2022-02-02 23:59:59.999,0.07742158689697098,0.05950502961744214,0.045888329949778504,0.07426182691447743
2022-02-03,0.3274060978200259,0.3208542819920705,0.32616132229914996,0.33143272581754324,0.04188554190741363,2022-02-03 23:59:59.999,0.06748183438695736,0.05563259603101837,0.043797873534753375,0.06891069373392879
2022-02-04,0.33144287826010016,0.36210409974461844,0.33373884402527143,0.3728357492802667,0.08478340446377093,2022-02-04 23:59:59.999,0.14461446888412358,0.09056773618468061,0.08805916627982961,0.14705827513376188
2022-02-05,0.3728171338752033,0.3634337771548704,0.3709692131534921,0.37097415564888664,0.042478897891701554,2022-02-05 23:59:59.999,0.0772332926313366,0.065972684837357,0.04405935904684164,0.07822597034941052
2022-02-06,0.37098042354287725,0.3704161826331112,0.37363787674081395,0.3806704495565044,0.029162027969279865,2022-02-06 23:59:59.999,0.05343411274157823,0.051646769726588215,0.030663481077661994,0.05480748740542134
2022-02-07,0.38067652520047196,0.38776614006951277,0.37880145542892796,0.39484288250766353,0.06684290907694566,2022-02-07 23:59:59.999,0.12617408403601746,0.09664797723421102,0.0677883525843866,0.12519766609962718
2022-02-08,0.3948488191195815,0.3970925064550872,0.3887537023987925,0.3968146215620835,0.08501527876232057,2022-02-08 23:59:59.999,0.16298983304346767,0.10847839849012933,0.0879268717892745,0.16484413162007028
2022-02-09,0.3968206359602241,0.39057392662129686,0.3931624848823695,0.4000172891404772,0.04497183710618271,2022-02-09 23:59:59.999,0.0865491169639169,0.06991731923321821,0.0455258299142311,0.08560987952681907
2022-02-10,0.4000230778622401,0.40018718577011897,0.39370968042473065,0.39149626826529704,0.08169762140392196,2022-02-10 23:59:59.999,0.15867832486734304,0.10112909189382659,0.08077226214036276,0.15353830257799336
2022-02-11,0.39150223770761455,0.3823057712477014,0.38165654987405917,0.38060109873459036,0.05884076131740405,2022-02-11 23:59:59.999,0.11090542768782265,0.07668139852245216,0.05873082619149729,0.10823175525022091
2022-02-12,0.3806071750588918,0.3743996651350042,0.37922124191828077,0.37908723051280757,0.03462134939442348,2022-02-12 23:59:59.999,0.0642542936561554,0.05440807293083255,0.034047913253686085,0.06168492103724393
2022-02-13,0.3790933216882078,0.3713944399241851,0.3809881889076273,0.3774922587387864,0.023017089536175366,2022-02-13 23:59:59.999,0.042919223289706404,0.040912368583358366,0.022088376619014055,0.04013129207529286
2022-02-14,0.3774982684318641,0.37216952070095904,0.37787183761413756,0.3821766445080754,0.04442213402511335,2022-02-14 23:59:59.999,0.08222187904404368,0.056858564461329406,0.044984533230122775,0.08132783792770293
2022-02-15,0.3821827053762192,0.3901261857842285,0.3864223898875063,0.40168928500662426,0.049793846505233406,2022-02-15 23:59:59.999,0.09573102096669729,0.06494400396913931,0.05103588183166423,0.095873543652924
2022-02-16,0.4016950573260508,0.38823147072518027,0.3950070870066277,0.39516894792666296,0.03713952581341143,2022-02-16 23:59:59.999,0.07157421392785869,0.05397598492021384,0.03749607261069735,0.07053222226534957
2022-02-17,0.395174881339868,0.38460759184095794,0.36345929822196077,0.36255405284649184,0.06182681543791949,2022-02-17 23:59:59.999,0.11408524603091022,0.07000029432177096,0.05714253597886995,0.10312276558005865
2022-02-18,0.3625604033419775,0.3544619349741091,0.357379466987251,0.35729679432139155,0.05735584341486507,2022-02-18 23:59:59.999,0.10104278708688243,0.06725574380761448,0.054848717145819,0.0944606579344789
2022-02-19,0.3573031963907622,0.3496124125800125,0.35922358132799836,0.3583140368394674,0.02342469406093682,2022-02-19 23:59:59.999,0.041283164142602906,0.03839979355430066,0.022200038790208952,0.03813534588423904
2022-02-20,0.3583203318006045,0.34661292522445836,0.34323374517545524,0.341876920745803,0.0436714994907328,2022-02-20 23:59:59.999,0.07399303566378126,0.05315411765355122,0.040782688149604326,0.06747242019813436
2022-02-21,0.3418833769556084,0.3406766906684602,0.3315269409174173,0.32848531588619473,0.08168498992817373,2022-02-21 23:59:59.999,0.13633787038010398,0.08869971269464984,0.08155688429389389,0.1332051752761505
2022-02-22,0.3284919034680996,0.33065566754302217,0.3271368893206531,0.34035625342383263,0.07042661366916435,2022-02-22 23:59:59.999,0.11507171780304877,0.0795177274995605,0.07276523920917542,0.11631882744207338
2022-02-23,0.3403627245514362,0.33837759790803446,0.3338369860676347,0.3308344050010296,0.05698082837236143,2022-02-23 23:59:59.999,0.09530906107990383,0.06758357095874529,0.057092764814635794,0.09340038071506393
2022-02-24,0.33084106666734003,0.34395620417358425,0.30735512171222934,0.34129724888980406,0.15812200268509644,2022-02-24 23:59:59.999,0.2481703974234117,0.17216687045821435,0.16024508961077322,0.24638155834960956
2022-02-25,0.34131798875653546,0.34245617830620395,0.34337393415644524,0.3499608566089196,0.07409355484683977,2022-02-25 23:59:59.999,0.12579422234579496,0.09239634158038704,0.0796538076969635,0.1321992570741382
2022-02-26,0.3499671363859893,0.34871062867140434,0.34882550022930703,0.348965759731455,0.03830903363824875,2022-02-26 23:59:59.999,0.06594263304661845,0.06057930408142833,0.038969817000932924,0.06553189659113802
2022-02-27,0.34897224352855855,0.3440756644389365,0.3334780749604237,0.33519612490141304,0.06049009202680187,2022-02-27 23:59:59.999,0.10189540139205903,0.08301450664707326,0.057998229048775087,0.09562060727801681
2022-02-28,0.3352027437791029,0.385182600189067,0.3378697850211244,0.38823813945537267,0.09693587816722633,2022-02-28 23:59:59.999,0.17030040609635147,0.1267248372623976,0.10271043422923591,0.17679334888107442
2022-03-01,0.3882441408600447,0.39198487463726883,0.39015832379635274,0.4004881753934736,0.08088998096998132,2022-03-01 23:59:59.999,0.15463709610955403,0.12250605002051056,0.0824119381921675,0.15406753062914624
2022-03-02,0.4004940566248762,0.3962271250052911,0.3952713681127529,0.3953575743918691,0.07568213563937477,2022-03-02 23:59:59.999,0.14600131780963232,0.10846401088570094,0.07623817764193737,0.14389546595871244
2022-03-03,0.3953636030836919,0.38400944394538694,0.38062020502711635,0.381380761266109,0.06668510047812705,2022-03-03 23:59:59.999,0.12546569656726586,0.0845627836953097,0.06506792024573729,0.11973673801854942
2022-03-04,0.3813868299418945,0.3692055892354073,0.3485993637937226,0.34927599296001743,0.08118135884963013,2022-03-04 23:59:59.999,0.1446390165581559,0.09610873770385396,0.07810226623710968,0.13618445893205453
2022-03-05,0.34928227945562274,0.3417950080659195,0.34721005879839983,0.35169744392684943,0.03962646503253216,2022-03-05 23:59:59.999,0.06795062401652383,0.0576538245143231,0.03947066747208989,0.06609748707888116
2022-03-06,0.3517039009260381,0.342553439656105,0.3440978048864005,0.3422063857148962,0.05187420566152783,2022-03-06 23:59:59.999,0.08825303986244637,0.0646587483598788,0.05070187010085208,0.08430410857480221
2022-03-07,0.3422127415635893,0.341177295024527,0.33499020384375355,0.33800250206886906,0.08384998647447679,2022-03-07 23:59:59.999,0.1401934344813475,0.09551582386839193,0.0842905613169995,0.13785372511788657
2022-03-08,0.3380090934159034,0.33943251670797614,0.34194258222249574,0.3452156674579524,0.07278976191437188,2022-03-08 23:59:59.999,0.12303220012111528,0.08336762707539552,0.07447675424544012,0.12310051932574434
2022-03-09,0.3452220909145389,0.36983355516571587,0.3496378548881126,0.3764048883587749,0.08831885438463359,2022-03-09 23:59:59.999,0.16011281842303277,0.10301767848972988,0.09218139991968541,0.16337836943637968
2022-03-10,0.3764109087189931,0.3646184091090804,0.3484991730606142,0.35193094445329404,0.09432869034180867,2022-03-10 23:59:59.999,0.16338061640647114,0.0992351838551895,0.09006228624682916,0.15255577670122622
2022-03-11,0.3519373991618346,0.3476553336186584,0.3454151130355363,0.34520537167766824,0.0773075799012985,2022-03-11 23:59:59.999,0.13197455907007719,0.08214849111476737,0.07763631014441368,0.12965554732024237
2022-03-12,0.34521179523525675,0.34060482638284667,0.3496775604658878,0.3459609459685221,0.03130436328555512,2022-03-12 23:59:59.999,0.05374873028925701,0.04398927932949296,0.03152694756448871,0.05281072158756695
2022-03-13,0.34596726498485125,0.3389426355568307,0.33912182773652155,0.33595636143239554,0.04282010450687802,2022-03-13 23:59:59.999,0.072574430005593,0.05516503173550774,0.04028115751614213,0.06673343680747174
2022-03-14,0.33596297285213916,0.3449355902230709,0.3388924719297661,0.3543530753301449,0.061431614676638824,2022-03-14 23:59:59.999,0.10426651367529356,0.07310387797839836,0.06428963448712391,0.10668337674314263
2022-03-15,0.3543594091484492,0.34437582011353435,0.34419302022769926,0.35055490370531533,0.06020882400902248,2022-03-15 23:59:59.999,0.10281494896578039,0.06953115330248737,0.06031637579329956,0.10073718755341823
2022-03-16,0.3505612747838126,0.3615930543732334,0.3513161228352045,0.3683653409068834,0.1155756507601783,2022-03-16 23:59:59.999,0.20336228511393145,0.1346577287451723,0.11759057147037018,0.20256760433889567
2022-03-17,0.3683716343934354,0.35934325073016565,0.36762292071303404,0.36646062155431314,0.048602732787651585,2022-03-17 23:59:59.999,0.08704057875747734,0.06133659137022289,0.04943643537738214,0.08649844535994995
2022-03-18,0.36646673946812713,0.3673028788042686,0.36406249131135615,0.3746157537093948,0.059409931515876604,2022-03-18 23:59:59.999,0.10658062746118771,0.0698292197924033,0.059561203357271296,0.1044977487646932
2022-03-19,0.37462188875013464,0.36800816468585246,0.3773716644022129,0.3789246348883199,0.03792233473545223,2022-03-19 23:59:59.999,0.0696122521826597,0.052494652935504905,0.038447093895609734,0.06890502529829795
2022-03-20,0.3789307276587887,0.3670323530380063,0.3716325011714121,0.36980393337658857,0.04000806917414289,2022-03-20 23:59:59.999,0.07288587054197208,0.052395976306046296,0.038910547742518155,0.06922920600197115
2022-03-21,0.3698101156214496,0.3599584240651294,0.36731015392594024,0.3672799131269256,0.05154413292306825,2022-03-21 23:59:59.999,0.09263520292304149,0.0620869804925107,0.05076661948676489,0.08915685048374346
2022-03-22,0.3672862172615611,0.3770476383081793,0.3712862724354806,0.38050785393201675,0.07788113911992821,2022-03-22 23:59:59.999,0.1445802818134867,0.08968864698442382,0.08048518171535844,0.14607706324378641
2022-03-23,0.38051393117105287,0.3738961448197044,0.3798318493170396,0.3855453072610505,0.05338852946655943,2022-03-23 23:59:59.999,0.09876184088844352,0.060080927975520844,0.05378731894481363,0.09725296849284062
2022-03-24,0.385551335082498,0.38513603890454,0.387724088964298,0.39631411065826944,0.07359459513746332,2022-03-24 23:59:59.999,0.13944310860824857,0.07886167901635563,0.07447416105159525,0.1379961227349365
2022-03-25,0.39632003283738915,0.39335010793752323,0.39766062930511625,0.39943878284451045,0.07151604873755503,2022-03-25 23:59:59.999,0.13857820072881405,0.07485726051076916,0.07409052933634487,0.14040072553539207
2022-03-26,0.39944467437048964,0.39051739463745694,0.4024698820510204,0.40136302532761947,0.02999893711554817,2022-03-26 23:59:59.999,0.058509260693217,0.04542895952786584,0.030333098729417893,0.057702340092279855
2022-03-27,0.40136889797671443,0.4112678308555519,0.4058793912344717,0.4238630933186214,0.05476403453724299,2022-03-27 23:59:59.999,0.10913913562176288,0.07443075673017974,0.057692922238126894,0.11236754489372619
2022-03-28,0.4238687452412836,0.42246925309115196,0.4277525794235939,0.42672308624755717,0.07721618624084504,2022-03-28 23:59:59.999,0.15969239355319845,0.0983364513045944,0.07750217440937117,0.15677258190647328
2022-03-29,0.4267287101135914,0.42159098498281,0.4305552859196704,0.42975927300135597,0.04805426628531509,2022-03-29 23:59:59.999,0.10006811578538263,0.07184111932671793,0.04839937520208554,0.09847106055381517
2022-03-30,0.429764769953245,0.4178637306406175,0.425624477522887,0.4261964473730219,0.05354413978792841,2022-03-30 23:59:59.999,0.11057823455335505,0.07091669931798814,0.05561560127915475,0.11222017979937476
2022-03-31,0.4262020764054015,0.4169210292395461,0.41347457072368243,0.411066992505449,0.06366662290267311,2022-03-31 23:59:59.999,0.1294929375628099,0.08464299951725975,0.06090766615481742,0.1211380567825185
2022-04-01,0.4110728670873455,0.40864431411465363,0.4037189005086509,0.41857659866271407,0.07369445479734027,2022-04-01 23:59:59.999,0.14632998445954404,0.09000878760716138,0.0746830488843413,0.14505529688706478
2022-04-02,0.4185823024460688,0.4132807833583385,0.4175719522139957,0.41398730316604954,0.048450400749734925,2022-04-02 23:59:59.999,0.09852728185737225,0.06928143967494263,0.04938826610519232,0.09813164298131073
2022-04-03,0.41399295484149945,0.415454677998147,0.41670291711124063,0.41977965087591834,0.04361283610570267,2022-04-03 23:59:59.999,0.08875358490516654,0.06335867391223798,0.04452395911147566,0.08850220679752811
2022-04-04,0.41978543998633977,0.4102492204512212,0.41267460576604986,0.4214615540023389,0.058402492377822274,2022-04-04 23:59:59.999,0.11752278778372788,0.07685510092477478,0.058328584897189104,0.1147495695792179
2022-04-05,0.4214671323551337,0.41315850119695424,0.41497509035945634,0.4109427632320203,0.055181979726306035,2022-04-05 23:59:59.999,0.11169569132979229,0.06858268825621971,0.05484474006306359,0.10852556626490488
2022-04-06,0.41094844477451054,0.3972349181414993,0.39319253234663176,0.38833983456817944,0.07971470667419064,2022-04-06 23:59:59.999,0.15458176488033343,0.09655849816009476,0.0784883166689753,0.14885384359959597
2022-04-07,0.38834583497521896,0.3821269571024772,0.3893522127664846,0.390998477001558,0.048875141579256584,2022-04-07 23:59:59.999,0.09292665062331959,0.06554329039651713,0.04939981928387882,0.09177449644623906
2022-04-08,0.3910045484562745,0.3827819191714914,0.3833016485424199,0.3794188323419598,0.05542168907838693,2022-04-08 23:59:59.999,0.10476910286995596,0.07265957035853911,0.05463921610753875,0.10097771267946402
2022-04-09,0.3794250173933846,0.37177069272844426,0.3834805675341636,0.3842943699565246,0.023226930578771447,2022-04-09 23:59:59.999,0.043419744944138396,0.041919632286993164,0.02362909960997169,0.04302489396519194
2022-04-10,0.3843003129206598,0.3775113698894288,0.3809686775671972,0.37851396923698555,0.029643208685377856,2022-04-10 23:59:59.999,0.05556937566093359,0.04446558130257881,0.029077917625495362,0.05318929580138772
2022-04-11,0.3785200660360984,0.36814653165461875,0.35494054943349307,0.3529843193323672,0.08327972828817176,2022-04-11 23:59:59.999,0.14893564892794858,0.09090935966882495,0.08135918977054073,0.14247701426163406
2022-04-12,0.35299066657821443,0.35200801418473077,0.35547350169734027,0.35827295084833344,0.07564053935256426,2022-04-12 23:59:59.999,0.1321857928336961,0.07565081244634213,0.07549331299932867,0.1290368505027259
2022-04-13,0.35827934334157535,0.3601191780757491,0.3587310175388414,0.3686935431859418,0.05406363466769053,2022-04-13 23:59:59.999,0.09597812581727898,0.062143151276922895,0.05461782263193142,0.09476808120927452
2022-04-14,0.36869963919471854,0.35954247659002087,0.35837396000897126,0.3569853955327969,0.04809993423893852,2022-04-14 23:59:59.999,0.08553139375858651,0.05266277110779825,0.047319759555459535,0.08219511965136946
2022-04-15,0.35699160639890065,0.3536198811981771,0.360466161043287,0.36290566345619635,0.03129383446309481,2022-04-15 23:59:59.999,0.0553076249447209,0.04036301174212473,0.031221641447693065,0.05383385427219188
2022-04-16,0.36291191337332007,0.3521053695978328,0.36266265019220134,0.36122346893976776,0.020483635789788127,2022-04-16 23:59:59.999,0.036491389374837896,0.027677612020311358,0.020244995626203636,0.035110705161147726
2022-04-17,0.3612296382302271,0.3510360591281282,0.35831766979183055,0.35441863808195445,0.025984188743955916,2022-04-17 23:59:59.999,0.04594716307644562,0.03863551375836025,0.025412950589241808,0.0438180502755798
2022-04-18,0.3544248741280361,0.3559373162828105,0.34846775980252176,0.36532643451300956,0.07102827513525443,2022-04-18 23:59:59.999,0.12325678710963628,0.07591846130680444,0.07216334347155405,0.12253090615649359
2022-04-19,0.36533266068228687,0.36198811981770557,0.36831557329830134,0.3720483163485335,0.04676109658970262,2022-04-19 23:59:59.999,0.08425089678910354,0.06125394476578951,0.04737044753909168,0.08337033050181196
2022-04-20,0.3720545737049711,0.36611749434445007,0.37074473518184414,0.3707371584423456,0.053452278934014795,2022-04-20 23:59:59.999,0.09711574923986346,0.06974966093869199,0.05324279165654692,0.09455193182841384
2022-04-21,0.370743331532237,0.37342620506718466,0.3603159237219754,0.36220739586692413,0.0776987978741641,2022-04-21 23:59:59.999,0.14172222243711777,0.09941920065886031,0.07834584117321076,0.13982627355794575
2022-04-22,0.3622136526340767,0.35291158529415917,0.3547161690185473,0.35472032387028096,0.061061538979758884,2022-04-22 23:59:59.999,0.10702927503381278,0.06841128524273268,0.061893041226994586,0.1060391413692359
2022-04-23,0.3547267512149144,0.34524487002817195,0.35576978140177073,0.3521213192585484,0.02638253222907899,2022-04-23 23:59:59.999,0.04601946896964156,0.047431727203662,0.02711633060465993,0.04610277048010475
2022-04-24,0.3521277720995056,0.34486861722391277,0.3523028113207528,0.3522041711508351,0.03481432696093203,2022-04-24 23:59:59.999,0.06042936795669654,0.05689542037952267,0.033581161498921944,0.05691109722140446
2022-04-25,0.35221042892091275,0.35122728961589295,0.3451848792184615,0.3616835737624666,0.08259158230253526,2022-04-25 23:59:59.999,0.14137921397870604,0.08397354888198459,0.0851362560784089,0.14259909768537518
2022-04-26,0.3616898356683319,0.35293274951439874,0.34032909192563177,0.3392132275522851,0.08734271737935498,2022-04-26 23:59:59.999,0.14968963086706752,0.09062646914522389,0.08507900424965588,0.1427016055597693
2022-04-27,0.3392196127639615,0.34049204460477,0.3420758446776331,0.35012160676335635,0.0747622815797525,2022-04-27 23:59:59.999,0.12697571989256198,0.08080249458723869,0.07708674876909187,0.128022395952307
2022-04-28,0.35012798209251134,0.348938073491579,0.35183268557309044,0.35503978444909806,0.0734519843764871,2022-04-28 23:59:59.999,0.12727832203145548,0.07444034846646533,0.07595891050368964,0.12871879707986744
2022-04-29,0.3550460144017127,0.34472987400234223,0.34494098746308577,0.34390907466189047,0.06735973859099509,2022-04-29 23:59:59.999,0.11481447529237462,0.07219995537871723,0.06596246777747133,0.10996359547286108
2022-04-30,0.3439155109361968,0.33410195510363416,0.3391188034787549,0.33453301837311133,0.046146129426516046,2022-04-30 23:59:59.999,0.0775250310734919,0.06669646674597587,0.04394552493035949,0.07216057991289614
2022-05-01,0.3345395466268489,0.33296962228921617,0.33724747081810746,0.3426681417476407,0.050736735034185826,2022-05-01 23:59:59.999,0.0845884995949892,0.06694532631481025,0.0520254039804715,0.08476912532142364
2022-05-02,0.34267459019554114,0.33760072993044027,0.34374104002663686,0.3432199372928703,0.06965733410639918,2022-05-02 23:59:59.999,0.11781001292482005,0.06909597754114659,0.07264130609551793,0.12012379138375723
2022-05-03,0.3432263803276377,0.33274866782991497,0.338529560997767,0.33548634934942323,0.052714719951780405,2022-05-03 23:59:59.999,0.08808483555723393,0.06589246901540696,0.05323069513794067,0.08695398440532909
2022-05-04,0.33549286825095154,0.34565658465923255,0.34001437400449475,0.35453402852513916,0.08198339780111537,2022-05-04 23:59:59.999,0.13957456306038862,0.08124686790392181,0.08783100284963787,0.14621441911053085
2022-05-05,0.35454036056828653,0.3439798140370515,0.3195460023263371,0.32406405529416793,0.1163668274538527,2022-05-05 23:59:59.999,0.1906002988138061,0.12991803138678903,0.11136400359058125,0.17859416480274992
2022-05-06,0.32407068624878965,0.31416290805792413,0.3164836974458387,0.3188268055496198,0.0896932727167002,2022-05-06 23:59:59.999,0.14117516989486262,0.07964852987589345,0.09201614540483156,0.1417198484113153
2022-05-07,0.31883348788183974,0.30918386063596137,0.31186926543412874,0.3135683814644873,0.044779246901686866,2022-05-07 23:59:59.999,0.06994609020871799,0.04890044539818714,0.04090794019689904,0.06245833112997344
2022-05-08,0.31357521251107634,0.30323831382305777,0.3014204548503192,0.299640036210065,0.0949634389776254,2022-05-08 23:59:59.999,0.14299932514234295,0.0853597518657241,0.08618142159901225,0.126974912762472
2022-05-09,0.2996468096360953,0.2912822225253148,0.2655135399434698,0.2611562549779126,0.25201124316574486,2022-05-09 23:59:59.999,0.35302754337637515,0.16834055604215006,0.23079343138791147,0.3165886692569683
2022-05-10,0.26114330021783133,0.2763811064654342,0.2625582547652303,0.27029414850011846,0.21736862479069152,2022-05-10 23:59:59.999,0.2965403935590383,0.16215106117451733,0.19650706400607346,0.26263907660976044
2022-05-11,0.27030140406840564,0.2717118091645777,0.24357957392890786,0.2517116249072408,0.2719813510892113,2022-05-11 23:59:59.999,0.3606962537801426,0.23369128904789274,0.26570797135191615,0.34564744465565905
2022-05-12,0.251718965641667,0.2536555311513806,0.23299467174559865,0.2509910174173521,0.2686196777135124,2022-05-12 23:59:59.999,0.3317890637646124,0.2594420132239823,0.27062674753744553,0.32756459300349294
2022-05-13,0.25099826809191245,0.26156032037926286,0.25301008765567246,0.25349017238632876,0.12839866136245404,2022-05-13 23:59:59.999,0.1692523027841913,0.13466186764507634,0.13015482942373935,0.16797067715594394
2022-05-14,0.25349749567314367,0.25459870286845737,0.2518231152606095,0.26125756157070873,0.06688927281732238,2022-05-14 23:59:59.999,0.08591830626997235,0.07899865689413273,0.06899024261008996,0.08667267407489043
2022-05-15,0.26126480865917134,0.26510302272096625,0.2601154349433864,0.27332256485370277,0.06055087218783025,2022-05-15 23:59:59.999,0.0801932923893127,0.06665704865165153,0.0643339333163579,0.08334682345231842
2022-05-16,0.2733296935840726,0.2638698541550068,0.25628184677568755,0.25919131502368026,0.09580048326271524,2022-05-16 23:59:59.999,0.12508867880977853,0.1024739715753494,0.09667998294535542,0.12351755651988855
2022-05-17,0.25919858238209187,0.25878545594785135,0.2598264719916171,0.26473666113673183,0.0742902232140693,2022-05-17 23:59:59.999,0.09815042092720433,0.0770774189767641,0.07617479495874117,0.09845427616263883
2022-05-18,0.26474387409510935,0.2580481885779055,0.2520618365107714,0.24793695874306004,0.07826802123661986,2022-05-18 23:59:59.999,0.10088368966098742,0.09046840258698326,0.07858034254614517,0.0990908560384369
2022-05-19,0.24794443363613963,0.25649793296115664,0.2524219182984082,0.2635157370030343,0.08895631744745941,2022-05-19 23:59:59.999,0.11528540508417745,0.12210589066629457,0.09415970787962481,0.11941722490515462
2022-05-20,0.2635228648096693,0.25868161017387586,0.25279868228211266,0.25265446584326323,0.07927803863719006,2022-05-20 23:59:59.999,0.1030449632285089,0.11114923716789928,0.08228613850840455,0.1046516799597283
2022-05-21,0.2526617973283878,0.2481357143864963,0.2549183943064347,0.2550249235586879,0.027297362338311808,2022-05-21 23:59:59.999,0.03522704995238542,0.042133541145526615,0.02802827707618559,0.03527052049374003
2022-05-22,0.2550323289185914,0.2559599855142671,0.2579214822687279,0.2632700952262546,0.04724780286225079,2022-05-22 23:59:59.999,0.06192925796954436,0.056547030122519326,0.04932200297319563,0.06316295164969508
2022-05-23,0.2632772254426438,0.2576768270601017,0.25412886791593225,0.25176222963863754,0.08372819943952503,2022-05-23 23:59:59.999,0.10955633777327499,0.08712476273592058,0.08118202386227824,0.10400801819633365
2022-05-24,0.25176947274757977,0.24991990518429336,0.25220358639899576,0.25705999137485575,0.07786538246195361,2022-05-24 23:59:59.999,0.09959041160146777,0.06203540848576968,0.07852245669628147,0.09828179311339917
2022-05-25,0.2570672796416249,0.25347436542612983,0.25830292897413565,0.2559679587547157,0.07798954952864043,2022-05-25 23:59:59.999,0.10139125790635893,0.06459883285650579,0.0768328967825765,0.09772059941323853
2022-05-26,0.2559751606053121,0.25030349491823556,0.24586786393454566,0.2526577682633544,0.12407149060277992,2022-05-26 23:59:59.999,0.15792633704974887,0.09387806774603921,0.12049193597560878,0.1501859972455706
2022-05-27,0.25266509971608203,0.2457039925125692,0.2484369221289721,0.24710630296013397,0.11935979869117522,2022-05-27 23:59:59.999,0.15033718489094364,0.08667073198612799,0.11617724010110439,0.14329664286811494
2022-05-28,0.247113786001975,0.24446555640735013,0.2500670946219038,0.25100636395777565,0.045039142182938995,2022-05-28 23:59:59.999,0.05689862912142414,0.04482297202445289,0.04671502265176665,0.057651494001575314
2022-05-29,0.25101371161083574,0.24749232209121308,0.25386409902629625,0.2552487110848644,0.03595010817548485,2022-05-29 23:59:59.999,0.04602522411434407,0.041596469610357394,0.0365052790304659,0.04563185307562115
2022-05-30,0.25525601712035484,0.27227063864210366,0.258355707149999,0.2772595352523632,0.126970055887058,2022-05-30 23:59:59.999,0.17060773861552025,0.09054710738198421,0.12000517751630459,0.15764464719753862
2022-05-31,0.27726672248996925,0.27393555730095054,0.2768952852699428,0.2779085579302762,0.08179732906714249,2022-05-31 23:59:59.999,0.11339005494884052,0.07615490417592664,0.08003526439796342,0.10853466380861394
2022-06-01,0.2779157388009477,0.2700222459470519,0.2583691699748957,0.2585290826654027,0.13566155346837236,2022-06-01 23:59:59.999,0.18152504573037018,0.09213703621655671,0.12691796567456842,0.16627731743315183
2022-06-02,0.2585364536493861,0.2578507499188705,0.2612329469665182,0.26481135410879336,0.07460225912116415,2022-06-02 23:59:59.999,0.09795251897274805,0.07121732798403516,0.07605391434262987,0.09767576099375289
2022-06-03,0.2648186634634801,0.25794481311993533,0.25818732428208757,0.2575031955770882,0.0707967777710552,2022-06-03 23:59:59.999,0.09245354135952723,0.06514602170255158,0.07079180422906638,0.09040787984985203
2022-06-04,0.257510479496009,0.25126519708592204,0.2601642132944615,0.2590944764110075,0.03338665674033235,2022-06-04 23:59:59.999,0.043511345533618406,0.040461622674759466,0.03446721736959881,0.04384461836380625
2022-06-05,0.25910164759035936,0.25314758986563074,0.26061707150584323,0.25963034263579743,0.030128212106207617,2022-06-05 23:59:59.999,0.03952191081899871,0.039584110198275645,0.03121622043109494,0.03995016227525754
2022-06-06,0.2596375085582834,0.26797797039831067,0.26411750353569874,0.27375197659555456,0.0902181045739654,2022-06-06 23:59:59.999,0.12302344983546862,0.07375072890626089,0.0911864996930782,0.12160519125648055
2022-06-07,0.2737591011133806,0.266322081806766,0.25756881479045446,0.2713453865191327,0.14523302022148105,2022-06-07 23:59:59.999,0.1916145786370488,0.11443099061087272,0.14617696160384894,0.18909010993868888
2022-06-08,0.2713524375166394,0.2638540515372279,0.263665328221232,0.26240398699235,0.08983109523453381,2022-06-08 23:59:59.999,0.11946021715926958,0.08108131190775957,0.0870310459142774,0.11327139581412163
2022-06-09,0.26241122283434026,0.25795421944004177,0.2646430414901825,0.2614828060469254,0.06057127697956307,2022-06-09 23:59:59.999,0.08009819269015839,0.0551465052311753,0.061448922462044676,0.079432270821949
2022-06-10,0.26149005092573213,0.2549705347022665,0.2539693627079165,0.2515944861240078,0.09990586997960008,2022-06-10 23:59:59.999,0.1291139441307855,0.08254510284049416,0.09459350409344515,0.11961239298291276
2022-06-11,0.2516017308785196,0.24610611269712124,0.24665251248994066,0.245114166605151,0.08635799489704925,2022-06-11 23:59:59.999,0.10827952778518403,0.07108462039980985,0.08484253022723583,0.10407076378835263
2022-06-12,0.24512166918991748,0.2376832233577741,0.23162887791549422,0.2271434648991596,0.12130078864169411,2022-06-12 23:59:59.999,0.14605709939895137,0.09520245001851338,0.11604042420046858,0.1367477511371139
2022-06-13,0.2271510466480716,0.22217107274377657,0.18641885833488853,0.18744526724348937,0.3345043199133335,2022-06-13 23:59:59.999,0.35450935958501073,0.21412769465377646,0.3238219616899617,0.33627642948622566
2022-06-14,0.18743245281640733,0.1889389200603886,0.1758849783068039,0.1840360041493937,0.24586341995471128,2022-06-14 23:59:59.999,0.23677581762943278,0.16956337102491514,0.24740794497264348,0.23348614354963113
2022-06-15,0.18404410591301254,0.1836442905988534,0.16872060921428902,0.18838072629930808,0.2637112210202232,2022-06-15 23:59:59.999,0.24325575629337726,0.18695200636786177,0.2622867038303203,0.2371186437260076
2022-06-16,0.18838868831200492,0.18548538963329464,0.16989499679477454,0.1671829773842502,0.13076720652121102,2022-06-16 23:59:59.999,0.12190902187126737,0.110917524470096,0.12807629998711859,0.1169288010538796
2022-06-17,0.1671842511850472,0.17015026596370103,0.17003801492012688,0.16783860490234553,0.11369995358297005,2022-06-17 23:59:59.999,0.10281514411167911,0.08874583186500933,0.11478123671186373,0.1015910486959172
2022-06-18,0.16784676843395238,0.16475696420424887,0.14443269753354218,0.1532883362407581,0.25801369631960114,2022-06-18 23:59:59.999,0.21332980536716561,0.16195705845361769,0.2575363288983792,0.20871363242897498
2022-06-19,0.15329664251099573,0.16498168119159265,0.147734113891011,0.1688603154005447,0.168437342586932,2022-06-19 23:59:59.999,0.1423807283262279,0.12801072119608164,0.17563978496729127,0.14546434954612644
2022-06-20,0.16886846890913682,0.16755948321677336,0.1640906656869372,0.16885924697051524,0.14306914874498738,2022-06-20 23:59:59.999,0.12708295214244525,0.10756508124463422,0.1440855128729311,0.12530548400878566
2022-06-21,0.1688674976186385,0.17351368384417493,0.1710305568078042,0.17031260320062785,0.13694422309978108,2022-06-21 23:59:59.999,0.12583467949998756,0.09941033158763733,0.1391365052169056,0.12514180543501136
2022-06-22,0.17032064533317737,0.16577228239654226,0.1653928525472396,0.16316840011344785,0.12085288645015828,2022-06-22 23:59:59.999,0.10714563947062093,0.09150437580265096,0.1196925387657629,0.10388241971532448
2022-06-23,0.16317670658897246,0.16890458699199995,0.1665592404781488,0.1740677462342698,0.10900914994895881,2022-06-23 23:59:59.999,0.09789766202852099,0.0792109890288932,0.11384691824582908,0.10007234000613073
2022-06-24,0.17407575152873836,0.17196549761784946,0.17481887866570528,0.1753067365484659,0.10151816858866168,2022-06-24 23:59:59.999,0.09357080387768618,0.08590227623727487,0.10281341486395473,0.09276137588104183
2022-06-25,0.17531472968839737,0.1724930981126219,0.1764763670352391,0.1777689821164239,0.06733083672724607,2022-06-25 23:59:59.999,0.06257871445926866,0.05731305508888912,0.06720760216333947,0.0610930996145285
2022-06-26,0.17777695110164252,0.17506572666174405,0.1770432690314346,0.17336782743495205,0.06975882084978499,2022-06-26 23:59:59.999,0.06517745321326625,0.05802034709471564,0.06937184115056304,0.06340753696883107
2022-06-27,0.17337603385374753,0.17179091631667318,0.1726070731145533,0.1704975387257321,0.08448233373669731,2022-06-27 23:59:59.999,0.07749460870307139,0.06570083138016676,0.08522716365207499,0.07649988517262736
2022-06-28,0.17050577330215747,0.16870799490177452,0.16960242424502572,0.1660172230920754,0.08359615588480013,2022-06-28 23:59:59.999,0.07563331489230914,0.06979262666150553,0.08121969794748678,0.07190735270935222
2022-06-29,0.16602530736244994,0.16137304054594284,0.16621632867009042,0.16447984940964383,0.10135863399476319,2022-06-29 23:59:59.999,0.08907138107611262,0.07939349480561493,0.10076321926981699,0.08666441013063506
2022-06-30,0.16448794876170658,0.15899107810537905,0.15422739042943384,0.1627237389611752,0.12310498362910921,2022-06-30 23:59:59.999,0.10352624937748346,0.09434129605117415,0.12113543260357088,0.09970533121128815
2022-07-01,0.162731952669791,0.16594488837049615,0.15763211933447988,0.1562897504535971,0.14677163081469136,2022-07-01 23:59:59.999,0.12574422269785357,0.10946470490694835,0.15040969350393402,0.12617168472281032
2022-07-02,0.15629802727985917,0.1522966941487986,0.15765172823161205,0.15602759657636167,0.0604254680164251,2022-07-02 23:59:59.999,0.05081430035721137,0.054617383011694824,0.06308111792939047,0.05187008257924541
2022-07-03,0.15603597310341202,0.15399208928479047,0.15573951931276375,0.15663970985325604,0.06687821092171953,2022-07-03 23:59:59.999,0.05607303965955551,0.05772339745080557,0.06753259602599537,0.055388151094890294
2022-07-04,0.15664798324640444,0.16063652568160547,0.15841559720944906,0.16558421754012442,0.09807780243204271,2022-07-04 23:59:59.999,0.0841721322501212,0.08413726536707838,0.1027102837966658,0.08629647365238825
2022-07-05,0.16559240318734803,0.16436133438057032,0.16084563710331126,0.1649928900838038,0.12599065770600507,2022-07-05 23:59:59.999,0.10987952751723153,0.1057797700558607,0.1289025521461109,0.11007561668281604
2022-07-06,0.16500117866101968,0.1636579297630078,0.16530251504104843,0.16876813902800064,0.10810510402814077,2022-07-06 23:59:59.999,0.0953087897136096,0.09657879847867179,0.11081504178392237,0.09562161930469688
2022-07-07,0.16877629344084608,0.1745963512884307,0.17008698838460637,0.17906848442229018,0.11149113798778237,2022-07-07 23:59:59.999,0.10205065401019488,0.10850283770861043,0.11388614757484132,0.10205999826514603
2022-07-08,0.1790766349174466,0.18107984554822387,0.1792337096648156,0.17877486042418617,0.5297376915933866,2022-07-08 23:59:59.999,0.5027592055877541,0.286179503694658,0.5383813059672126,0.5005085852280109
2022-07-09,0.17878291667075416,0.17593110811154017,0.18052984800958471,0.1787464984634034,0.23431303895969804,2022-07-09 23:59:59.999,0.22080508254859815,0.23139952104387526,0.23847666226510109,0.22005489479721851
2022-07-10,0.1787576631177978,0.17242866481989252,0.17402164529573289,0.1716622245878774,0.25242057708082255,2022-07-10 23:59:59.999,0.23257786717975698,0.22548779234758143,0.25437852284483153,0.22952244410534484
2022-07-11,0.17165714105886787,0.165475795186786,0.16641446633215773,0.16293159716691208,0.18055411693208093,2022-07-11 23:59:59.999,0.16105629526257048,0.21225251020994343,0.1783021732310089,0.1557489521493645
2022-07-12,0.16293980883643183,0.15786551784143765,0.16021737194146324,0.15676520181671955,0.1831459779874634,2022-07-12 23:59:59.999,0.1576492023827979,0.2381014511377245,0.18046818199590722,0.15211134935705503
2022-07-13,0.1567980476283951,0.16075504531494714,0.15700717110050494,0.16556634561963113,0.2748565318897461,2022-07-13 23:59:59.999,0.23449673581103586,0.31448780522415887,0.27650276289012093,0.2310674848751554
2022-07-14,0.1655745314421789,0.16577228239654226,0.16388618683923015,0.169004456324523,0.22956782442813073,2022-07-14 23:59:59.999,0.20185328538481623,0.30051054315768894,0.23467392303927825,0.2021022997865634
2022-07-15,0.16901260841908775,0.16859417842848612,0.17136117647139162,0.1713472319891836,0.1881912916457107,2022-07-15 23:59:59.999,0.1708260207971661,0.2896718811549712,0.19027240653676797,0.16914193378837925
2022-07-16,0.17135536110103936,0.17225267257070026,0.17230084262650347,0.1748979163671825,0.15882600710689948,2022-07-16 23:59:59.999,0.1453613833843558,0.24447417444714156,0.16324021419756995,0.14627805390588014
2022-07-17,0.17490601064670364,0.17315191677287972,0.17494853152286302,0.17103758154063725,0.15516748686484086,2022-07-17 23:59:59.999,0.14373718529206014,0.27979646598389274,0.1587715109445505,0.14399453023735492
2022-07-18,0.1710595060152506,0.18343387121807145,0.17506989206033802,0.18691270343879063,0.3152160327817254,2022-07-18 23:59:59.999,0.30132385136888845,0.4311179313173869,0.32648999150063573,0.3056843264342627
2022-07-19,0.18692067985284172,0.19305061070533294,0.18304115263633816,0.1962764242172293,0.3465490335680933,2022-07-19 23:59:59.999,0.3408915371068864,0.42612418434108323,0.35444721997314416,0.3414703564460748
2022-07-20,0.19630237477612966,0.197534979752896,0.19598351252710974,0.1945929670107659,0.31366363871250047,2022-07-20 23:59:59.999,0.32241852582125224,0.4179556383510728,0.31961080347233445,0.32179562196200556
2022-07-21,0.19460086808116994,0.18969039097369525,0.190474192886575,0.1939022755617028,0.24272859273243833,2022-07-21 23:59:59.999,0.2422900895541918,0.31574162910779247,0.247925802186107,0.2423421048708318
2022-07-22,0.19391018340781346,0.19264134171750003,0.1920208568424661,0.1893628077564135,0.22534576876493637,2022-07-22 23:59:59.999,0.22791696420650537,0.3116282195713992,0.22675842718533742,0.2246127412690087
2022-07-23,0.18937076013485785,0.1855327974866313,0.1865047082327808,0.1870922968137474,0.1603067875155417,2022-07-23 23:59:59.999,0.1571365701175853,0.24702491933087,0.16415930598933984,0.15752262188392208
2022-07-24,0.18707608633257317,0.18566326314650816,0.1896516923307457,0.18834148577822502,0.15117028680244163,2022-07-24 23:59:59.999,0.14943832464095178,0.24104723102340675,0.15486469789263008,0.14987841092109483
2022-07-25,0.1883246802681655,0.18238384370458513,0.17982626907367666,0.176017825298092,0.2368468711526439,2022-07-25 23:59:59.999,0.22634852047662116,0.315678822944169,0.23475101430073358,0.2197042104797481
2022-07-26,0.1760259085912684,0.16998462066662592,0.174524062311807,0.1754716632930179,0.23352326988208755,2022-07-26 23:59:59.999,0.21402465184539285,0.2984759125223139,0.23296705214493565,0.20909017705838
2022-07-27,0.17547975194406218,0.1865849884537421,0.17780226017416403,0.19196220088815674,0.27711951749428587,2022-07-27 23:59:59.999,0.26419175507001397,0.3595971497038781,0.2841137711330951,0.2653244237357365
2022-07-28,0.19198819376973478,0.19681050497829494,0.19282209003722664,0.2006114333668756,0.3100697155240624,2022-07-28 23:59:59.999,0.3155237517933259,0.42689014361062916,0.3152079245696338,0.314137637344628
2022-07-29,0.2006418093354809,0.1990956763849631,0.20093783208911137,0.1999394880083299,0.26045538763184933,2022-07-29 23:59:59.999,0.2709982566555668,0.4085848404841698,0.2671583660960568,0.2722174448961782
2022-07-30,0.19998162318377172,0.2012152965577572,0.20179847731548148,0.19867446685341528,0.19833863946203956,2022-07-30 23:59:59.999,0.2080597073572579,0.315303694079849,0.202077623746084,0.20756857832049064
2022-07-31,0.198693303466798,0.19676441400977318,0.19911625334656072,0.19527307128953675,0.16767788381756163,2022-07-31 23:59:59.999,0.17334811000574982,0.2931108470974749,0.16994383311250552,0.17203330990731786
2022-08-01,0.19531049291924368,0.1903197678520198,0.19543534141772714,0.19502723525275167,0.18933117753266582,2022-08-01 23:59:59.999,0.19155582670533536,0.31357488215960705,0.19054847106513903,0.1887825911531509
2022-08-02,0.19502435073843816,0.18985142717391817,0.19352683965356052,0.19230545831763068,0.20756067746057016,2022-08-02 23:59:59.999,0.207854692570177,0.3327122355604294,0.20833161617458942,0.2043093426781722
2022-08-03,0.19229531582530407,0.19161784002671398,0.19378877939883413,0.19065988181221272,0.19161743625930136,2022-08-03 23:59:59.999,0.19379232051129222,0.3209611103709269,0.19294269041551587,0.19111448808686463
2022-08-04,0.19065364062504095,0.1876261740263283,0.19104528982096294,0.1887620586898328,0.20332831933277026,2022-08-04 23:59:59.999,0.20249598033177943,0.3261180482577334,0.2029989209214967,0.1979816889921294
2022-08-05,0.1887644806058055,0.18997342714569923,0.1928691123676631,0.19545858959465706,0.23014967027198288,2022-08-05 23:59:59.999,0.23164119456553423,0.3507169757176655,0.23533440867360828,0.2319414839250791
2022-08-06,0.195477554884955,0.1888587782130814,0.19601599890892582,0.19197929576862854,0.11004102290128542,2022-08-06 23:59:59.999,0.11129633237759722,0.22061486183038187,0.11043673674801,0.10931881666240031
2022-08-07,0.19198722247923644,0.18930689530295408,0.19538285591197027,0.19411790416765418,0.11658718278855998,2022-08-07 23:59:59.999,0.11742707959511375,0.23943141764022793,0.11925914546678089,0.11756404443777006
2022-08-08,0.19412580989844086,0.19723642315271633,0.1984035040806505,0.20029158426804772,0.22450419442983036,2022-08-08 23:59:59.999,0.23345152227800176,0.3869471973603542,0.22920113233809994,0.23337350795787618
2022-08-09,0.2003089480817061,0.19430400285952135,0.19558167647095262,0.19388051844110232,0.1879798503185664,2022-08-09 23:59:59.999,0.1915981432034536,0.335281112767547,0.18825444428981625,0.1878563540412825
2022-08-10,0.19390173318047807,0.19705770307069323,0.19362751817017962,0.20169074195666448,0.2744177293510363,2022-08-10 23:59:59.999,0.28159385158078953,0.44779309915306287,0.2801849267148944,0.2815950054189557
2022-08-11,0.20169857339765473,0.20357195599723457,0.2052117912103167,0.20149978437139404,0.3281251161095089,2022-08-11 23:59:59.999,0.3491022080561049,0.5431708939944957,0.33343809373809324,0.34740427673139357
2022-08-12,0.20149499090920656,0.19922585985523675,0.20258624768534528,0.20605799826720078,0.22877668102933774,2022-08-12 23:59:59.999,0.23905050578418802,0.4028535809630576,0.2327798782142418,0.23819451358194152
2022-08-13,0.20604655531339122,0.20328468698118268,0.20949540844503492,0.2064241783773073,0.20069521518983252,2022-08-13 23:59:59.999,0.21474854445680341,0.3689340480096622,0.2036091996521913,0.21332171160403707
2022-08-14,0.20644828106349702,0.20478555941737256,0.20805917867597798,0.2051018505208111,0.1985306407600333,2022-08-14 23:59:59.999,0.21229485712736335,0.3594767274257173,0.200792344359331,0.2102655654376335
2022-08-15,0.20510974562776008,0.20632593839800964,0.20444197127364858,0.20305804100440195,0.3186307519516935,2022-08-15 23:59:59.999,0.33743570419762503,0.4918269866259662,0.3208488262965536,0.3327958571501884
2022-08-16,0.2030485700612719,0.1972598448897815,0.20344689291171536,0.20072614390004156,0.23550584719212828,2022-08-16 23:59:59.999,0.24586857982571472,0.39263141795557266,0.23952954678857413,0.24488602331745077
2022-08-17,0.20074767999979795,0.19913377198139431,0.19865861485677358,0.19575231072276378,0.2767217274247941,2022-08-17 23:59:59.999,0.28587880485626327,0.4532708346308456,0.28048372796403587,0.28381833693299796
2022-08-18,0.19576020041996656,0.191169346684037,0.19798196157065898,0.19428117970216058,0.18929936582514925,2022-08-18 23:59:59.999,0.19321446771150347,0.39598819717141015,0.1916310278993503,0.19151633577594476
2022-08-19,0.19429151205745454,0.18748837143676836,0.17527593181527948,0.17138948354034972,0.37314432173036666,2022-08-19 23:59:59.999,0.35390889079315446,0.5819933809136012,0.37240032479839486,0.34590609591576177
2022-08-20,0.17139761223771632,0.17031412405995588,0.17506452644171977,0.17435855346229606,0.2403932194270716,2022-08-20 23:59:59.999,0.2216097168144558,0.37586526001883136,0.2450004147175905,0.22117997912378762
2022-08-21,0.17436665303298568,0.17423797049237386,0.1780615658884796,0.17800617358297038,0.20904316999142505,2022-08-21 23:59:59.999,0.19491484681857058,0.3306066523552706,0.21398159581459758,0.19536346710480681
2022-08-22,0.1780248244368142,0.17187425631281658,0.176315983816904,0.17688160241193224,0.2919139735154807,2022-08-22 23:59:59.999,0.27029003452821165,0.4231674987826379,0.2958735045998286,0.2683023376866606
2022-08-23,0.17689861310401034,0.17315502085851484,0.17631559359009538,0.17813739621659214,0.26396537480562793,2022-08-23 23:59:59.999,0.24614942899138034,0.41594557832782664,0.26997832290981455,0.24655631065065395
2022-08-24,0.1781453615876559,0.1751786025030218,0.17880192370109835,0.17657321465342074,0.2290076544856916,2022-08-24 23:59:59.999,0.21433511176258,0.36522565939245155,0.23068904666516696,0.21142674957329968
2022-08-25,0.17658100111105918,0.17442496813609068,0.18041307263711082,0.17842800918461305,0.22313313631660547,2022-08-25 23:59:59.999,0.2102096434433706,0.36899488326856944,0.2254990911856003,0.2080164248483436
2022-08-26,0.17843606883380353,0.17505415688801307,0.16868431812108914,0.16562637196128788,0.35975239204824,2022-08-26 23:59:59.999,0.3311991844906393,0.49831638749458335,0.36220313318321257,0.32665133205900426
2022-08-27,0.16561600554645722,0.16109668286121448,0.1656805472618809,0.1636502620567472,0.21349008303061565,2022-08-27 23:59:59.999,0.1871692960646594,0.34564248734482084,0.21580630053844554,0.18526467409573963
2022-08-28,0.16365846667613995,0.15891676817653783,0.16294895960167208,0.15896869305753591,0.18288495918805908,2022-08-28 23:59:59.999,0.15919054080819892,0.30723382471929717,0.18495791792120808,0.1576478806736921
2022-08-29,0.15897694360327988,0.16138536282528232,0.1632493366875929,0.16606034881326565,0.27651239544410305,2022-08-29 23:59:59.999,0.2410832095115487,0.3835492262359478,0.2822209816741276,0.240976672678782
2022-08-30,0.16608280775995057,0.1627269862620695,0.1631440730059727,0.1614557067761775,0.33716491273377003,2022-08-30 23:59:59.999,0.295287433735633,0.43300940857354064,0.3385543810510723,0.29040767182090693
2022-08-31,0.16147723960405921,0.16191569115288565,0.16566045058123793,0.16377089752007679,0.3638747876630502,2022-08-31 23:59:59.999,0.3203587812784666,0.4196043001461886,0.37472913392167845,0.3231238757737691
2022-09-01,0.16376375456615802,0.1592665892212978,0.16339440350369042,0.16456192426190913,0.32224746110761787,2022-09-01 23:59:59.999,0.28012416629444375,0.3899646524808829,0.32318129602576995,0.2751599994469852
2022-09-02,0.16458158116574476,0.1614572271108958,0.16524437124656685,0.16281746941376218,0.3231635051650579,2022-09-02 23:59:59.999,0.2832007967804677,0.37700464003527656,0.3270733315662051,0.2807237787596902
2022-09-03,0.16281713484649382,0.15783268978426607,0.16424373215261107,0.16165229790160346,0.1925250532665433,2022-09-03 23:59:59.999,0.16650157991317555,0.24555869761565208,0.19347984314533057,0.16383637063195414
2022-09-04,0.16166586421883328,0.15758154103742306,0.16356454239224055,0.16328796714674787,0.19114400852984884,2022-09-04 23:59:59.999,0.1650363872067195,0.2520630773601124,0.1941001033452532,0.164110609147578
2022-09-05,0.16329617532026602,0.15784529425320876,0.16405944754224913,0.1613117601122046,0.2923360312535787,2022-09-05 23:59:59.999,0.25217076863543186,0.30582397087896307,0.29550076359419947,0.24964129896747106
2022-09-06,0.16130541831490616,0.15899973191987699,0.15445674623618924,0.15153824785245568,0.4682414193248275,2022-09-06 23:59:59.999,0.39943310905034857,0.4679079555963051,0.4689526671650949,0.3919651672830632
2022-09-07,0.15154657129111992,0.15226537110284402,0.15310324455055577,0.1564164079770929,0.37761375366791194,2022-09-07 23:59:59.999,0.31125444162269444,0.36757202145710827,0.38067092429976235,0.3073716596335886
2022-09-08,0.15642478068989013,0.15221072038302538,0.15799307913243604,0.15667797907431225,0.3452899781472196,2022-09-08 23:59:59.999,0.2895180933507328,0.39494782226854286,0.3505910668572009,0.2879212222649399
2022-09-09,0.15669373102887538,0.17233055690118193,0.1607222278750911,0.17649580204128412,0.5637139517245108,2022-09-09 23:59:59.999,0.5112623192271251,0.5107968131259102,0.5815633259622556,0.5165149963050298
2022-09-10,0.1765185471320171,0.1743395587495238,0.17847149915091523,0.1792953801085525,0.4047053676672302,2022-09-10 23:59:59.999,0.37727044454580455,0.36879766140329995,0.4112807015663533,0.37555513145081787
2022-09-11,0.17929245566617363,0.17480234969876263,0.1808018360951798,0.18102944204641258,0.3688137175478205,2022-09-11 23:59:59.999,0.3472029012039047,0.31532445427619316,0.37659031551484695,0.3472364511216174
2022-09-12,0.18103747617545815,0.18070951872563176,0.1826408774874154,0.1865548765089146,0.5196309393370283,2022-09-12 23:59:59.999,0.5006081081553058,0.45839209914228857,0.5322205335628017,0.5022086717372689
2022-09-13,0.18655994256176506,0.1836348842787469,0.1662658874747828,0.1649709387031979,0.5676526452113035,2022-09-13 23:59:59.999,0.5325862382129023,0.5337680360775423,0.5793357953466396,0.5327272118737674
2022-09-14,0.16497961601195693,0.16239992851196722,0.16390130812806344,0.16548708753744362,0.4478743990438533,2022-09-14 23:59:59.999,0.39424688113629563,0.41460602008903763,0.45264362831667143,0.3902871150732029
2022-09-15,0.16549974207380813,0.1604129374526745,0.16272457918672634,0.16038941360674785,0.43767469786685104,2022-09-15 23:59:59.999,0.3810216252812218,0.4394342951611136,0.44192146457987247,0.37683277326404724
2022-09-16,0.16039765021517483,0.1562718990889979,0.1609979231153679,0.1613745060939364,0.3728750081792641,2022-09-16 23:59:59.999,0.31968219186469155,0.3362877195029431,0.3763590069311069,0.31604669401935376
2022-09-17,0.16138273303857253,0.1590843888008353,0.16517403286431648,0.16438864433712658,0.23553910942297496,2022-09-17 23:59:59.999,0.20485699332646837,0.25362344262394165,0.2390199200433814,0.20357635182766531
2022-09-18,0.16438703167893098,0.15840957939639644,0.16115020912742453,0.1576144094301577,0.3339867949991301,2022-09-18 23:59:59.999,0.2881869102955193,0.3043039434649924,0.33204689082109146,0.28061392466746177
2022-09-19,0.1576350086507988,0.1543548910512974,0.15038911954003184,0.15878812838255235,0.5000600512825556,2022-09-19 23:59:59.999,0.4130830811779357,0.4479489977161156,0.504871401574659,0.4086069250349213
2022-09-20,0.1587963806996419,0.15386971306020517,0.1550651098307986,0.1523579279450788,0.4258775900580683,2022-09-20 23:59:59.999,0.35529937950641743,0.3874744143719423,0.42874787673917053,0.35035125707982456
2022-09-21,0.1523595414382151,0.15689271621602557,0.14934936020851378,0.1483402425141907,0.5060059189886116,2022-09-21 23:59:59.999,0.4201529687444506,0.453677563667449,0.5076953300004117,0.41305265405142244
2022-09-22,0.14834859732539618,0.15307534932721295,0.1515971641827592,0.15747308527625714,0.498494347715989,2022-09-22 23:59:59.999,0.412427154802514,0.41058603143619304,0.5095309703474902,0.41291172326380227
2022-09-23,0.15748135049396433,0.1526034342474709,0.15330469914049616,0.15638794888630742,0.5071273438237561,2022-09-23 23:59:59.999,0.4196759031526258,0.3878814061958412,0.5198180449829889,0.4213672753038017
2022-09-24,0.15638320945656198,0.15087398823269355,0.1559769723257976,0.15279986945727642,0.31462934349255367,2022-09-24 23:59:59.999,0.2615588641966358,0.2565778287935514,0.3214275020717902,0.2617057700676956
2022-09-25,0.1528226527478148,0.1495953871406198,0.15425860857412196,0.15170113486695136,0.25110986547989034,2022-09-25 23:59:59.999,0.20751778095888856,0.24388612217664618,0.2533447971647694,0.2050381272060133
2022-09-26,0.15172645429140907,0.15090051405539384,0.1547612207036004,0.1557848686996624,0.5772836842129169,2022-09-26 23:59:59.999,0.47845947205819767,0.3833336092599936,0.5886194268294451,0.4779052886838562
2022-09-27,0.15578207776715075,0.16093611697699686,0.15608408958475867,0.15434064268980174,0.7798163980121242,2022-09-27 23:59:59.999,0.6702113914224106,0.5354501375560099,0.7917165034978179,0.6667374208540213
2022-09-28,0.15433893434474458,0.15533126707834996,0.15271799313376416,0.15758177374925697,0.6853030043578506,2022-09-28 23:59:59.999,0.5705047133003468,0.4832187974905916,0.6962228329185889,0.5678707484584515
2022-09-29,0.1575900379007265,0.1539722419493658,0.15634446842279784,0.15931738976715992,0.5341340874740931,2022-09-29 23:59:59.999,0.45050734239702345,0.3698377735188717,0.5420893449412723,0.44788788443307664
2022-09-30,0.1593162153743436,0.1590467635204094,0.15939165201446295,0.15767686402188147,0.5839686099466986,2022-09-30 23:59:59.999,0.49776600476814864,0.41073982770088185,0.587035699551305,0.490069056908537
2022-10-01,0.1576851272405122,0.15245293312576721,0.15943126003553598,0.15659231041194777,0.2174910958829202,2022-10-01 23:59:59.999,0.18319469280868186,0.16216847083284391,0.22063975679292813,0.18197932242692222
2022-10-02,0.1566131139175147,0.15162433038758744,0.15709897195722838,0.1541237513938155,0.2716509415254247,2022-10-02 23:59:59.999,0.2273060065149498,0.21798626621036285,0.2746481084479481,0.22507033360579165
2022-10-03,0.15414117959928633,0.15466435898280054,0.15748266246678558,0.1596823071872317,0.38575465897653977,2022-10-03 23:59:59.999,0.3247263530510304,0.29364883838817835,0.3931682007702528,0.3241929374758452
2022-10-04,0.15969055073239674,0.16177459635128844,0.16266214289735012,0.16656629899722986,0.4297089639117044,2022-10-04 23:59:59.999,0.37404530556443505,0.31992901326786777,0.44190421380428685,0.37680067772357567
2022-10-05,0.16657447501020095,0.16074554493163956,0.1649976503468287,0.16482223266909363,0.4102839923712523,2022-10-05 23:59:59.999,0.35927284763241013,0.2981223979130484,0.41415862055375524,0.3552155041909483
2022-10-06,0.16483042579141474,0.16160152006132922,0.16619759778327758,0.1629030409461239,0.4206490860162346,2022-10-06 23:59:59.999,0.36943385862844164,0.3339271669243296,0.43099373901921145,0.37076052972934076
2022-10-07,0.16291125289578118,0.15795393725043858,0.16099782555866576,0.15872081729069454,0.29014244633087755,2022-10-07 23:59:59.999,0.24923394196214796,0.2839823391170189,0.29287063952741976,0.2463945673416922
2022-10-08,0.1587290702681082,0.15380161130263426,0.16018947072464823,0.15763169857063486,0.13445765763279854,2022-10-08 23:59:59.999,0.11422935914044201,0.1731263725708928,0.1353517510761592,0.1125623867557796
2022-10-09,0.15762597564916442,0.1531490008136467,0.16095919310461423,0.15783625435628063,0.14947550112409413,2022-10-09 23:59:59.999,0.12677437015037307,0.18602390733699503,0.15240756754535772,0.12654116313085942
2022-10-10,0.15785364614197098,0.15283859225013288,0.15807356341171006,0.15485290632394022,0.2791418008965375,2022-10-10 23:59:59.999,0.2348081946283362,0.29107207756219583,0.2796578560362408,0.23038952211794642
2022-10-11,0.15486119724569208,0.15042201455157722,0.15651021725975123,0.15415483299467342,0.3198593163488629,2022-10-11 23:59:59.999,0.2657912289766941,0.314684698605309,0.32334194143825545,0.2631512978337594
2022-10-12,0.15416313076454838,0.1501418943388063,0.1575431476221188,0.15508271591028294,0.28087383010823774,2022-10-12 23:59:59.999,0.23395835602270296,0.2992125053115882,0.28435285929836973,0.23196408921070275
2022-10-13,0.15508682802845217,0.15273314740173927,0.1499739182156801,0.1572156907691531,0.5253655817118806,2022-10-13 23:59:59.999,0.43250052774253944,0.49067269343050157,0.5332336072554527,0.4300845784259672
2022-10-14,0.15722832931915157,0.1568538681139858,0.15856251760288742,0.15529057411601987,0.4620864276521914,2022-10-14 23:59:59.999,0.39375368375631575,0.4392592788223135,0.46899676122776673,0.3914696944696238
2022-10-15,0.1552988607442358,0.15004190515607438,0.15763387535511858,0.15424603806719067,0.14940556544926592,2022-10-15 23:59:59.999,0.12467345129296596,0.20037964880580258,0.14958610635252548,0.1222035340741947
2022-10-16,0.1542447191664074,0.15190586154837438,0.15849783750936178,0.156126377789088,0.17313668484581296,2022-10-16 23:59:59.999,0.14489920935043707,0.22576398179514734,0.17741439914123902,0.14537057515690285
2022-10-17,0.15613465621804148,0.1542679766535135,0.1593591656326469,0.15891284330599448,0.29269220991417716,2022-10-17 23:59:59.999,0.24797336744538775,0.3390498767658978,0.29835076566444096,0.24755033110076677
2022-10-18,0.15890769059074955,0.15454734436067596,0.15876377707942352,0.15675247778636836,0.3420023002653388,2022-10-18 23:59:59.999,0.2900178438234391,0.36700407241471833,0.34538396379927205,0.28687260117431623
2022-10-19,0.15676075007325954,0.1512880544437808,0.1585195926539413,0.1547761736218224,0.24446383657019718,2022-10-19 23:59:59.999,0.20464934010387434,0.29850449064069906,0.24629075485134844,0.20191190686519586
2022-10-20,0.15477844329523507,0.15117198045366684,0.1569004440683525,0.1539792219498265,0.2936340583857247,2022-10-20 23:59:59.999,0.24478740645769284,0.3540360449565994,0.2951701315924707,0.24099801353644307
2022-10-21,0.1539875214424518,0.150251854220851,0.1544615265145946,0.15516857883265278,0.35383392199263425,2022-10-21 23:59:59.999,0.29349204049014965,0.3729692783256455,0.3563542074699714,0.289517410959326
2022-10-22,0.15517686665764657,0.15031769846159637,0.15897567023649403,0.15555690458337057,0.14487718024293836,2022-10-22 23:59:59.999,0.12118517391995771,0.18953224912550962,0.1443157055816512,0.11817225576232387
2022-10-23,0.15556460582457657,0.1544376666682344,0.1585599811286315,0.15911234833150084,0.21937420578676167,2022-10-23 23:59:59.999,0.1850867560098998,0.2586845288447161,0.22526087068293915,0.18611982583003805
2022-10-24,0.15912059746798163,0.1535548835262413,0.15940765131361562,0.15677462342697962,0.33655186268249043,2022-10-24 23:59:59.999,0.2837888157742403,0.3728127884911778,0.33825977061795814,0.27935299858261486
2022-10-25,0.1567914428530065,0.1612184006433923,0.16018810493081814,0.16406277317813256,0.4288656373611419,2022-10-25 23:59:59.999,0.36950594122486236,0.4738405758825909,0.4357784042295597,0.3677698423238418
2022-10-26,0.16406077520054477,0.1669010408093198,0.16812346464042696,0.17077950712351442,0.5000341368980321,2022-10-26 23:59:59.999,0.4484898162783753,0.5590928477444573,0.5093325362306923,0.4474237251610995
2022-10-27,0.17078783606287007,0.16551088076078319,0.16958281534789352,0.1661514567557802,0.43185442800005697,2022-10-27 23:59:59.999,0.3876605832541802,0.5088828018591677,0.43521444781562735,0.38268621483064713
2022-10-28,0.16615963683836782,0.16436133438057032,0.16763255931520657,0.16903359532532725,0.37714716100153045,2022-10-28 23:59:59.999,0.3348897894791337,0.435960378508309,0.3816777800861617,0.3319494627623877
2022-10-29,0.16904174713403738,0.16751245161624098,0.17303642016071683,0.17114937817372283,0.33486033658881115,2022-10-29 23:59:59.999,0.3035937072214253,0.4108315404670098,0.34128304779160257,0.30303807589639203
2022-10-30,0.17115760635558108,0.16606585364706547,0.17265585146562845,0.16937976665488158,0.25321927723422505,2022-10-30 23:59:59.999,0.2286610367056605,0.323087388075606,0.256169709153198,0.2265379248593806
2022-10-31,0.16938791506763917,0.16526358860518384,0.16995304303255399,0.16805161099822447,0.3988804482070682,2022-10-31 23:59:59.999,0.3564595211163389,0.43158694094302275,0.40341149346998034,0.35310236786581467
2022-11-01,0.1680597724402343,0.16389101837524633,0.17085827167180676,0.1679824544363157,0.36780104586668183,2022-11-01 23:59:59.999,0.3286198177380971,0.39219591371011253,0.37153604239434285,0.32512322800169574
2022-11-02,0.1679827491037174,0.1648316503858943,0.16810034370201735,0.16475987520737256,0.49112338680263373,2022-11-02 23:59:59.999,0.43702945158904466,0.48809750932829205,0.49565031844404517,0.4320427927481378
2022-11-03,0.1647680689414225,0.1610062881249912,0.16793644844240482,0.1653036089623796,0.41941694423396503,2022-11-03 23:59:59.999,0.3699366413462118,0.4563350001931487,0.42667509450990615,0.36860737475657757
2022-11-04,0.16530499832889467,0.16955409339535235,0.1693970673869993,0.17444062831456136,0.596291711251697,2022-11-04 23:59:59.999,0.5387486810505383,0.607528750901032,0.6067140563056008,0.5369539572719079
2022-11-05,0.17444872708009385,0.1712340621663696,0.17817414632276107,0.17590583440500102,0.32268404565757186,2022-11-05 23:59:59.999,0.3000068077925047,0.3658445234733438,0.3281767017085455,0.29881441971116013
2022-11-06,0.17591391879681192,0.170148760952484,0.17627647335253313,0.1720809520294343,0.30219031887827363,2022-11-06 23:59:59.999,0.2792295729115054,0.3459632192389733,0.3041686170311207,0.27526138432647584
2022-11-07,0.17208907394347148,0.1673691933610193,0.1713865412139507,0.1690266990951369,0.5085615551341375,2022-11-07 23:59:59.999,0.4600276460128736,0.5480487517734859,0.511174863741839,0.4529179886173306
2022-11-08,0.169030383035207,0.16389929593694005,0.13999220912176627,0.14917429784721065,0.9999999999999999,2022-11-08 23:59:59.999,0.8450027623708231,0.9544728894172667,1.0,0.8277810434010177
2022-11-09,0.14916467560208596,0.14402261279353598,0.124589664316168,0.12368330568365925,0.9621574046093131,2022-11-09 23:59:59.999,0.7293003734843208,0.8936949838372675,0.9571071426307589,0.7110410885285241
2022-11-10,0.12369063970260638,0.140365811788941,0.12621164204611915,0.13998502255358664,0.799787570872109,2022-11-10 23:59:59.999,0.5910514249321572,0.8355147306732428,0.808185192453931,0.5853384005587623
2022-11-11,0.14000608610626247,0.13562502645527533,0.1321366507945164,0.1348289734912797,0.5172077855233215,2022-11-11 23:59:59.999,0.38503030192109894,0.6502619069580559,0.5266834716201773,0.38410473900334685
2022-11-12,0.13483425558984963,0.13020792670595374,0.13476863306182976,0.13232078543205372,0.22037720555469803,2022-11-12 23:59:59.999,0.16187009862759594,0.3314197162475341,0.22206412679584148,0.1597275380374787
2022-11-13,0.1323397873320602,0.12865757702600378,0.13084304892400322,0.12763688531277806,0.24291677265381367,2022-11-13 23:59:59.999,0.17597596938692803,0.35349365197869637,0.2451387964566247,0.1739139143956553
2022-11-14,0.1276641891312399,0.13087483480150314,0.1268062501457253,0.13044986732041636,0.4996634246140656,2022-11-14 23:59:59.999,0.3591859942754285,0.6052631959297402,0.5055682477512609,0.3560302802362396
2022-11-15,0.13044149718214057,0.13035457123641375,0.13375726273063746,0.13318028882577598,0.3711271232533722,2022-11-15 23:59:59.999,0.27241627358324844,0.4728930962886813,0.3761735380629942,0.2704458862632295
2022-11-16,0.13318879235664308,0.12923738259736717,0.1323025947448741,0.13087044023202415,0.343554390880386,2022-11-16 23:59:59.999,0.24974108165589498,0.41357799618905866,0.3458282059899159,0.2461971889340746
2022-11-17,0.13086779658185388,0.12674546027475864,0.13261604442888306,0.1311598876400129,0.29956302999144324,2022-11-17 23:59:59.999,0.2166832012828963,0.35147340894774975,0.3023361278420837,0.21418091734241196
2022-11-18,0.13116841099108442,0.1291911035024433,0.13393598660897682,0.13123652321212803,0.28139707327893476,2022-11-18 23:59:59.999,0.2054181209568269,0.3358846037916528,0.28370607474335396,0.2028312765268701
2022-11-19,0.1312351386483191,0.12741716559356234,0.1340090565788874,0.1312387572021897,0.13772278771342214,2022-11-19 23:59:59.999,0.10001243100598112,0.20628605605936262,0.1396809254650732,0.09929830166259455
2022-11-20,0.13124727977954811,0.12676737700060675,0.13036502108346668,0.12715492623947594,0.20331183576285114,2022-11-20 23:59:59.999,0.14659526127400468,0.29926158083902205,0.20255936314290948,0.14301553539362427
2022-11-21,0.12715639845871737,0.12268192998875946,0.12349702925208444,0.12230872188572074,0.42587584004254614,2022-11-21 23:59:59.999,0.29705237357300657,0.4887001462936874,0.4268241284334044,0.2916402051522225
2022-11-22,0.12231733206702952,0.12264430470833354,0.12486896915442433,0.12663732045519005,0.31469706250673946,2022-11-22 23:59:59.999,0.21888242527130317,0.4121781939627773,0.31844704523434275,0.21695654172773896
2022-11-23,0.12665579533588242,0.12632217586996705,0.13017185881320906,0.13029105976603328,0.34807036551172066,2022-11-23 23:59:59.999,0.25005625436374823,0.41116114143238525,0.3542602593220494,0.24926182600240615
2022-11-24,0.13029959164033578,0.12732517178292097,0.1330775851867562,0.13025065368491806,0.2713267413491914,2022-11-24 23:59:59.999,0.1964430751571979,0.33043518364495966,0.2752649944962945,0.19518245219031302
2022-11-25,0.13026501369859553,0.12594592306570787,0.13195334175117596,0.1295045981343269,0.23914112635775703,2022-11-25 23:59:59.999,0.17192617400779334,0.2886923415110112,0.24053029998167835,0.16934567444136223
2022-11-26,0.12950546452890804,0.12628445652634007,0.13236493347754813,0.12888714270728513,0.2387667842347876,2022-11-26 23:59:59.999,0.17240928534323613,0.25063187205201926,0.23908568957934884,0.16906120195652807
2022-11-27,0.12888636396527792,0.1253251059386802,0.13252102420098866,0.12859779242929908,0.2127576689491337,2022-11-27 23:59:59.999,0.1533451794333909,0.22074579560036256,0.2136021093879727,0.15075292828742526
2022-11-28,0.12860624378556196,0.12426256801945229,0.12856285612464388,0.1265010470614289,0.33198533425778237,2022-11-28 23:59:59.999,0.23450203367012618,0.3658166023231974,0.3354793523779567,0.23208780717532465
2022-11-29,0.12650252569524728,0.12484265578041887,0.12958456746626415,0.12873134618298515,0.32595076379358107,2022-11-29 23:59:59.999,0.23314226084162326,0.3419181343994088,0.3300041458956931,0.2311772982876944
2022-11-30,0.12874358426202462,0.13142980768778545,0.132787353997859,0.13573548780629946,0.39816009912811345,2022-11-30 23:59:59.999,0.29331887103579873,0.4281578295241001,0.4048586467885315,0.29211017633473085
2022-12-01,0.1357623236609959,0.1321352816957714,0.1369501960353151,0.13392624724636443,0.30584750913972636,2022-12-01 23:59:59.999,0.22741379078125246,0.33476256773671026,0.30946543866631165,0.22535572757141492
2022-12-02,0.13394086258949348,0.1300821642061301,0.13629500522367358,0.13504683608729268,0.265812155299446,2022-12-02 23:59:59.999,0.19648090976262161,0.28271721537967903,0.2655319024645648,0.19220529023563337
2022-12-03,0.13504939643522787,0.13086524035499453,0.1369865846852172,0.13303100001165563,0.2029179229690855,2022-12-03 23:59:59.999,0.15010747634710497,0.21722924170886376,0.20324108963197252,0.14721743648938979
2022-12-04,0.13303950500705106,0.13099561195167034,0.13717691781111246,0.13517271657076696,0.23457772694181975,2022-12-04 23:59:59.999,0.174014254365015,0.25929465524803313,0.2383201012156498,0.17312847166826698
2022-12-05,0.13519042781558419,0.13307826528644598,0.13706716652119336,0.13381920998341018,0.3070113967701745,2022-12-05 23:59:59.999,0.22986035578625078,0.3374224350448933,0.30810258013301434,0.22590887455984313
2022-12-06,0.133827707246439,0.1300942042958664,0.13745124725755914,0.13501012094627934,0.287323071672784,2022-12-06 23:59:59.999,0.2128308562669893,0.2900324910212151,0.2892653968367937,0.20984752226762396
2022-12-07,0.13501860652643108,0.13042530676361447,0.13523144205683088,0.13255933671863768,0.2898565393051881,2022-12-07 23:59:59.999,0.21313323169147222,0.28136872237284316,0.28754013391285427,0.20706151317498123
2022-12-08,0.1325678463410661,0.1319001236931094,0.1357646869907845,0.13632273580250748,0.3105811100958116,2022-12-08 23:59:59.999,0.2295221079500594,0.29682672515260716,0.3127208567798894,0.22634441550956177
2022-12-09,0.13633120850586283,0.13247390921960467,0.13893254822300952,0.1353947557568953,0.31321641128013306,2022-12-09 23:59:59.999,0.23459220823790405,0.28117255165675564,0.3148375252363003,0.2309399886066001
2022-12-10,0.13540323756376643,0.13122964119591957,0.13926219231957546,0.13538436284660843,0.1845497290442916,2022-12-10 23:59:59.999,0.1380502715602068,0.1990682088076316,0.18760478777235043,0.13740096353434889
2022-12-11,0.1353928447554344,0.13163665266692695,0.1390573232450598,0.13497214311523115,0.2038961319100995,2022-12-11 23:59:59.999,0.15246553148158415,0.21407763367398452,0.20731295995781618,0.15178844603663325
2022-12-12,0.1349806290679467,0.13136292875182837,0.13711448152173625,0.13618413128868206,0.2971809971577606,2022-12-12 23:59:59.999,0.22009489540957455,0.29312365797813034,0.29950613391746067,0.21723978691181442
2022-12-13,0.13618386373726746,0.1384939540877516,0.13914649007082516,0.1416707137501117,0.373758457691836,2022-12-13 23:59:59.999,0.2853197571122526,0.40994338510505846,0.38393172430732914,0.2870611169585803
2022-12-14,0.14169001244320256,0.14214313597306033,0.14481258333171548,0.14194704860773855,0.35037617807761673,2022-12-14 23:59:59.999,0.27363993155565347,0.3772033729274952,0.35560456159618864,0.2720234227417995
2022-12-15,0.14196381923467938,0.1371283445346929,0.14105245536073588,0.13760718295795826,0.2938600193055742,2022-12-15 23:59:59.999,0.2245949878727389,0.31449549175255215,0.29391979971727195,0.2199953844439209
2022-12-16,0.13762166506193285,0.1340892565714904,0.13375336046255143,0.1305728339038102,0.33288429275491216,2022-12-16 23:59:59.999,0.2466716737103496,0.3745276069879347,0.3290959832423011,0.23884622882136022
2022-12-17,0.13057534101280927,0.12717645786203752,0.13426582581894703,0.13197539114252083,0.19014054381704032,2022-12-17 23:59:59.999,0.1383891430556909,0.25646003438834547,0.19276684875153127,0.1373735180003008
2022-12-18,0.13199381365655807,0.127801413769912,0.13507769269424197,0.1316032861022507,0.14779036150676228,2022-12-18 23:59:59.999,0.10785917622866119,0.22120383385641149,0.1480653028808664,0.10579155875944979
2022-12-19,0.13161947829850493,0.12735677701847875,0.13110937872087358,0.12869589373200668,0.23520253087521034,2022-12-19 23:59:59.999,0.17064017333080694,0.30744366037475046,0.23365229745383162,0.16599750516965858
2022-12-20,0.1287044412549423,0.12966395921419605,0.13248395265417154,0.1331316266944329,0.32687475349300127,2022-12-20 23:59:59.999,0.23911698710561358,0.39047892721816785,0.33134447023310465,0.23739292329337383
2022-12-21,0.1331458613166173,0.12838215997328606,0.1356623500102288,0.13244307210542877,0.2059007742587669,2022-12-21 23:59:59.999,0.1510250306749338,0.2873196063761658,0.20713945681710405,0.14877354905963086
2022-12-22,0.13245167999746685,0.1278508910136721,0.13407071241464638,0.1324116019845602,0.2311918774584385,2022-12-22 23:59:59.999,0.16883752975108368,0.3072303427876319,0.23355533719088073,0.1670189589566501
2022-12-23,0.13242467812161351,0.12866566646129535,0.13574166360907702,0.13199462288305158,0.21221397537061246,2022-12-23 23:59:59.999,0.1556912969345541,0.29950308236358253,0.21610303298614997,0.15524596365881999
2022-12-24,0.13200333230344163,0.12786471830422863,0.1361854490471588,0.13255428595849827,0.131491352663105,2022-12-24 23:59:59.999,0.09652700695517623,0.20200669634586385,0.13215764921945122,0.09496636641253203
2022-12-25,0.1325590075975314,0.12775156027334766,0.13564283866979873,0.13251533682742328,0.16465050489764535,2022-12-25 23:59:59.999,0.12069630499050961,0.234406530369408,0.16550345046539736,0.1187793773178117
2022-12-26,0.13252384688149216,0.12856577134176456,0.13632573558485095,0.1333630874908212,0.16349719563749043,2022-12-26 23:59:59.999,0.12013399684632979,0.2570991330909909,0.16461649066496795,0.11842189871294394
2022-12-27,0.1333715892284272,0.128832064263979,0.13438796681003923,0.1312939270437124,0.22817444836930686,2022-12-27 23:59:59.999,0.16704916661942693,0.33147168243521835,0.2296128767436764,0.16460728907658267
2022-12-28,0.13129953520835783,0.12706706235919915,0.13314860646592164,0.12974907435107447,0.2535374417927307,2022-12-28 23:59:59.999,0.1837984344208195,0.3589224433226931,0.25635715990437263,0.18198835345178146
2022-12-29,0.12975770867132216,0.12593096701673856,0.13337864516959205,0.13058594645417215,0.21140719530428434,2022-12-29 23:59:59.999,0.15292244247386957,0.2990338099506512,0.21595209043440713,0.15296086398426711
2022-12-30,0.13059447543562622,0.1260526847989164,0.13185763862636649,0.13033350557720474,0.2165590129762912,2022-12-30 23:59:59.999,0.15608118438202415,0.2830391298166612,0.21913540712714133,0.15464936429425052
2022-12-31,0.1303420370351124,0.1257398305921749,0.13319416544582582,0.12970138351975818,0.15025080613991731,2022-12-31 23:59:59.999,0.10856813416544044,0.2195733043846849,0.15202010221470993,0.10753961662160799
2023-01-01,0.12970380204866533,0.12558848290166164,0.13347717743876386,0.13042354508968984,0.12715344880135662,2023-01-01 23:59:59.999,0.0918338118014493,0.21129425633691856,0.12941041647914056,0.09148793877944425
2023-01-02,0.13043615508439976,0.12719912709349412,0.1339619366917488,0.1309686386647344,0.15997909613693054,2023-01-02 23:59:59.999,0.11644909589717431,0.2650186881185192,0.16243907293596693,0.11576400883847889
2023-01-03,0.1309762897305164,0.12700319344567618,0.13451391251251527,0.13099107569535368,0.20949137962279363,2023-01-03 23:59:59.999,0.1524128419253658,0.3347544213305499,0.21226436562162693,0.15121575610129082
2023-01-04,0.13100416576781823,0.12901116059880635,0.13497613616730347,0.13269259908231573,0.2894683295090771,2023-01-04 23:59:59.999,0.21236746598227554,0.4144516982497578,0.2927281842868123,0.21031921968971534
2023-01-05,0.13270110739743585,0.1279571824308753,0.13595502011667976,0.1325128114473536,0.21466185520982956,2023-01-05 23:59:59.999,0.15746968300515282,0.31796349569120813,0.2159039135565259,0.15508661332097684
2023-01-06,0.1325213215261965,0.12947329310563768,0.13523310052076742,0.13366671587920137,0.27242521034983636,2023-01-06 23:59:59.999,0.19979737541429055,0.35387646737140965,0.27557698889799714,0.1979338823882651
2023-01-07,0.13367191225050826,0.12891747365054582,0.13746714900000964,0.1335979478373034,0.13714869193699603,2023-01-07 23:59:59.999,0.10130499837455026,0.21187278256795222,0.1376193576810179,0.09950890207019476
2023-01-08,0.13360897262621702,0.13075245857691786,0.13749641601065474,0.1353876652666996,0.17742514722884928,2023-01-08 23:59:59.999,0.13117869021890183,0.26501698000109847,0.1791858527634493,0.12971855789562275
2023-01-09,0.13539614714312867,0.13283887443973608,0.13938569910449775,0.13587749187021875,0.34975854637714465,2023-01-09 23:59:59.999,0.2627817206036296,0.4155661791699548,0.351442547868516,0.2585978910909552
2023-01-10,0.13589354500731915,0.13378138771440531,0.13979231543906026,0.13842618314056265,0.2908099043999426,2023-01-10 23:59:59.999,0.21920508581286746,0.35782418951799294,0.29174168885626034,0.21537164301923747
2023-01-11,0.13843444095092833,0.1384939540877516,0.14144356017965648,0.14330793707529904,0.34451194541010416,2023-01-11 23:59:59.999,0.2625917102551926,0.36956506600297107,0.3466283964066594,0.25878994421817514
2023-01-12,0.14331634125359216,0.14900118989949349,0.14706721627511143,0.15208227299747074,0.597440897666651,2023-01-12 23:59:59.999,0.477971597486008,0.5853074571939205,0.6064248376672178,0.47526490788561665
2023-01-13,0.15209059109922982,0.15730659430071067,0.15508706008878242,0.16260524035790463,0.4844165527344518,2023-01-13 23:59:59.999,0.4042901105364628,0.5268636283725137,0.4894134423972238,0.400180969010729
2023-01-14,0.16261345522899578,0.16913974499466194,0.16653953402431443,0.17256019146266127,0.5176823356663566,2023-01-14 23:59:59.999,0.4685031753896469,0.5687631574314015,0.5277585585979575,0.46783685105575684
2023-01-15,0.17254732880057955,0.167190191089393,0.17300715315007173,0.17174993298029817,0.23447659521233916,2023-01-15 23:59:59.999,0.2124071695565945,0.34111111461494176,0.23552197383039372,0.20893251311842972
2023-01-16,0.17177253037006848,0.17117198045366683,0.1735970785279747,0.17480127201451512,0.38508709200217933,2023-01-16 23:59:59.999,0.35315849268089833,0.4503044916392908,0.3877474331584455,0.34830024278345845
2023-01-17,0.17480936724212065,0.1728030363601304,0.17583922421349543,0.17430746308088602,0.3618512379112871,2023-01-17 23:59:59.999,0.33437344349913006,0.4229551666478774,0.3657815924181915,0.3310671044743214
2023-01-18,0.17429108663221626,0.17282702247640191,0.17160370243293732,0.16986531953828282,0.46114188063839645,2023-01-18 23:59:59.999,0.4236487546222372,0.5002826277363056,0.4619943194208275,0.4157481342142327
2023-01-19,0.16987346318775015,0.16851892786763428,0.17406252155393384,0.17369340720393805,0.3302633177058333,2023-01-19 23:59:59.999,0.30015733181596166,0.3822096023003349,0.33323081102647456,0.29661713858185806
2023-01-20,0.17370151329973507,0.18322975407176084,0.17603404494768957,0.18919166469168996,0.44426184534423,2023-01-20 23:59:59.999,0.41542935474560566,0.4848610866937916,0.45405673108820865,0.4159759534335422
2023-01-21,0.18918786613402389,0.1890228244357384,0.19125991456569363,0.19032167514287823,0.45526328907989494,2023-01-21 23:59:59.999,0.4545240299401478,0.5120651560076198,0.460629976897046,0.4504578508325493
2023-01-22,0.19032767553380422,0.18626592607573028,0.18999528703571908,0.18958669241259274,0.3331455914311947,2023-01-22 23:59:59.999,0.3306496561677363,0.43370901405097395,0.3356824650090646,0.32630630058764465
2023-01-23,0.18957657659145216,0.18721869223931561,0.1920208568424661,0.19161253287850594,0.3857581137281233,2023-01-23 23:59:59.999,0.3838231254769379,0.47672913383467896,0.38908720889866993,0.37919053069658964
2023-01-24,0.19163367273784743,0.18705125974142028,0.19165921414759488,0.18885831452248947,0.38519320946920366,2023-01-24 23:59:59.999,0.38481037591003325,0.4857249342309096,0.3847776752337626,0.3765127947084092
2023-01-25,0.18885704459029554,0.19320797844071433,0.1900697227994598,0.1930159642872406,0.4547338161896756,2023-01-25 23:59:59.999,0.45089693332657943,0.5294042559453656,0.4605892259760787,0.44737316238539554
2023-01-26,0.19301883011750376,0.1881825578606266,0.19543543897442928,0.19251778450349089,0.3796251971404367,2023-01-26 23:59:59.999,0.38155571359347124,0.4716330969036036,0.38196287515884136,0.37601834663914174
2023-01-27,0.19252570593150595,0.19022871467338906,0.19236113461956642,0.19314437015078462,0.3689863876167619,2023-01-27 23:59:59.999,0.3699386219441387,0.4649326778367035,0.3726604286365634,0.3659496110159135
2023-01-28,0.19315228543197316,0.18730334912027394,0.19571298779204693,0.19264356785696246,0.19446683232810566,2023-01-28 23:59:59.999,0.19514105009594784,0.27459058396330016,0.19696244358159468,0.1935199290070973
2023-01-29,0.19263983256505873,0.19456070133522718,0.19658416914224924,0.1996340141498988,0.38852008017350653,2023-01-29 23:59:59.999,0.39743553824129857,0.46176221481337243,0.3988352947904472,0.39958051218883306
2023-01-30,0.1996522585757909,0.19305540792858722,0.1920208568424661,0.1907354489542984,0.3973528350367895,2023-01-30 23:59:59.999,0.40194783779060916,0.5116515288045097,0.39773853957145,0.39405506113688143
2023-01-31,0.19075533474021522,0.18853557705422275,0.19411608213454842,0.19363944177444858,0.34770433879852947,2023-01-31 23:59:59.999,0.3483031599980919,0.4464925648276549,0.35485737521620186,0.34816038649769043
2023-02-01,0.19364735219896767,0.19316969471788095,0.19455957490252376,0.1995403808273145,0.408378176620664,2023-02-01 23:59:59.999,0.4129310688506563,0.5164466742822426,0.4164486848705995,0.41252537654488264
2023-02-02,0.19953609223219163,0.19733048635378111,0.2004426342689964,0.19717312840197831,0.47857986177166495,2023-02-02 23:59:59.999,0.4965961683833722,0.5978507546856947,0.48505100303581544,0.49301398416460385
2023-02-03,0.19718479219385482,0.1922576579203567,0.19889489718938164,0.19661909886668716,0.4370188837489299,2023-02-03 23:59:59.999,0.4469403279349193,0.5259486030095979,0.44323071993473645,0.4439828179290656
2023-02-04,0.19662698006066873,0.19105440145233582,0.19937624195779127,0.19559865105852275,0.2181503310630544,2023-02-04 23:59:59.999,0.222499226303476,0.3186460856912581,0.21831734576406592,0.21804110001887972
2023-02-05,0.19561450684521833,0.1896015953118901,0.19439148470471876,0.19177240886291846,0.27485796558154063,2023-02-05 23:59:59.999,0.2772213628558794,0.3877270843565614,0.27708476643555957,0.2736946994398648
2023-02-06,0.19178033760309396,0.18701410477699967,0.1932708508671181,0.19011741074724053,0.34865408161532246,2023-02-06 23:59:59.999,0.3478560683109361,0.4568716118505508,0.3530490959837049,0.34498426352126027
2023-02-07,0.19012535572300385,0.18882011823744377,0.19441860546791653,0.19475964209536611,0.40471771488727104,2023-02-07 23:59:59.999,0.4056812704653187,0.5447399969359003,0.41246080112604433,0.4049521948090842
2023-02-08,0.194786578824449,0.18977721130827804,0.19363883474762908,0.19206467304098496,0.36796392971262454,2023-02-08 23:59:59.999,0.36970259185226023,0.5186291227713339,0.36980082204583486,0.36391858738961025
2023-02-09,0.1920614290733082,0.1856326926061621,0.18409925262786048,0.18073300127823083,0.5294919538164297,2023-02-09 23:59:59.999,0.5183133770061821,0.6426553972962867,0.5317405560977799,0.5098730453609723
2023-02-10,0.1807554134147456,0.17553754767828506,0.181787158786898,0.17907052415234648,0.4449361664719437,2023-02-10 23:59:59.999,0.4219159196568748,0.45932078944457017,0.4466368338554156,0.41484296482731225
2023-02-11,0.17907857749844322,0.17523805044609475,0.18323860740149037,0.18137600189597763,0.23247700725547138,2023-02-11 23:59:59.999,0.21993533109723812,0.2763068477901822,0.23452688418204043,0.2172663755443169
2023-02-12,0.1813788847856182,0.1769658033232529,0.18353342375538864,0.18060857774479677,0.2685255111785424,2023-02-12 23:59:59.999,0.2558841233636964,0.29956109265906317,0.2699037231127457,0.25186547163235545
2023-02-13,0.18060525190370505,0.17513147683928834,0.1808122746623099,0.18051562433223123,0.3885752769196811,2023-02-13 23:59:59.999,0.36668089609460836,0.42712514114962613,0.3927344083459348,0.3630019904598378
2023-02-14,0.18053007401913498,0.17912060313324527,0.18258487994038114,0.18465209975639796,0.4756622118271817,2023-02-14 23:59:59.999,0.4544925548269257,0.5054565154036715,0.48556475398719073,0.45444073589625317
2023-02-15,0.18466009834704808,0.19850627636709106,0.187604269822717,0.2052845520558536,0.49369136383007534,2023-02-15 23:59:59.999,0.492613012132866,0.5474777149803738,0.5090261492517438,0.49775355544284444
2023-02-16,0.20528088701356434,0.20668977485972828,0.20182774432612657,0.19745266854969368,0.5915398163493908,2023-02-16 23:59:59.999,0.6340930782877773,0.72296989587579,0.5986895664637586,0.6287402813215586
2023-02-17,0.1974605415663283,0.20453676225055617,0.20020947375085713,0.20767317308177957,0.6529913979848122,2023-02-17 23:59:59.999,0.6852570303297121,0.7156260421158688,0.664581999943234,0.6832708637203972
2023-02-18,0.20766414250929596,0.20318121746001142,0.210849300357477,0.20827518483839513,0.28493836300627745,2023-02-18 23:59:59.999,0.30570555861682575,0.41349213044025546,0.2866435580099375,0.3011730416929846
2023-02-19,0.20828392297627493,0.20614420829355246,0.20853301157832205,0.2047766592718358,0.3947098818418866,2023-02-19 23:59:59.999,0.42416559161366324,0.5031280228751086,0.39929637176538646,0.4203011740515273
2023-02-20,0.2047917451186096,0.2054785230196169,0.20510155213688688,0.2103173431447587,0.4559116788206043,2023-02-20 23:59:59.999,0.49015617539897804,0.6442608305812935,0.46540654332700016,0.49013971167724013
2023-02-21,0.21034150476791932,0.20668977485972828,0.2081015182847112,0.20652888452019724,0.49412749465179767,2023-02-21 23:59:59.999,0.5313696481174675,0.7036273055971856,0.4989688696140211,0.5256316385141573
2023-02-22,0.20652219627041926,0.19940975341331843,0.20250517806585835,0.20390686009782932,0.498631146731811,2023-02-22 23:59:59.999,0.5211060762358641,0.7485367346418565,0.5021025348587725,0.5139944635158099
2023-02-23,0.20391466979862521,0.20057181019927292,0.20283013944072106,0.2015562169029516,0.5235821897805752,2023-02-23 23:59:59.999,0.5494116452016736,0.7485971757198205,0.5284607683348291,0.5431820200300527
2023-02-24,0.20156404966363722,0.1961768011927214,0.1953493939631327,0.1942237758705762,0.45149866657179255,2023-02-24 23:59:59.999,0.46303216843680894,0.7574364862815836,0.454225083307771,0.45629065367317895
2023-02-25,0.19421953943152892,0.18758676154508216,0.1941866156302031,0.19394967500301102,0.25126813569672296,2023-02-25 23:59:59.999,0.2522460711762629,0.5993136915597189,0.2518790154530816,0.24762330184788572
2023-02-26,0.19395758238413158,0.19201582143041915,0.19747603251330745,0.19781331224964743,0.26574841904737606,2023-02-26 23:59:59.999,0.26998920215108546,0.6243735479359505,0.2693941305531343,0.26803485784878683
2023-02-27,0.19782118172835506,0.1939723360125669,0.1979403048588408,0.1972037243528228,0.3727632563293921,2023-02-27 23:59:59.999,0.3812804851581469,0.7720718334327984,0.3770924706956638,0.37775903025348445
2023-02-28,0.19721159981160846,0.191169346684037,0.1971032683543911,0.1937991234988558,0.3470358767941129,2023-02-28 23:59:59.999,0.35340338516648107,0.6284945783039131,0.3499809257761775,0.34905760486401294
2023-03-01,0.19380703235689173,0.19493187472662885,0.19709409802438896,0.19853323982951743,0.41429156144857093,2023-03-01 23:59:59.999,0.4260451759042888,0.6167837252674453,0.42139729967264855,0.42442547938029707
2023-03-02,0.19854877544064775,0.19302173330260605,0.19880982774510658,0.1969437073356463,0.3143911834833265,2023-03-02 23:59:59.999,0.3208134747134648,0.48836798315218094,0.31881408013003565,0.31860885675963174
2023-03-03,0.1969515853452078,0.19001189899493473,0.18686137553584237,0.18615275829781613,0.4204282084699851,2023-03-03 23:59:59.999,0.4103339329413109,0.5395342463089554,0.4183693991726586,0.3998331040044234
2023-03-04,0.1861607421669549,0.17997582575732637,0.1886754424123275,0.18607728828573317,0.15914910341053853,2023-03-04 23:59:59.999,0.1549126275612331,0.27376569464273937,0.16008550387125103,0.15255154420769423
2023-03-05,0.18608527289523533,0.1823470649929688,0.1889889896530386,0.18688997501816335,0.20331134012672572,2023-03-05 23:59:59.999,0.19880715390218495,0.3175669496623052,0.20638955661967526,0.1976106527218357
2023-03-06,0.18689795165518097,0.18178362641859067,0.18965998465042846,0.18669338389273737,0.26762630997855874,2023-03-06 23:59:59.999,0.26156883798564257,0.425000965743311,0.2723479949845656,0.26067083158660226
2023-03-07,0.1866956318443806,0.18136711456427576,0.186430857809253,0.18463383931589394,0.3843529826037211,2023-03-07 23:59:59.999,0.3731386980792847,0.5131737242136682,0.38813698538407,0.3690818685474551
2023-03-08,0.1846476658286696,0.17881884838422937,0.18304564024463707,0.1798499924238598,0.39610976236875256,2023-03-08 23:59:59.999,0.3802146506883818,0.5266789546006041,0.4001710110662693,0.37622281516485145
2023-03-09,0.17984764531501424,0.17456709763289957,0.16804844353647336,0.166803296203771,0.5830945962192938,2023-03-09 23:59:59.999,0.5383574011915585,0.6618658712620807,0.5813534484822804,0.5259259045121257
2023-03-10,0.16681137276274158,0.1607660507094717,0.16323275204822732,0.16474870525706425,0.8129478629360061,2023-03-10 23:59:59.999,0.7068129991763212,0.7952014514267906,0.8222142568291692,0.7003029871958208
2023-03-11,0.1647568991006918,0.1637641271170099,0.16533939147446122,0.16771155885883904,0.5622833695693512,2023-03-11 23:59:59.999,0.4953303783812065,0.6839135939605173,0.5686796507992928,0.4907163447068469
2023-03-12,0.1677197236367719,0.17753018252964167,0.17027156566507473,0.18268298321205034,0.566377011464225,2023-03-12 23:59:59.999,0.5142734329317118,0.6385586747531574,0.5833241834419386,0.5189042924951952
2023-03-13,0.182700131250485,0.1996350347798686,0.18532729639452866,0.2032392855894043,0.9042495357467477,2023-03-13 23:59:59.999,0.9060764946953289,0.9735354141356967,0.9250441662788456,0.9080912970205661
2023-03-14,0.20323534922409914,0.21738353799918167,0.20642432346134296,0.20864874682870543,0.9193343020153972,2023-03-14 23:59:59.999,1.0000000000000002,1.0000000000000002,0.9385234521296005,1.0
2023-03-15,0.2086565100114311,0.20619095770448168,0.20564904034935444,0.2049116699755621,0.7642866609992455,2023-03-15 23:59:59.999,0.818240866179817,0.8284948279518438,0.7769458674774856,0.8148333001601074
2023-03-16,0.2049194698191389,0.2059128128189331,0.2078543096014623,0.21183820472673442,0.5775231529792355,2023-03-16 23:59:59.999,0.6210574790493651,0.6842933872993324,0.5880323308332772,0.6194663358327214
2023-03-17,0.2118459366207696,0.23026991435545546,0.21533690865639152,0.2351139529191451,0.8208431862645784,2023-03-17 23:59:59.999,0.9433916978144975,0.8613645913565581,0.8485454370476833,0.9554356894069035
2023-03-18,0.23512145647729835,0.22996900617524918,0.2318044799793648,0.23037750546841917,0.487865825534837,2023-03-18 23:59:59.999,0.5803238744063216,0.6534501738206567,0.49538808370463633,0.577234338454502
2023-03-19,0.2303850554912831,0.23622656062608466,0.23423578811035498,0.24072554169402494,0.4889546402164941,2023-03-19 23:59:59.999,0.5876967838516205,0.6291222457592044,0.5019606120966238,0.5909668778986096
2023-03-20,0.2407329902023013,0.23699693824280538,0.23713566108177306,0.2382403734454343,0.6274351043422317,2023-03-20 23:59:59.999,0.7615206111837456,0.7735010678361753,0.639702966032906,0.7605545073161921
2023-03-21,0.23824784633329574,0.2366822968352436,0.23887831645228416,0.2420134855295722,0.5532073859193384,2023-03-21 23:59:59.999,0.6733447757590211,0.7574000902411574,0.5615299318501381,0.6695035075381521
2023-03-22,0.24204364960073646,0.2407223113209766,0.2320366649304825,0.23371372680049884,0.29440105342256984,2023-03-22 23:59:59.999,0.35908175306106505,0.23566593848307088,0.2943530237429185,0.351714275762384
2023-03-23,0.23372124409491798,0.23961189523240667,0.23694571818268642,0.24385837280049105,0.16886961354304783,2023-03-23 23:59:59.999,0.20557020310705046,0.14170397589294467,0.1737722611615183,0.20709808793460324
2023-03-24,0.2438658877046375,0.23607794076840233,0.23592137281010808,0.23569032235505288,0.11310523337642095,2023-03-24 23:59:59.999,0.13756414542799503,0.09913545607654889,0.11046498487301648,0.13148324786685522
2023-03-25,0.2356977231299525,0.23055671305550202,0.23744413537397238,0.2357726885973262,0.06655816809533517,2023-03-25 23:59:59.999,0.07994866306748254,0.07138406652302713,0.0674391550098636,0.07921526860707878
2023-03-26,0.23578028282230987,0.23438574378124666,0.23999690159913964,0.2406787250327328,0.0650165342295868,2023-03-26 23:59:59.999,0.07901795247436716,0.07003563921301513,0.06722888945282005,0.07989672665880519
2023-03-27,0.24068617400028222,0.23278158995028764,0.2311229488581427,0.2324893059867048,0.1154687538221095,2023-03-27 23:59:59.999,0.13777528986751436,0.10334839630111115,0.11500799557100164,0.13430185342794934
2023-03-28,0.23249673816368402,0.22804212150143682,0.2323291399235292,0.23381182810320644,0.1030594075708049,2023-03-28 23:59:59.999,0.12159389077038758,0.09984787243463758,0.10385484815169285,0.11990792571247207
2023-03-29,0.23381924730619866,0.23867126322175874,0.23826370922873716,0.2443750072847502,0.11737110013296946,2023-03-29 23:59:59.999,0.1442317060675122,0.11182019883012352,0.12192027438812066,0.14663331119603992
2023-03-30,0.24438241999164492,0.2437006344562912,0.24261376257761977,0.24126616728894618,0.1297045031661937,2023-03-30 23:59:59.999,0.16075590625838004,0.12098063546698223,0.13088199263353134,0.15878678814331693
2023-03-31,0.2412736104936671,0.23873419150327108,0.2409134468158419,0.24550909719605107,0.10252773878322027,2023-03-31 23:59:59.999,0.12610134731025152,0.10085750122393183,0.10562645719687426,0.12716122638336141
2023-04-01,0.2455164987774852,0.24026760980702938,0.24782592450340465,0.24538642200266525,0.039462507623908905,2023-04-01 23:59:59.999,0.04923328919704801,0.05391265318199939,0.04033735079277056,0.04914687865721303
2023-04-02,0.245393921916597,0.2375425048089812,0.24427642145236758,0.2426584287473726,0.048834529398144644,2023-04-02 23:59:59.999,0.06027274528222561,0.06151265885820497,0.047611169887240824,0.057425384130713866
2023-04-03,0.24266585829396123,0.2372696274626922,0.237874848213966,0.23904645533768215,0.10381889200826706,2023-04-03 23:59:59.999,0.12673737156617124,0.10832808415710582,0.10802384844080909,0.12906037794865827
2023-04-04,0.23905392031785286,0.2367377000606708,0.2423873334719289,0.24259626554565694,0.06508340457933717,2023-04-04 23:59:59.999,0.07994372876179257,0.07225691452501591,0.0667906792960043,0.08021745430401733
2023-04-05,0.24260369570206866,0.23984705323506866,0.24377566290022998,0.242640362566874,0.07956784884339088,2023-04-05 23:59:59.999,0.09849337185914302,0.08281590514850243,0.08139610035107815,0.09856122156333483
2023-04-06,0.24264779229069242,0.2342695757279316,0.24285765433299553,0.24131754906036434,0.05245500942293097,2023-04-06 23:59:59.999,0.06423007760056458,0.06125539009591474,0.0513783230169838,0.06149395374911342
2023-04-07,0.24132508889007817,0.23349778716319497,0.24340338652482438,0.24007923865618702,0.03226130124193454,2023-04-07 23:59:59.999,0.03952890912777947,0.04293162616194688,0.031829000687037916,0.0380613033940377
2023-04-08,0.240086790633768,0.23401504070585027,0.24430168863822452,0.2403905403147789,0.025315496502541567,2023-04-08 23:59:59.999,0.031169055834714517,0.040863818630515546,0.025814122283157877,0.030980804633728196
2023-04-09,0.24039799210943022,0.2375425048089812,0.24372590898213334,0.2441337363580911,0.04247734267096002,2023-04-09 23:59:59.999,0.05227444156751245,0.05094368231748963,0.044912321460037125,0.05398799111143665
2023-04-10,0.24414115143186185,0.2492063417410158,0.247335506961695,0.2568925392502341,0.08879417985657748,2023-04-10 23:59:59.999,0.11190370105023624,0.08432463270876678,0.09631589574878704,0.11873132118147692
2023-04-11,0.25689992628876407,0.25654327142406985,0.2611885586670398,0.26236173544118385,0.08910452971719027,2023-04-11 23:59:59.999,0.11710157230567339,0.08792238787457374,0.09263128230427321,0.11908560737068423
2023-04-12,0.2623690688267131,0.25594126693725516,0.26165097743523236,0.2593278798074495,0.08129286715507153,2023-04-12 23:59:59.999,0.10664708135365518,0.0817533247191658,0.08294258837606543,0.10644546606437245
2023-04-13,0.2593351458261559,0.2569665558288614,0.26376981144923506,0.2640461639476741,0.06799152627040447,2023-04-13 23:59:59.999,0.0899040103129844,0.06911246744393894,0.07128390999647861,0.09216043192674547
2023-04-14,0.26405338367985254,0.26077611547198565,0.26485669066789164,0.26495034714262955,0.09961650526995801,2023-04-14 23:59:59.999,0.1329733079225114,0.0986784032728581,0.10234431834124517,0.1336718327223196
2023-04-15,0.2649575580047401,0.2569721996209253,0.2671590288386392,0.2632812651765629,0.03313932697624823,2023-04-15 23:59:59.999,0.04416048401451867,0.04797609108628122,0.03300644556687349,0.04292647092443805
2023-04-16,0.26328858954147416,0.2565431773608688,0.2663590638810065,0.26337412145912575,0.03445715830359751,2023-04-16 23:59:59.999,0.04582741482826879,0.04638721340089069,0.0349796309735577,0.04541085917641566
2023-04-17,0.26338144491311366,0.25434275689836006,0.2577804152774186,0.254881268284723,0.07391898028964311,2023-04-17 23:59:59.999,0.09587026638374427,0.0745751583490546,0.07158420065349147,0.09078997794768222
2023-04-18,0.25488857792483977,0.2559318606171487,0.256376867003582,0.26410609315932815,0.08123423269924325,2023-04-18 23:59:59.999,0.10650415492747227,0.07485555239334844,0.08636164000482095,0.11071996741535717
2023-04-19,0.26411331230359897,0.2552595909191386,0.2507499915369561,0.2487312879049835,0.11354367005277487,2023-04-19 23:59:59.999,0.14545683311406943,0.111535994370045,0.11051362793975124,0.1385883379672035
2023-04-20,0.24873865787661711,0.24279405332442872,0.24577459972728996,0.24335562790661536,0.1007932652512087,2023-04-20 23:59:59.999,0.12584944640446086,0.09410997753431412,0.09837600425418364,0.12018983124136137
2023-04-21,0.24336305061365646,0.2360753069987725,0.23714083158698704,0.23382902011368095,0.10185269756822381,2023-04-21 23:59:59.999,0.12389194668976525,0.09601426567112328,0.10237779955555534,0.12185095951582395
2023-04-22,0.23383653627706877,0.23145398193045913,0.23729058112478776,0.23921011939219927,0.0470699006052652,2023-04-22 23:59:59.999,0.0565954521613636,0.056324974857825505,0.04952160791279806,0.058171507323626345
2023-04-23,0.23921758276682,0.23083438762504527,0.23895782516453665,0.23701255308154645,0.04547668918113909,2023-04-23 23:59:59.999,0.05487825042026502,0.05724374493970215,0.046846486520759775,0.05522600600624378
2023-04-24,0.23701994088531766,0.23255715515254705,0.2353635435872126,0.23623871835018861,0.0695398321831714,2023-04-24 23:59:59.999,0.08345173928718969,0.07942266419541495,0.06827800053926107,0.0801302675880046
2023-04-25,0.23624621087435468,0.2363195891319378,0.23779446149139413,0.24391062874193337,0.06850571529785479,2023-04-25 23:59:59.999,0.08276020740885925,0.07127540397633969,0.07145955860933456,0.08445529496546361
2023-04-26,0.2439181431334472,0.25170842288933937,0.23821395531064052,0.2450227672726284,0.16963070908720965,2023-04-26 23:59:59.999,0.21293251786217438,0.14846095992520025,0.1720870812454071,0.21146695887784606
2023-04-27,0.24503017362497556,0.25033510015379334,0.2493730762428065,0.2552940707961163,0.1251881179242877,2023-04-27 23:59:59.999,0.15940387916567303,0.13060495737721464,0.12955237086495355,0.16145838280294464
2023-04-28,0.2553013763866265,0.24760294041566533,0.2543693451867328,0.2537295978429369,0.07110016424128758,2023-04-28 23:59:59.999,0.09102587822315653,0.07404603612957411,0.0709945292367787,0.08886297569817776
2023-04-29,0.25373682165193007,0.24618578422842313,0.2557351390168372,0.2529404165711555,0.026613185846807157,2023-04-29 23:59:59.999,0.034269225938065175,0.04054584600296582,0.02660233248165708,0.033401262658742575
2023-04-30,0.25294774525109365,0.2510818679070468,0.25620916703258556,0.2529672244518954,0.05197319037084463,2023-04-30 23:59:59.999,0.06706111563602414,0.062234929739874746,0.05294116938974448,0.0667682165504744
2023-05-01,0.2529744557397975,0.24513660328374637,0.2424279170600234,0.24165206478959694,0.08442797087476596,2023-05-01 23:59:59.999,0.10462716597539097,0.08938972643579753,0.0819432836268455,0.09932865980524103
2023-05-02,0.24165950420865026,0.24083358808783623,0.24442831723761563,0.2474954057508732,0.06653244921961768,2023-05-02 23:59:59.999,0.08249707372820081,0.07703241665241047,0.06600453138740285,0.08003090702618396
2023-05-03,0.24750269071750294,0.2444717645786204,0.2467861651718866,0.2509561477463897,0.08466746857028645,2023-05-03 23:59:59.999,0.10564295533969965,0.09859490260971436,0.0860244257975653,0.1050025885114846
2023-05-04,0.2509634958920725,0.2455362778250707,0.2521512960066432,0.24913010369599087,0.0556852511754218,2023-05-04 23:59:59.999,0.07059179050276647,0.06302881015956707,0.05447815921380459,0.0675161686854201
2023-05-05,0.24913746975522796,0.24833155397111323,0.25348157919716485,0.25561304572492005,0.07651474393380338,2023-05-05 23:59:59.999,0.09784566738595327,0.08447783770204073,0.07743339993144384,0.09685399221727081
2023-05-06,0.2556202510572254,0.2496766577463398,0.2486037440896491,0.2492276222186824,0.06446106864875452,2023-05-06 23:59:59.999,0.08179758913484733,0.0800757563215455,0.062072477660979675,0.07701513457118501
2023-05-07,0.2492348901922096,0.24326427526655164,0.2495327765642266,0.24516661680659863,0.03915344216725947,2023-05-07 23:59:59.999,0.049521550933710946,0.05605726030053932,0.03962383990580785,0.0489454585367381
2023-05-08,0.2451739246187272,0.23849263720293667,0.23847735840644638,0.23777201257250757,0.08943890602946444,2023-05-08 23:59:59.999,0.10891198875439656,0.10501532181326388,0.0861748299997894,0.1026616709101121
2023-05-09,0.23777958718405492,0.23084520489316773,0.23936512439601423,0.23737844180164497,0.05244759442141049,2023-05-09 23:59:59.999,0.0633259959699189,0.06579832546679565,0.053474434703902514,0.0631080460437403
2023-05-10,0.23738602027413505,0.23567459776223643,0.23374585835215608,0.2370917140337313,0.09326643899242051,2023-05-10 23:59:59.999,0.1128125518313731,0.1006755210218011,0.0916489727794075,0.10848667161604478
2023-05-11,0.23709910106093088,0.22907813359796447,0.23301467086953945,0.23097126117480676,0.06233875541717094,2023-05-11 23:59:59.999,0.07414090893877485,0.08243946234770491,0.06195016346544062,0.07202958352357806
2023-05-12,0.23097870824385722,0.22400793893416987,0.2243263685327345,0.22928498719826562,0.08807604232305628,2023-05-12 23:59:59.999,0.1016972503431806,0.08865654988136468,0.08830896875605804,0.09975845782533249
2023-05-13,0.229292547938771,0.22357835229490697,0.2329169190539848,0.22909334970297646,0.029700817482654008,2023-05-13 23:59:59.999,0.03499046417588067,0.039608352326285116,0.029096731570815722,0.03344813590168891
2023-05-14,0.2291008151944023,0.22503209906736338,0.23163404842070814,0.23047589816113478,0.028096429445490092,2023-05-14 23:59:59.999,0.03320046390327535,0.041217136149309434,0.028330425763580212,0.032653614269984414
2023-05-15,0.23048335008971324,0.22939277500552624,0.23324831917118946,0.23285092098668542,0.052864138950567664,2023-05-15 23:59:59.999,0.06319483466713861,0.0613451319573265,0.05135858189785048,0.059997242668661195
2023-05-16,0.2328585438743088,0.22594347742248017,0.23447860674200707,0.2316047430522909,0.04344948680205183,2023-05-16 23:59:59.999,0.051493276776536825,0.053443643556363545,0.042471272800177304,0.04917907333394286
2023-05-17,0.2316123781649622,0.22785399509930726,0.23147971371790635,0.23521574516195454,0.056189543496621766,2023-05-17 23:59:59.999,0.06634876418664677,0.06666059628014072,0.057583975912558365,0.06648062430711799
2023-05-18,0.23522334485057225,0.22771600438334522,0.22968945067674593,0.22954014771530806,0.0643944878803146,2023-05-18 23:59:59.999,0.07614192845799574,0.06932098916291472,0.06299034587046468,0.07284954197029694
2023-05-19,0.22954770595268006,0.22487783541761713,0.2323117748305464,0.23011302047111937,0.0375106910760803,2023-05-19 23:59:59.999,0.04419791227990463,0.04954473414991858,0.03620324584283418,0.041660049856617545
2023-05-20,0.2301205730885901,0.2245617830620394,0.23421520364620121,0.2322709577406784,0.01868095202574345,2023-05-20 23:59:59.999,0.02223090179135508,0.031483823208270235,0.01791675004462363,0.02075686580435169
2023-05-21,0.2322783920596613,0.2257615591916209,0.23266327162839398,0.22882624219560427,0.027771724388936443,2023-05-21 23:59:59.999,0.03288049010717102,0.03723590862255046,0.02615090083107217,0.03020210641203886
2023-05-22,0.2288338074364137,0.22409043236150372,0.23141630186150866,0.2298120145928116,0.03449245858356454,2023-05-22 23:59:59.999,0.040575112938573236,0.04697046980324327,0.033581100012911376,0.03856488510076958
2023-05-23,0.22981966729221007,0.22781477074446327,0.23395180055039536,0.23340912711209189,0.05059024484094297,2023-05-23 23:59:59.999,0.060327992095422334,0.05349337605203609,0.050464459110623465,0.05880185916408286
2023-05-24,0.23341664739464432,0.22521655700465143,0.22695103404738656,0.22475872907334088,0.07122495419313903,2023-05-24 23:59:59.999,0.08254873980885678,0.06639412996250814,0.07110046320150236,0.08056181807398739
2023-05-25,0.22476623708754265,0.2196891211204809,0.22491590368382883,0.2261649772521534,0.04892630338555489,2023-05-25 23:59:59.999,0.056294170299912225,0.049336475218238286,0.04728044354825185,0.05317211557960279
2023-05-26,0.2261726657291123,0.22251271029004388,0.22935814811624347,0.22841965600438247,0.045804235229959904,2023-05-26 23:59:59.999,0.05335675057850025,0.04293957547763562,0.04390267804095918,0.049975408783627814
2023-05-27,0.22842732236286614,0.22216317143488712,0.23154107688355893,0.22986057959415201,0.019550326508544744,2023-05-27 23:59:59.999,0.023038926485675737,0.027168330241640802,0.01893713248648082,0.021730680551777168
2023-05-28,0.22986823181712615,0.23501521472277226,0.23362254668063806,0.24162040040872307,0.057448004146255074,2023-05-28 23:59:59.999,0.0689854422819303,0.05529754222926142,0.062154159931263754,0.0729339505695908
2023-05-29,0.24162793726745482,0.2367630971249583,0.2410391974049136,0.23842870852063236,0.05543533500919639,2023-05-29 23:59:59.999,0.06766367606755258,0.052782536417720384,0.053756661737067696,0.064150908054792
2023-05-30,0.2384360824318705,0.23292014504545605,0.24132601410923557,0.23802076250937304,0.042681941426590535,2023-05-30 23:59:59.999,0.0519731406919979,0.04884427461377495,0.04040445967765215,0.04806612911266853
2023-05-31,0.23802814042257545,0.2310099095582322,0.23435080746219014,0.2333191847296095,0.06096263546945181,2023-05-31 23:59:59.999,0.07243188651745053,0.059546550010130456,0.05846102186769666,0.06788187945495498
2023-06-01,0.2333268030235496,0.2264430470833353,0.2320683708586814,0.22950760916441,0.05127004192467526,2023-06-01 23:59:59.999,0.06036044271267339,0.05336132543604953,0.049542410306092896,0.0570056611545881
2023-06-02,0.22951516772098626,0.22597273107801136,0.23109231605366745,0.23363233185825233,0.047539613312364996,2023-06-02 23:59:59.999,0.05627924112299088,0.05314439452361788,0.04824540179565877,0.055813066224424515
2023-06-03,0.23363984995115863,0.22628586747435603,0.23509145794491534,0.23194838900177556,0.021522317729455114,2023-06-03 23:59:59.999,0.02574452192010733,0.030507437011856178,0.02052094710998237,0.02391781100029551
2023-06-04,0.23195592361421855,0.22743089882091783,0.23544334496957156,0.23239508988410446,0.0250241572696765,2023-06-04 23:59:59.999,0.02993354996670881,0.03300089426516657,0.025233640383047505,0.029424868986195646
2023-06-05,0.23240252298534678,0.22436735442543848,0.22019523242347722,0.21892306138227652,0.08623202676400378,2023-06-05 23:59:59.999,0.09858311243864884,0.0932025073061438,0.08146672562730874,0.09103548582837198
2023-06-06,0.21893072377362674,0.22649318276950287,0.21983446773892537,0.23351082222489872,0.08963383965710538,2023-06-06 23:59:59.999,0.10287587541812626,0.08826841304591762,0.09347687699079564,0.10502151805537728
2023-06-07,0.23351824438076876,0.22683594907418297,0.2273852589286576,0.2248590643661102,0.0780974515723784,2023-06-07 23:59:59.999,0.09094615548588689,0.08604805748945107,0.07482751173392821,0.0852538426364745
2023-06-08,0.22486666852506912,0.22136363422583638,0.22821439334023316,0.22640605391880708,0.040563215494933524,2023-06-08 23:59:59.999,0.04706998829306355,0.05558601698289176,0.03885151901075843,0.04404358935798641
2023-06-09,0.2264137400307957,0.22111276766859655,0.22879885554281573,0.22620402351323105,0.036433175956568815,2023-06-09 23:59:59.999,0.04238240928016544,0.048928235154685806,0.033894386074508724,0.03850475860803736
2023-06-10,0.22621151734904513,0.21876626705483415,0.2199025623170263,0.22002072754257207,0.0850998404104189,2023-06-10 23:59:59.999,0.09578480498340629,0.11245443596780226,0.08406808451549927,0.09255226715419589
2023-06-11,0.22002847629482977,0.21569049444321642,0.2226019562655255,0.22083992198518182,0.03916775642837971,2023-06-11 23:59:59.999,0.04438381777106517,0.05464326756030115,0.037921490208052876,0.041977037160584665
2023-06-12,0.22084746844301453,0.21474609990452587,0.22228401897321765,0.22064216529972375,0.03901813062524818,2023-06-12 23:59:59.999,0.04422304589335079,0.056228860404497975,0.037798367540860155,0.04184232496289434
2023-06-13,0.2206499079556559,0.21781942687291592,0.22336163030517,0.22092442508751414,0.05369983153185094,2023-06-13 23:59:59.999,0.0611536438979396,0.0660243225409219,0.05354443247056174,0.05960322386271977
2023-06-14,0.22093197071636847,0.21466633431002294,0.21465947491665974,0.21309914642153643,0.058975081416219204,2023-06-14 23:59:59.999,0.06595332324965637,0.06275787645791107,0.055161137519613955,0.06032565863190857
2023-06-15,0.21310686594569064,0.21147768585712742,0.21445889833703868,0.21766318811750401,0.06369257234412931,2023-06-15 23:59:59.999,0.07005474374959922,0.06182826640009524,0.06399355655586701,0.06883712904216313
2023-06-16,0.21767086286825385,0.21861698875474433,0.21812273784299593,0.2249140399476275,0.06754811959662253,2023-06-16 23:59:59.999,0.07639459123629777,0.06070655882927209,0.0640465113824659,0.0708455574724009
2023-06-17,0.22492174069632395,0.2216457297658297,0.22793147890399726,0.2265845788637344,0.03631155469909326,2023-06-17 23:59:59.999,0.04222973206380656,0.043676168266909905,0.03679409720918113,0.04178289224691449
2023-06-18,0.22659216609533742,0.2203289390141236,0.22866169081959234,0.22486518355627905,0.028022142700357695,2023-06-18 23:59:59.999,0.0326399680482778,0.036383098151843235,0.027516284533977867,0.0312651393948921
2023-06-19,0.2248728847842584,0.22379131138211766,0.2286691051289558,0.22976422663149265,0.04687129227205923,2023-06-19 23:59:59.999,0.05458074621077732,0.04799691697944925,0.046800380178946985,0.053267776920220215
2023-06-20,0.22977178267064283,0.2363454565122306,0.23252639957527713,0.2439805623438635,0.0913095648179816,2023-06-20 23:59:59.999,0.10946999981414296,0.07797365504805198,0.09339357924496922,0.10958301446885106
2023-06-21,0.24398807604932635,0.25889485145068974,0.24819390838391567,0.26035570949581754,0.1429343157577228,2023-06-21 23:59:59.999,0.18376447334288654,0.12290036235740177,0.14888682510040013,0.18738445163377931
2023-06-22,0.26036296543147974,0.25607295541874586,0.260560391061894,0.259297283856605,0.07735465612846773,2023-06-22 23:59:59.999,0.10162681969843686,0.07515315900549725,0.07431359084205148,0.09552299094306992
2023-06-23,0.2593045501754587,0.26483908137877843,0.2632372494121964,0.2671024566120278,0.09691780763334146,2023-06-23 23:59:59.999,0.12964137358874744,0.08779592148861645,0.0966940297500459,0.1266210140805458
2023-06-24,0.267109743490921,0.25889485145068974,0.2676273010089607,0.26553798365884834,0.039823930425571794,2023-06-24 23:59:59.999,0.05338118169774453,0.05086182407494273,0.03853917077094201,0.05046399029810171
2023-06-25,0.26554528588527443,0.26120890026008475,0.2678954843831719,0.2649088726314849,0.03944278379928824,2023-06-25 23:59:59.999,0.052984501516379075,0.05175313288444008,0.03888719189178024,0.05102343115875173
2023-06-26,0.2649161810295116,0.2576344045564215,0.2645054865401506,0.263018042869298,0.059110652610966694,2023-06-26 23:59:59.999,0.07826580532480724,0.06258476532700331,0.05930142301451073,0.07676733413824122
2023-06-27,0.2630252726873792,0.2607288016818501,0.26739482338773646,0.267140725833084,0.05584852569708587,2023-06-27 23:59:59.999,0.07473681776928374,0.054017242525606655,0.056295740046777426,0.07365511036306462
2023-06-28,0.267147915207505,0.2580458369978789,0.2638108828208403,0.2611669392782075,0.05290810613011537,2023-06-28 23:59:59.999,0.07003565700240155,0.05868808961257007,0.05102635454230326,0.06602992138262959
2023-06-29,0.2611740901266281,0.2593085414089727,0.26567597185255,0.2647597780773699,0.047473505273382496,2023-06-29 23:59:59.999,0.06338419927133872,0.04968486547524163,0.047444031963013875,0.06189110749752125
2023-06-30,0.2647669908089694,0.2634286977420129,0.26031054834768697,0.2649995920539887,0.11728288723825885,2023-06-30 23:59:59.999,0.15605395452324433,0.10230394819516372,0.11812472024563052,0.15386429790781975
2023-07-01,0.26500670530395515,0.257593016747953,0.2683157586560354,0.2661059027845229,0.022714213442811708,2023-07-01 23:59:59.999,0.030512564514542286,0.03717270827798376,0.021471930633304066,0.02811281023203224
2023-07-02,0.26611310231059326,0.2588101945697314,0.26670051233853265,0.2664082684828682,0.03032083074021909,2023-07-02 23:59:59.999,0.040657362115743105,0.038720394054805346,0.028218602271667493,0.036929266217847714
2023-07-03,0.26641536791367093,0.2643505171124479,0.2707517495087288,0.27164522683740827,0.057245019192999826,2023-07-03 23:59:59.999,0.07739532711526902,0.05122394496813573,0.05558760518274365,0.07348375026513398
2023-07-04,0.2716523720225211,0.26407481787012693,0.2712368989885223,0.2678601677629406,0.043364888505914606,2023-07-04 23:59:59.999,0.05885231142453749,0.051067389436844204,0.03749786138925731,0.04973826969456919
2023-07-05,0.2678674472086617,0.2596292028614026,0.2671395174982091,0.2653182755927844,0.04337744876322773,2023-07-05 23:59:59.999,0.05798773666722734,0.05425066334083066,0.04153221766965172,0.05421841056721581
2023-07-06,0.2653253857164545,0.26547927552522543,0.2637294229745448,0.25939936748942255,0.0934827670271908,2023-07-06 23:59:59.999,0.12487085843796664,0.09163977695665508,0.0904582033420125,0.11827575419488373
2023-07-07,0.2594065356777825,0.25559323309331544,0.2622716331743127,0.26376312711986233,0.044501568813761494,2023-07-07 23:59:59.999,0.058776029462968685,0.05983633870023827,0.039548722548110114,0.05104895200601301
2023-07-08,0.26377034962864165,0.25500825404589345,0.26562221810966524,0.2631796671937588,0.016918957499684723,2023-07-08 23:59:59.999,0.022605039483126952,0.031407089317985505,0.015837783667702967,0.0205884290789728
2023-07-09,0.2631868954262999,0.25556049909934486,0.2657846500187455,0.2619760322005385,0.019935367952170477,2023-07-09 23:59:59.999,0.026614457523506885,0.030944189496969934,0.018576996780183416,0.024157560576240335
2023-07-10,0.2619832722407798,0.2612067368064603,0.26470059994445116,0.2644126354477887,0.053959231781860954,2023-07-10 23:59:59.999,0.07176406006487057,0.05877894831998769,0.05208709609193017,0.06775632491100435
2023-07-11,0.26441985158486925,0.25902305959374106,0.2681150845197122,0.26645751339422735,0.037146048572598823,2023-07-11 23:59:59.999,0.049700642204455504,0.04526905345855674,0.036331108643780606,0.04747027216682252
2023-07-12,0.26646470947098566,0.26061855961020214,0.26723707420035936,0.2641059960293255,0.04981199422748865,2023-07-12 23:59:59.999,0.06673715269603324,0.05137767553600068,0.04855657403546322,0.06358399741729716
2023-07-13,0.26411321517454917,0.2683406781016165,0.2676370566791757,0.27453999230730375,0.09276334019804122,2023-07-13 23:59:59.999,0.12562459830705436,0.08537164299084529,0.09614835309503049,0.12742974963765322
2023-07-14,0.27454710909466884,0.2667020971390678,0.26421281643369965,0.26344560914109877,0.07958341396374999,2023-07-14 23:59:59.999,0.10698752773021274,0.0835817330244006,0.07594373560149975,0.09988993053836734
2023-07-15,0.2634527376356905,0.255046725895129,0.2671395174982091,0.2632271637650697,0.018265431524583396,2023-07-15 23:59:59.999,0.024446586118112706,0.03194186146431914,0.017011021959708973,0.022162854691808006
2023-07-16,0.26323439153166783,0.25552230943971255,0.2658155754933271,0.26266837485964717,0.020424042843754545,2023-07-16 23:59:59.999,0.02726766404502304,0.032327567517282864,0.019391186819643972,0.025214087423625124
2023-07-17,0.26267570523703326,0.25453934898858543,0.26186365104592,0.26175544996445044,0.04030976617898754,2023-07-17 23:59:59.999,0.05317523313751941,0.05349777773923565,0.038151292411220644,0.049166732303247036
2023-07-18,0.2617627892976608,0.25362524280063775,0.26042761639026735,0.2590467855796913,0.0391540336642401,2023-07-18 23:59:59.999,0.05131483825294984,0.049444874977630233,0.036600738196798606,0.046849127466890045
2023-07-19,0.25905415148499145,0.25314843643444035,0.2628661437172166,0.25953321263311663,0.03343854552432338,2023-07-19 23:59:59.999,0.04399121141952781,0.04042075925030989,0.03257048765543431,0.04182564347769121
2023-07-20,0.25954047663750107,0.25529655775715704,0.2610028107061456,0.25847245587383977,0.04906468093642515,2023-07-20 23:59:59.999,0.06441545867718255,0.04911297462341924,0.048049675465122954,0.06164857521241359
2023-07-21,0.2584797302842841,0.2519501653160759,0.26251864674415726,0.25946046226110875,0.031103232128703726,2023-07-21 23:59:59.999,0.04077714881352937,0.03636043274760673,0.030716847732435815,0.03929593631465434
2023-07-22,0.2594677269791768,0.25136038904539965,0.26153098269158737,0.2584141778722313,0.01897794643103259,2023-07-22 23:59:59.999,0.02501142922810583,0.027713219698851016,0.017798158821686946,0.022838619860159587
2023-07-23,0.258421355725335,0.25466200740277395,0.2625543524971442,0.2612285196999071,0.023754396584510607,2023-07-23 23:59:59.999,0.03137609512935027,0.033983718750320274,0.02357275120392511,0.030342628015575947
2023-07-24,0.2612357670732715,0.25230647672170936,0.25408545518347536,0.25241640020669265,0.051810739371509616,2023-07-24 23:59:59.999,0.06651183292784464,0.056956124244782164,0.04801320265217116,0.06024214246163018
2023-07-25,0.25242373402724916,0.24550025161906286,0.2558975709259175,0.25292545855074267,0.02805822212262823,2023-07-25 23:59:59.999,0.03599070293659527,0.034927322231621254,0.02722331655659561,0.034066078532391936
2023-07-26,0.2529327873774195,0.24845383613249744,0.25637842791081633,0.25412064323372974,0.044318913396865355,2023-07-26 23:59:59.999,0.05694987154590346,0.04915751707000575,0.04251648887579546,0.053384783274988155
2023-07-27,0.25412786320655434,0.24730146785625268,0.2562507261877016,0.2528659178590993,0.029255797006496793,2023-07-27 23:59:59.999,0.03771208632499633,0.03816275941376359,0.02756400600440672,0.03466516190048057
2023-07-28,0.25287324726987237,0.2470637701471619,0.25663383135704587,0.253753297563591,0.03125078107813556,2023-07-28 23:59:59.999,0.0401805990815094,0.03554355843955853,0.03033248813917409,0.03806465490902845
2023-07-29,0.2537606182691389,0.24579109503675522,0.25793192083585803,0.25412977345398174,0.0139692019795927,2023-07-29 23:59:59.999,0.018168397075290107,0.022179050649360547,0.014375829780412555,0.018149319786052213
2023-07-30,0.2541370904662884,0.24618691298683587,0.25575699171811883,0.253432282904731,0.020354147669808916,2023-07-30 23:59:59.999,0.02627369810876741,0.029740492289952146,0.02045324241925361,0.025703519375983003
2023-07-31,0.25343960675944366,0.24694882491546072,0.2564258404680614,0.25295789997163803,0.029425444920619288,2023-07-31 23:59:59.999,0.03790854659651713,0.03685342171395656,0.029283341426073303,0.036800177916985914
2023-08-01,0.2529653256091132,0.2489170973977416,0.2513909390700836,0.2575593367186377,0.05850476562730841,2023-08-01 23:59:59.999,0.0743333644303223,0.0589949594768851,0.05811164661354764,0.0722196909072221
2023-08-02,0.257566620086812,0.2518165955705639,0.25472542714958146,0.25250877083924206,0.06305716975055524,2023-08-02 23:59:59.999,0.08123712397179195,0.06195243339721693,0.061106057599683565,0.0769627161082125
2023-08-03,0.25251600662458973,0.24603951595076734,0.2551205317932902,0.2525828810312875,0.034516235310465826,2023-08-03 23:59:59.999,0.044222989013493225,0.04269091299927287,0.03427872346448886,0.04287674369406039
2023-08-04,0.25259031034771134,0.24509653236009277,0.2535551369505863,0.25180924055993503,0.030670008810113523,2023-08-04 23:59:59.999,0.03926091741316298,0.035653469225899584,0.027976772321355817,0.03495613163968204
2023-08-05,0.25181667746579817,0.24339539936883592,0.2552243321243781,0.2514026543687133,0.015013482706039435,2023-08-05 23:59:59.999,0.019325144979927135,0.021664907305723326,0.01450500372249833,0.0181439162391967
2023-08-06,0.25140999813415094,0.24389261744966445,0.25535349719802514,0.25156087914308023,0.017028897382148838,2023-08-06 23:59:59.999,0.021886419344451766,0.022107046930394742,0.017119623387186984,0.02139782976721292
2023-08-07,0.25156831848537736,0.24456695653809796,0.2525160605159832,0.25275208149595746,0.04042036655457868,2023-08-07 23:59:59.999,0.05144856799274203,0.04396989876645016,0.040882067209230356,0.05082852583531415
2023-08-08,0.25275941202346913,0.2536649374714871,0.2568614311431626,0.25818514532590997,0.05979459026561085,2023-08-08 23:59:59.999,0.07741245873009352,0.057485706342029756,0.06440401063588062,0.08150576464148994
2023-08-09,0.25819232542583076,0.25287480658254285,0.25910738154006707,0.25635492468539595,0.04967377912723639,2023-08-09 23:59:59.999,0.06467004654750148,0.04914772824324854,0.04975634685017084,0.06332258648055372
2023-08-10,0.2563622198688933,0.24890533949760846,0.25855647884302435,0.2551287555315536,0.030553636572217775,2023-08-10 23:59:59.999,0.03961707301535948,0.03360642189081241,0.02974992985862188,0.037643160837709445
2023-08-11,0.2551361598728619,0.2472735310855364,0.25789553218595596,0.2548400851635863,0.02683701071329023,2023-08-11 23:59:59.999,0.0347106480592585,0.02862246374126594,0.026013465853842125,0.0328120464509427
2023-08-12,0.25484729807866113,0.24649120744228048,0.2591550867674186,0.25488029698469616,0.011497217777113803,2023-08-12 23:59:59.999,0.015057637560219411,0.020280543833052285,0.011010375512403655,0.013980232645416991
2023-08-13,0.2548877037633913,0.2464281850975671,0.25808937735312865,0.2536532536608298,0.014298391351724307,2023-08-13 23:59:59.999,0.018625780307526364,0.022308867573335396,0.013879399256744208,0.017562167029886937
2023-08-14,0.25366067247686164,0.2485038777554639,0.2564321816537012,0.25488767886489994,0.04104660206267218,2023-08-14 23:59:59.999,0.052886978862498275,0.04398001607732674,0.0399763689332887,0.05032132316034161
2023-08-15,0.25489489131307885,0.24665967463538752,0.25601415118498705,0.2526446557129925,0.0358666464682392,2023-08-15 23:59:59.999,0.046134385172573865,0.03869602053314812,0.03387988428935205,0.042556771100983264
2023-08-16,0.25265208442340453,0.24440770753869528,0.25273117304422466,0.24808449921713216,0.043089507633309175,2023-08-16 23:59:59.999,0.05490579503664647,0.050315554984431174,0.039244488059890954,0.0488712342276396
2023-08-17,0.24809187553378478,0.23992681882957162,0.2180294736357402,0.2276182363522633,0.1315534838704581,2023-08-17 23:59:59.999,0.15774115180649353,0.1297133857804218,0.12660088215796614,0.14826511872619524
2023-08-18,0.2276258134436512,0.22157621706024277,0.2224487922431495,0.22208755686961656,0.09147222827600489,2023-08-18 23:59:59.999,0.10497063091270567,0.08481256301967831,0.0893096461591145,0.10028313935103667
2023-08-19,0.22209518821715837,0.21638769088950868,0.22422520223260464,0.22253445201195088,0.03410048782026839,2023-08-19 23:59:59.999,0.03891623927017119,0.04031229379409407,0.03441536891757717,0.03834030749808703
2023-08-20,0.22254207897543613,0.21655700465142533,0.22588327594235139,0.22340842777607262,0.024759194183994852,2023-08-20 23:59:59.999,0.028452446119832445,0.02952349568069662,0.026294180608688437,0.029446520812924246
2023-08-21,0.22341614329487572,0.21617529618150436,0.22433163659465064,0.22279582884916482,0.03950037174123979,2023-08-21 23:59:59.999,0.04507629695499693,0.037042102992122426,0.03735030291651958,0.0416341392839421
2023-08-22,0.22280345324853443,0.2150559440888333,0.21933673344455445,0.22210698287015274,0.04473369663731639,2023-08-22 23:59:59.999,0.05072078444308356,0.039514734352264796,0.043714682081800245,0.04843309325979542
2023-08-23,0.22211451689807502,0.22145083081322342,0.22433963624422695,0.22576606433114338,0.05758961420669056,2023-08-23 23:59:59.999,0.06615475297282844,0.04411922764711556,0.058442333216134804,0.06563233294906866
2023-08-24,0.22577356246335198,0.21918014513951925,0.22483893144583225,0.2233118805534079,0.03941881615280442,2023-08-24 23:59:59.999,0.04534895612864027,0.03767489479967593,0.03717914094105693,0.0417811470105793
2023-08-25,0.22331949989029268,0.21669856976902782,0.2239916514876568,0.22214593200122768,0.036194678383005004,2023-08-25 23:59:59.999,0.041320408236921784,0.04002808933401553,0.03523294861354983,0.039274320563825176
2023-08-26,0.22215346564705765,0.21492754781937987,0.22602834275844888,0.2217317696697968,0.012878906096501844,2023-08-26 23:59:59.999,0.014891133881266434,0.02149987688415206,0.012344480529171909,0.013856531054058048
2023-08-27,0.22173950163667303,0.2154586286525917,0.2258350829314891,0.22255154689242268,0.015610636634292277,2023-08-27 23:59:59.999,0.01801217173041727,0.02279265898434287,0.01631700083045011,0.018292666647767766
2023-08-28,0.22255927081725643,0.21613362618343268,0.22484380928093975,0.22272861488730977,0.02954002679596105,2023-08-28 23:59:59.999,0.03378492615433678,0.03422173834321545,0.02897158731084595,0.032330979202594756
2023-08-29,0.2227362399460506,0.23390084797975763,0.22540476031830406,0.23823386573525468,0.09733872558718606,2023-08-29 23:59:59.999,0.11579878952935278,0.0745612963192172,0.1011139593853047,0.11771868634153376
2023-08-30,0.23824133868695704,0.23038025049030447,0.23608956056461525,0.23418985807364007,0.04631322001234509,2023-08-30 23:59:59.999,0.05543348230328629,0.04520854668376887,0.04445830051185628,0.051992480592328756
2023-08-31,0.23419737069719523,0.22867714217182528,0.22280009392759278,0.22098785097926466,0.06680633198035593,2023-08-31 23:59:59.999,0.07783839288690096,0.06192168728364394,0.06549414009676019,0.07462319345262311
2023-09-01,0.22099539598590887,0.21521190087619874,0.21966598731431178,0.21966950545287833,0.05365583551514885,2023-09-01 23:59:59.999,0.0606073506692628,0.05774921630258801,0.05311921670423829,0.058652965779552216
2023-09-02,0.21967706339253704,0.21362693593825693,0.2237508815467498,0.2202956054501587,0.02106922832031936,2023-09-02 23:59:59.999,0.023982318395743385,0.037156481162486904,0.020225065325503964,0.02242718176912149
2023-09-03,0.22030335150585476,0.21501436815396266,0.22421456855207025,0.22128341757742231,0.02267834901710943,2023-09-03 23:59:59.999,0.025888358972095286,0.03247124647109511,0.02275562782275047,0.025312887278478222
2023-09-04,0.22129105681359793,0.21476058563748984,0.22256790897647502,0.21987318706849995,0.028336794938168115,2023-09-04 23:59:59.999,0.03221165939777627,0.039068390130865445,0.02701002107890037,0.02995608593301603
2023-09-05,0.2198809372681347,0.21294958682738935,0.22189876755642604,0.2195437220994067,0.027739534839744506,2023-09-05 23:59:59.999,0.031373426060829726,0.03709130991320399,0.026340959827354692,0.029064790994740086
2023-09-06,0.21955147553110407,0.2141207677438471,0.22004411709184638,0.21923144914078802,0.035549275963725625,2023-09-06 23:59:59.999,0.04006940694748096,0.04166157516281644,0.033840030813284655,0.03724808639994123
2023-09-07,0.21923910850684383,0.21791283163157327,0.22241347671697112,0.2240398699235004,0.03610809847599033,2023-09-07 23:59:59.999,0.04110923091464023,0.04137428295201583,0.03589352991947179,0.03990356714305928
2023-09-08,0.2240474821187847,0.21793503054702457,0.2227244874834263,0.22069374133114728,0.03783368465475354,2023-09-08 23:59:59.999,0.043128290893059536,0.042354676654686195,0.037848880833769576,0.04212308464537014
2023-09-09,0.22070138635206696,0.21322801390254115,0.2241817895001477,0.22060739275876406,0.014139166734223578,2023-09-09 23:59:59.999,0.01621199442077733,0.023446210988240533,0.013760305898054577,0.015326389779010578
2023-09-10,0.2206149414977163,0.21406113167437202,0.22197632513463553,0.22002461274267932,0.024340190265042118,2023-09-10 23:59:59.999,0.027633445697059274,0.03203508525739621,0.023194211325611266,0.025673939463973516
2023-09-11,0.22003216719872334,0.21281037328981345,0.21544422102875685,0.21342861139062969,0.05451078474074227,2023-09-11 23:59:59.999,0.060488668353298046,0.0566296767269527,0.05232905776747976,0.05676215116977672
2023-09-12,0.21343642481177114,0.21907789843996184,0.21769270789991732,0.22000994611227448,0.07390921550055317,2023-09-12 23:59:59.999,0.08379452492995117,0.06864680835632066,0.07382678704215181,0.08184569279743194
2023-09-13,0.22001759784124855,0.21755614397313558,0.22386502288826562,0.22371934091465379,0.0412671375342595,2023-09-13 23:59:59.999,0.04720822682486124,0.046823900189180576,0.04064590969031955,0.0454090597720613
2023-09-14,0.2237269562543386,0.22183855932801255,0.22740242890823611,0.22664033148527313,0.05010677728458878,2023-09-14 23:59:59.999,0.05807777902929401,0.052368580730490874,0.05173008218837403,0.05858851077498206
2023-09-15,0.22664791816994104,0.22209732719414177,0.2283509727232436,0.2273908550159876,0.034187985848102155,2023-09-15 23:59:59.999,0.039751048153002455,0.042830453053181054,0.03347625328844657,0.038002837238316996
2023-09-16,0.22739833720894428,0.22105322566232255,0.2305069758407656,0.22699912971517594,0.018058167232294906,2023-09-16 23:59:59.999,0.021181002477035103,0.03444241397460792,0.01722014834429897,0.01965981435689769
2023-09-17,0.22700671288002103,0.21960700394595128,0.23005821501087412,0.22668675962655455,0.016792079740485782,2023-09-17 23:59:59.999,0.019681595396976205,0.03118115794068313,0.016822466942201367,0.019175825431011633
2023-09-18,0.22669424872671098,0.2269980199696176,0.2298470047507187,0.22896931468955306,0.056244054936303856,2023-09-18 23:59:59.999,0.06629527344002029,0.061528491792758586,0.057364328695129384,0.06610799382213906
2023-09-19,0.22897678139776664,0.22769944925995778,0.2326804416079725,0.23331831055958535,0.047289269441039936,2023-09-19 23:59:59.999,0.05614652454107058,0.05885929553558548,0.047488777473170096,0.05508172270954476
2023-09-20,0.23332573460400144,0.22680641322904865,0.2339702387671018,0.23249018015672895,0.044681297686850835,2023-09-20 23:59:59.999,0.05303542998514748,0.05683662172215552,0.045173112052110165,0.05238820749331325
2023-09-21,0.23249780658323213,0.22465208373506157,0.22985041923529395,0.22708081604743052,0.04503582235978275,2023-09-21 23:59:59.999,0.05266679672556242,0.053954370665159325,0.0448938394964752,0.05128798663497692
2023-09-22,0.2270883984109299,0.22073698518034268,0.23073886812177688,0.22719795483066352,0.02363005733647427,2023-09-22 23:59:59.999,0.027676628560424507,0.03711844270146391,0.02249124814493053,0.025679949668576615
2023-09-23,0.22720553604502744,0.21969692836616928,0.2311313387345276,0.22715735448954294,0.012114227578644091,2023-09-23 23:59:59.999,0.01430894300797414,0.027564022211833367,0.011558001386037848,0.013245008708507405
2023-09-24,0.22716503323124745,0.22069145859102735,0.22735667481492763,0.22397556986172573,0.02035373122079872,2023-09-24 23:59:59.999,0.023785078150934353,0.035666280106554996,0.019990621248778196,0.02275096595197303
2023-09-25,0.22398327981684565,0.2179411446550938,0.2260726335012251,0.2245236744668534,0.03423915136259816,2023-09-25 23:59:59.999,0.03935305625036159,0.057243942030173765,0.033620870626972346,0.037726930212276626
2023-09-26,0.22453118478694886,0.21748315092910928,0.22702751850187244,0.22371613562456533,0.024020761276872,2023-09-26 23:59:59.999,0.027727376921944245,0.045697002569271394,0.023371012214059305,0.02629941451624282
2023-09-27,0.22372384812474397,0.22173988703009556,0.22725892299937298,0.225185906825131,0.045423412071601894,2023-09-27 23:59:59.999,0.05255397657217201,0.061593203164274385,0.04472030441185914,0.05054604462201367
2023-09-28,0.22519360490680415,0.22605249667251426,0.22950604407670336,0.2314838161989533,0.05823938397552497,2023-09-28 23:59:59.999,0.06827872737318619,0.07599946549064097,0.059796752554302404,0.06854754391083957
2023-09-29,0.2314913553688713,0.22545434877694326,0.2326547841953069,0.23037235757827706,0.03714858524281222,2023-09-29 23:59:59.999,0.043909470498692545,0.057580441162055934,0.038303770805582386,0.044212688264629596
2023-09-30,0.23037990765164199,0.22404434139298196,0.23481225066336117,0.23091240039318228,0.016537660954387426,2023-09-30 23:59:59.999,0.01972181046113654,0.03500031140294516,0.01645245173631407,0.019078258414035775
2023-10-01,0.23092004229775862,0.23317336318272247,0.235473489990536,0.2409168877993061,0.03205185488569908,2023-10-01 23:59:59.999,0.03857458521916128,0.05790780843541963,0.034051605936956,0.040003939389271236
2023-10-02,0.2409244315595205,0.23801282081430514,0.2386670086354266,0.23607923088578675,0.07474652790674555,2023-10-02 23:59:59.999,0.09161340218045338,0.09604908498777645,0.07570310230665671,0.09077720876748302
2023-10-03,0.2360867249745303,0.22951439872450302,0.2374871578796207,0.235418261217544,0.03774058632793175,2023-10-03 23:59:59.999,0.04542538904000447,0.07885090473724031,0.03604255799859659,0.042369593810835535
2023-10-04,0.23542566466137263,0.2310495101658805,0.23789201819354447,0.2388383057419372,0.038907191173112136,2023-10-04 23:59:59.999,0.0469209844036786,0.07793141199030106,0.04008736231068552,0.04719724011061981
2023-10-05,0.23884577276406252,0.2336895820301661,0.23935536872579918,0.23526217330323596,0.0400451005380994,2023-10-05 23:59:59.999,0.04858118036116711,0.07937779326470906,0.03984262503813037,0.047223781420644186
2023-10-06,0.2352696754073422,0.2353320195839585,0.23763778542774075,0.24031973254282463,0.04964663238501365,2023-10-06 23:59:59.999,0.06023057136072676,0.08701853097171647,0.050798145851575965,0.06022534209775477
2023-10-07,0.24032728216115237,0.23283624067010628,0.2441364275847819,0.24056819108968203,0.017253284172078474,2023-10-07 23:59:59.999,0.021291537100965333,0.04201114796264952,0.01690908189032172,0.02029829044624346
2023-10-08,0.24057564114157323,0.23345207244747745,0.24262839608294232,0.24018336201906076,0.025596375199012318,2023-10-08 23:59:59.999,0.0314276075794728,0.05390930264398182,0.024444672364130764,0.029269285251498023
2023-10-09,0.24019091297518805,0.23244362086886183,0.23845784706601628,0.23700789084141777,0.04116709359536679,2023-10-09 23:59:59.999,0.049760672573040274,0.07583857396897375,0.04008663691453137,0.0473202711620118
2023-10-10,0.23701537581997553,0.23006448032432997,0.23882856253418752,0.23506529078780203,0.029650769463776358,2023-10-10 23:59:59.999,0.035803313727797985,0.06570464179595145,0.0288083122772567,0.03393944161627605
2023-10-11,0.2350727948233324,0.22764131820169975,0.23142069191310546,0.23006698084984867,0.04881321402033485,2023-10-11 23:59:59.999,0.057608151268080984,0.08766098021237945,0.046445121348728864,0.05355148638854176
2023-10-12,0.23007453391896968,0.22265267633322833,0.23158009956441908,0.22894134124878102,0.030507859253061733,2023-10-12 23:59:59.999,0.03584055215251206,0.06989675612734568,0.029549230073069185,0.03387575515652956
2023-10-13,0.22894890536046483,0.22437365665990983,0.23284833669237318,0.22993566108622426,0.031411402213406436,2023-10-13 23:59:59.999,0.03702266041998499,0.0678759218249842,0.02976484331183367,0.03424624953890194
2023-10-14,0.2299432154435966,0.22305282119055797,0.23386292639473646,0.22984319332367215,0.013398359554906782,2023-10-14 23:59:59.999,0.015980067119113754,0.03387880092259364,0.011535731094300693,0.013375832162668867
2023-10-15,0.22985074858815638,0.22590999092290115,0.23405072304637578,0.2327733141145435,0.019785711589282082,2023-10-15 23:59:59.999,0.023573542054663964,0.04472567502829562,0.02067280909641354,0.0239754240813852
2023-10-16,0.2327807435053932,0.25136979536550613,0.23702044661653357,0.2458531316655464,0.10279218201114478,2023-10-16 23:59:59.999,0.12653263993870695,0.15026085580887377,0.10856617867166359,0.13074928660976298
2023-10-17,0.24586043274294087,0.2383293434858882,0.24635330608444564,0.244834529327433,0.050232057586411485,2023-10-17 23:59:59.999,0.06239941232575757,0.0882739972759469,0.05053882628028172,0.06136123338655149
2023-10-18,0.24484193752640085,0.24179754777234824,0.24707083562876123,0.24409721547708313,0.04199253514027566,2023-10-18 23:59:59.999,0.052323547459079335,0.07969563449861104,0.041454899171486356,0.050465710067468715
2023-10-19,0.24410463090912496,0.24118171599497706,0.24665904878898473,0.24792132081262847,0.0469013287391046,2023-10-19 23:59:59.999,0.05857689337507771,0.0872521488774121,0.049026146167409024,0.05982171422661998
2023-10-20,0.24792869873006676,0.25332207710360594,0.25131864955379024,0.25720044135873216,0.07783795079339198,2023-10-20 23:59:59.999,0.10034358053624175,0.1257171136809957,0.07848691684814275,0.09897833071253381
2023-10-21,0.257207825376732,0.25494410294276726,0.25996685608601144,0.2595389433032748,0.03588458528220822,2023-10-21 23:59:59.999,0.04700934297497356,0.07555029630581504,0.0367740098042522,0.04702839893356939
2023-10-22,0.2595462072514412,0.25370256275191305,0.26167634217779145,0.2603418199054342,0.029750314584331437,2023-10-22 23:59:59.999,0.03910124191351513,0.06610059655343951,0.029636252552815982,0.037998875168262586
2023-10-23,0.26034907597735374,0.29597371874162254,0.26405282344217307,0.2902338696204548,0.12266709334648031,2023-10-23 23:59:59.999,0.16837990844322365,0.18643346133702499,0.12751686402254803,0.17140592060516818
2023-10-24,0.2902408324503493,0.3010351655277181,0.2928197584320452,0.2985165334690563,0.15126937117285877,2023-10-24 23:59:59.999,0.22515705871994773,0.18710501427066412,0.15305621253255253,0.22305107276475447
2023-10-25,0.29852341504573665,0.2996510255240496,0.30107998195981467,0.3040851907827513,0.071874493133242,2023-10-25 23:59:59.999,0.10806214969875697,0.10786255646313529,0.06963694633128367,0.10246224313518965
2023-10-26,0.3040920177307138,0.2967471063807772,0.30178190243178615,0.30074013062042765,0.05196283549178523,2023-10-26 23:59:59.999,0.07799326405667197,0.09070313733868474,0.049296196728804906,0.072328097646073
2023-10-27,0.3007469903835442,0.29129962421751177,0.298269373370864,0.2982182472308236,0.04221335062023755,2023-10-27 23:59:59.999,0.06275142566993097,0.07292919012371764,0.03803948970819779,0.055234778215041254
2023-10-28,0.2982250346046522,0.2936354956895539,0.3028452704852246,0.3000538100214851,0.02189680660237575,2023-10-28 23:59:59.999,0.03292188608970781,0.03976530203851989,0.022035469214568275,0.032266136842807144
2023-10-29,0.30006077364648,0.29605085056649566,0.30352816740027677,0.30437502671075073,0.02690075681443847,2023-10-29 23:59:59.999,0.040692952474662224,0.04699471193125274,0.02668068759553181,0.039356228750103035
2023-10-30,0.30438175368636305,0.29704688580257077,0.3048241106316415,0.3038781096170359,0.04395904214719522,2023-10-30 23:59:59.999,0.06635204974122369,0.07328966859631378,0.04051399078748696,0.05976095810424682
2023-10-31,0.30388503572552145,0.29577223536494174,0.3044549560707047,0.3054811431812795,0.042749194601728775,2023-10-31 23:59:59.999,0.0643863594076712,0.07731859201720521,0.04213180725489073,0.061987897650431154
2023-11-01,0.30548805356395137,0.30387587419987494,0.30516116903757085,0.31307340697082603,0.0700154715369553,2023-11-01 23:59:59.999,0.1062377449533246,0.10659191419258998,0.06864553546246265,0.10191025277021605
2023-11-02,0.31308014574408183,0.3076665271395851,0.3071377653798385,0.3084127209221911,0.06283878834733728,2023-11-02 23:59:59.999,0.09649175814073394,0.0951739375969521,0.06203885989115039,0.09314146595478798
2023-11-03,0.30841940828788583,0.2978981577722072,0.3053817447411328,0.3062291413319243,0.05107726513997716,2023-11-03 23:59:59.999,0.07712778131511716,0.08115003078553168,0.05100527853092409,0.07524581826084242
2023-11-04,0.30623594724765896,0.3008000075250561,0.30991988741176113,0.3095829431944892,0.023865864849306726,2023-11-04 23:59:59.999,0.03658776264422338,0.05207353629447314,0.024479588572260406,0.036572208712607815
2023-11-05,0.3095896190802636,0.30197579753836606,0.30858160457166317,0.3090954477110343,0.03195444116353883,2023-11-05 23:59:59.999,0.049150075955276075,0.06808260403289151,0.03152797078350654,0.047323098543020435
2023-11-06,0.30910232263725573,0.30100064433292734,0.31129270532442044,0.3094277294502053,0.029084844622064572,2023-11-06 23:59:59.999,0.04474548241414208,0.06478317814429599,0.028592294896068602,0.04290743024248805
2023-11-07,0.3094345039876817,0.3067542081524577,0.3093138651780034,0.3128567099348452,0.05057433159708857,2023-11-07 23:59:59.999,0.07770430100265573,0.08873295528753004,0.05155612270617724,0.07743235659917089
2023-11-08,0.3128635479629561,0.3088047859356702,0.31494230155186365,0.31504796279532377,0.04362159827440487,2023-11-08 23:59:59.999,0.06782478038599837,0.07426467515942649,0.04573191324834423,0.06945535662975308
2023-11-09,0.3150546821981198,0.32635923677118656,0.3191767502086982,0.3255027448938757,0.10823437554729601,2023-11-09 23:59:59.999,0.17363621681311503,0.1403686222508836,0.11235240028386616,0.17646527651997637
2023-11-10,0.3255094588639534,0.3221617604868712,0.326890168420915,0.3313357900748678,0.05678794552268965,2023-11-10 23:59:59.999,0.09184958021964788,0.08511522828726541,0.056928943532283414,0.08998858284462159
2023-11-11,0.33134234969352383,0.32105426035753426,0.3302287538819031,0.3296687478388574,0.029924450916718692,2023-11-11 23:59:59.999,0.04872484569485044,0.06051643222098099,0.028481226849462773,0.04524664461306402
2023-11-12,0.32967522668220467,0.3193043085649248,0.3308547752396016,0.32902895251119907,0.022958057672011565,2023-11-12 23:59:59.999,0.03748171136168655,0.053131123765195354,0.02255092939164005,0.03586699279165922
2023-11-13,0.32903553476001013,0.3211457838521703,0.32697104292699763,0.3231894967500301,0.042828466269127424,2023-11-13 23:59:59.999,0.0691157146962559,0.0798241374861084,0.04106073941800514,0.06474229051381936
2023-11-14,0.32319613628410093,0.31480601816360415,0.3120156004873542,0.31433376588561196,0.05953573997287753,2023-11-14 23:59:59.999,0.09379993342874805,0.09212501369778779,0.05643955694632712,0.08693403264300362
2023-11-15,0.3143405894237537,0.32643222981521286,0.31747877580777195,0.3367417546340724,0.07014151370245823,2023-11-15 23:59:59.999,0.11235884096617473,0.10138820016718529,0.074951959953044,0.1174255823250393
2023-11-16,0.33674826122003215,0.32595758690263993,0.31884456963787633,0.32028123020976196,0.062148193517914264,2023-11-16 23:59:59.999,0.09983352066405841,0.10119235793521716,0.059131873312194036,0.09286445617767625
2023-11-17,0.3202878982740265,0.315332772089567,0.32236734215252416,0.3246560626605073,0.050041605867964925,2023-11-17 23:59:59.999,0.07960495745233873,0.08850472452139208,0.048962436306048955,0.07612127363327749
2023-11-18,0.3246625906784668,0.31576066559121074,0.32546457233239245,0.3242110129882239,0.02218887374655778,2023-11-18 23:59:59.999,0.03569883477944216,0.05139758167363447,0.021470352919352422,0.033648073902653626
2023-11-19,0.32421773963023554,0.3219171961641027,0.32746877722136847,0.33190137808047804,0.027638220974639,2023-11-19 23:59:59.999,0.04469418569290803,0.05651549564705985,0.028071840528463364,0.04426945556917827
2023-11-20,0.3319078350216466,0.3242687761907226,0.3303269934809685,0.3327650580643156,0.04706859359707549,2023-11-20 23:59:59.999,0.07688498990165815,0.0974216230321502,0.046795114238393734,0.07468452881190496
2023-11-21,0.3327717007908539,0.323322876640815,0.32113715213840877,0.3161837039166702,0.06235352823243972,2023-11-21 23:59:59.999,0.10053461583948271,0.12710640441545729,0.05955184464739328,0.09388765598226277
2023-11-22,0.3161904121778072,0.3253138183545524,0.3201324156629627,0.33237226433347444,0.05894088038017409,2023-11-22 23:59:59.999,0.0948311918928511,0.10815149109453275,0.06135396935440048,0.0964179703508983
2023-11-23,0.3323789109133326,0.32336050192124094,0.3322098378324695,0.33126439952289743,0.031032908092490385,2023-11-23 23:59:59.999,0.050837840452889596,0.06504846191909884,0.029435790224955127,0.047052968786790744
2023-11-24,0.33127086271284734,0.330514572741425,0.33593172357620626,0.33533696340530017,0.05845368565120241,2023-11-24 23:59:59.999,0.09663914599358307,0.09048167334540579,0.05949247136446932,0.09615129532879893
2023-11-25,0.33534348377230966,0.32556684836541677,0.33924465162452877,0.33598870572328826,0.014685562918230059,2023-11-25 23:59:59.999,0.024575085611506658,0.03726947969955003,0.013604102796459098,0.02211999647678929
2023-11-26,0.33599521969668344,0.3248767066592043,0.33494142549267836,0.3327519455139537,0.027662141150932528,2023-11-26 23:59:59.999,0.045598277338361706,0.05557077531975302,0.027082469452705496,0.04352732942648256
2023-11-27,0.3327583941110268,0.3225683957050743,0.33061966358741945,0.33076340296906986,0.039150369728227906,2023-11-27 23:59:59.999,0.06364856930760968,0.08119233954010648,0.038435289702420036,0.0610095135408622
2023-11-28,0.3307699682028629,0.33016653889748526,0.33219432631682766,0.3363597423335289,0.04906965773221561,2023-11-28 23:59:59.999,0.08092966910787874,0.08347609253161135,0.04833582839607467,0.07790280448500007
2023-11-29,0.3363663497960921,0.3308532002652583,0.3390388069829916,0.33670717635311803,0.043086210401229647,2023-11-29 23:59:59.999,0.07166657380835013,0.07418485351841969,0.04145175097566157,0.06736093941273336
2023-11-30,0.33671378040734173,0.32799226800487247,0.3383559100679394,0.3354378814780855,0.032232631876920895,2023-11-30 23:59:59.999,0.05345256498651791,0.06606722256691157,0.030498193017706017,0.04935648967380418
2023-12-01,0.3354444979841351,0.3360172700037155,0.339486202019053,0.3447483750150551,0.05679006821602464,2023-12-01 23:59:59.999,0.0955532210660884,0.09994221307372052,0.05965019112099206,0.09810655195635697
2023-12-02,0.3447547059267466,0.34277232472498276,0.3494930807421216,0.3522063080108941,0.03480552952490285,2023-12-02 23:59:59.999,0.05968990261095505,0.06783440143229588,0.03498741800066393,0.05857711385909981
2023-12-03,0.3522126628890589,0.34778457645692146,0.3556708589057903,0.35727561998080715,0.034823586264818296,2023-12-03 23:59:59.999,0.06063117347597726,0.07551002415278034,0.035432130676709805,0.0602273957496008
2023-12-04,0.357281925128849,0.3681962910879821,0.3624744633137533,0.3768846134420153,0.10394028490914296,2023-12-04 23:59:59.999,0.1880838900105314,0.13862463436432676,0.1028487731362185,0.1820957081668462
2023-12-05,0.37689072622516395,0.38764856106818174,0.3765396032895729,0.3971092168602144,0.08844792918521627,2023-12-05 23:59:59.999,0.16543592859197287,0.13602836158165368,0.09276172911886156,0.16981189572220787
2023-12-06,0.3971199876918068,0.3858539292550665,0.3952829773603087,0.3940920675869411,0.06733008322673512,2023-12-06 23:59:59.999,0.12917768612082245,0.12312432282998793,0.0668138234950279,0.12534981244662338
2023-12-07,0.39409801156437896,0.3835034779868594,0.39026680684914383,0.3893370683057031,0.06163913528165567,2023-12-07 23:59:59.999,0.11715124920937778,0.09280372758522916,0.06025705513642283,0.11195637653877473
2023-12-08,0.3893431560588956,0.3896427009307554,0.392803281105052,0.3980578855963976,0.056112483611350156,2023-12-08 23:59:59.999,0.10733901455903325,0.08600469758569429,0.055408098322724766,0.10361447926132697
2023-12-09,0.39806388779807567,0.3864259275807415,0.3977143830480011,0.39361525640378103,0.0324767925126911,2023-12-09 23:59:59.999,0.06272838917939876,0.06472444518375271,0.030801229115825165,0.05806392390545185
2023-12-10,0.393621107929703,0.38351918654143724,0.3975045385816758,0.39435257025413095,0.024627310542007966,2023-12-10 23:59:59.999,0.047497231974792956,0.05443073833506905,0.023446121725885907,0.044074344360428536
2023-12-11,0.39435841454697895,0.38121934127540297,0.3649108443932553,0.3697193331442536,0.10051029073926139,2023-12-11 23:59:59.999,0.1834919009588242,0.1369771551120407,0.09725424974131108,0.17366324852845028
2023-12-12,0.36972561334809567,0.3652250226927473,0.36937894135173976,0.37204064307832174,0.05587884371101338,2023-12-12 23:59:59.999,0.10152026997637445,0.10013890936439901,0.056945870305414925,0.10111906199095697
2023-12-13,0.37204670625193464,0.37812184006433924,0.36815948257486086,0.38541194776736976,0.06001216917276963,2023-12-13 23:59:59.999,0.10986540039678674,0.113163173303754,0.05950795361665211,0.10650941827770515
2023-12-14,0.38541797689707846,0.3776026111944616,0.37640302390656244,0.38690027079844747,0.05499040078150959,2023-12-14 23:59:59.999,0.1029391244101582,0.1049429896101787,0.05477059412562217,0.10019894750392615
2023-12-15,0.3869062853276566,0.3744120814775448,0.37899803218376094,0.37639119302839696,0.043648491688866906,2023-12-15 23:59:59.999,0.08107503322658534,0.08681671032877582,0.04340567127274825,0.07872239695681758
2023-12-16,0.3763972135229668,0.3710598571179976,0.3784029363006439,0.37967156460893514,0.03141546871241193,2023-12-16 23:59:59.999,0.058375660960146146,0.0774390142953661,0.032390411302591876,0.05870755508679089
2023-12-17,0.37967755292294814,0.3682345748108154,0.37495918471473777,0.37089703442675814,0.036153621007775937,2023-12-17 23:59:59.999,0.06647754756547775,0.08051020941782366,0.035198803328976264,0.06319312857837983
2023-12-18,0.37090310881921085,0.3713738400831519,0.36804173163536535,0.3833602707207435,0.06115368230102924,2023-12-18 23:59:59.999,0.11079872662884638,0.11427923094772399,0.06191195215155209,0.10969600634256463
2023-12-19,0.38336631997747384,0.3783268978426605,0.3804135799319619,0.37965175008838825,0.05351870305082671,2023-12-19 23:59:59.999,0.1000240177282283,0.10557709535420969,0.05366007252511113,0.09800471111365666
2023-12-20,0.3796578357258322,0.38572026544635346,0.3842660940998779,0.39318137668180597,0.06375231649784108,2023-12-20 23:59:59.999,0.1210946023711581,0.12695484184278016,0.06366349780977747,0.11822530497820968
2023-12-21,0.39318723246410275,0.38533789853402506,0.39480924201466683,0.39505472304351036,0.04522973640400392,2023-12-21 23:59:59.999,0.08666534129854198,0.09844990971942465,0.045374501660530524,0.08493313184191627
2023-12-22,0.3950605604482156,0.3868044379018263,0.39603670044112216,0.3960963451922591,0.04280876003872134,2023-12-22 23:59:59.999,0.08217301750917547,0.09210405641097201,0.04268002482463006,0.08003003942339108
2023-12-23,0.39610226950766547,0.38295179731261436,0.3948519718502086,0.3935041396807143,0.02147207050672349,2023-12-23 23:59:59.999,0.041339461138352296,0.05567838671725848,0.020573036328838785,0.038572140914410254
2023-12-24,0.39350999229669503,0.38255033557046986,0.38713426114309724,0.38660149891020135,0.03276393440766052,2023-12-24 23:59:59.999,0.06255509470955793,0.07460038592942217,0.03145040396618827,0.05859969456778451
2023-12-25,0.3866075163703729,0.38119883549757083,0.38928470352859657,0.39228001025692827,0.03523199633635475,2023-12-25 23:59:59.999,0.06705528195275731,0.07662056326354491,0.03638736009727667,0.06758669120283997
2023-12-26,0.3922858748816604,0.3792268945504485,0.378720971149654,0.38191429637083457,0.05362676463911288,2023-12-26 23:59:59.999,0.09993832132748172,0.0968149785604985,0.05614861974192487,0.1022380818176689
2023-12-27,0.3819203598126225,0.38002003546182683,0.3832192131291029,0.3908494795774456,0.0472901760953754,2023-12-27 23:59:59.999,0.08893013316880068,0.09444687084713953,0.05050884299016808,0.09278556635935717
2023-12-28,0.390855552493832,0.3810600922760003,0.38461524953687387,0.38244686017553337,0.04592171109060676,2023-12-28 23:59:59.999,0.08631484534027581,0.09129710232332877,0.046345691477746885,0.08508859322957137
2023-12-29,0.3824529183928522,0.3746960582815594,0.3754274568850593,0.3776213445123491,0.05571380444228859,2023-12-29 23:59:59.999,0.1031879550344067,0.10307726550898352,0.056413284299589764,0.10213075652915918
2023-12-30,0.37762735293909105,0.37000531457086017,0.37757663103343087,0.3783335988220073,0.029821365427292214,2023-12-30 23:59:59.999,0.055192381707802836,0.06138658665319094,0.03114732474246449,0.056228461394140034
2023-12-31,0.3783397945196099,0.37270191841898576,0.3819231723410359,0.37972547176042304,0.030714670053812034,2023-12-31 23:59:59.999,0.05729056996822064,0.06663832505684747,0.03186640195476122,0.0579754357573987
2024-01-01,0.37973155667465486,0.3847899803878226,0.38401995854035265,0.3981410288786924,0.03543326351305336,2024-01-01 23:59:59.999,0.06693745867677416,0.07308574565500917,0.03809661915203568,0.07025655422343322
2024-01-02,0.3981469331356822,0.40073867831796184,0.4032149225853423,0.4055943967644054,0.08536520736090795,2024-01-02 23:59:59.999,0.1685351848882471,0.14751426869317721,0.09009663170786335,0.1739275167437667
2024-01-03,0.40560022790360256,0.39716775701593904,0.37006183826679195,0.3851807783609895,0.106467935970476,2024-01-03 23:59:59.999,0.20075931067288513,0.1744834061648323,0.10420544853595168,0.19210909573263568
2024-01-04,0.38518680975847797,0.3899209398795051,0.38824416374346127,0.39786469402106556,0.06286835664784934,2024-01-04 23:59:59.999,0.11990826935999138,0.11942309516657956,0.06284625631354955,0.11724408264802662
2024-01-05,0.3978706009889097,0.3864206600414819,0.3866464776323456,0.39780651314945975,0.06291726005655673,2024-01-05 23:59:59.999,0.12024372827153638,0.13551231303012412,0.06393817652780019,0.1194731896630118
2024-01-06,0.3978125178171101,0.38507518001345103,0.39588558510949123,0.3960893518320661,0.02315250490772201,2024-01-06 23:59:59.999,0.044675922412291104,0.06270689572258492,0.023997639231665337,0.045095068840776936
2024-01-07,0.39609527621607754,0.3875788602361927,0.3975932176239303,0.39570763092153055,0.02997557466796694,2024-01-07 23:59:59.999,0.058041578174370216,0.07273334789174951,0.030842635380525684,0.05824778927832728
2024-01-08,0.39571346192118734,0.4136193168189707,0.3937193385382435,0.4250605119916701,0.09544857176458595,2024-01-08 23:59:59.999,0.18883028607117314,0.1551963297024013,0.10320420244067077,0.19981054252013572
2024-01-09,0.4250661521676144,0.42042018031915646,0.40907154408553215,0.41689149024620514,0.09165239021924583,2024-01-09 23:59:59.999,0.1861201861157749,0.17315002342748742,0.09278747147544443,0.18442279387064606
2024-01-10,0.41689721056053075,0.41782337752736065,0.4046979795714314,0.4221752652620373,0.11793029101917075,2024-01-10 23:59:59.999,0.23607156972221752,0.2057253336675988,0.1250391793342674,0.24510075407091353
2024-01-11,0.4221810308714001,0.42980279649896774,0.41743595817119805,0.4191173213876381,0.11472035618566302,2024-01-11 23:59:59.999,0.2350025405922527,0.19684726197975017,0.11747451571808354,0.23569025530075638
2024-01-12,0.4191230198664845,0.4067201572736722,0.3773785909280657,0.3845737158442346,0.11321815145446679,2024-01-12 23:59:59.999,0.2191040846159935,0.18441354679019775,0.11115355197430782,0.2106862491659965
2024-01-13,0.3845798503260768,0.3760693810171054,0.38651106892976106,0.38520758624172935,0.047194529947447855,2024-01-13 23:59:59.999,0.08854578525541201,0.09408376450158842,0.04721375209573886,0.08654587794915429
2024-01-14,0.38521361737623155,0.37439505603815204,0.37952483837537254,0.3743713746226499,0.036819379801823954,2024-01-14 23:59:59.999,0.06878219601546233,0.08104189381343521,0.03638487591834202,0.06637544121861061
2024-01-15,0.3743775120607569,0.3774185295099778,0.37950581481845336,0.38193537358141627,0.05265349451773708,2024-01-15 23:59:59.999,0.09837223190983084,0.10875833265665606,0.05302253102009067,0.09674265709071204
2024-01-16,0.38194143681643605,0.37908890383448646,0.38274420954633304,0.38802396779946147,0.05893356776172887,2024-01-16 23:59:59.999,0.11056647287494695,0.11263240866367669,0.06407025512346579,0.11740918143815347
2024-01-17,0.388029874176115,0.37551440813082315,0.38421429149103614,0.3845093186524572,0.04344391052745097,2024-01-17 23:59:59.999,0.08124621027971869,0.09434188732258902,0.044278507757900244,0.08086494703384016
2024-01-18,0.38451525950793836,0.3729935143422866,0.36941093995004504,0.3704390664641182,0.05743683729024807,2024-01-18 23:59:59.999,0.1052687825047284,0.09617581416102923,0.05611920311585129,0.1005332371792239
2024-01-19,0.37044533960735193,0.36609736481942223,0.3654766732657272,0.3736592174429944,0.06326900275279325,2024-01-19 23:59:59.999,0.11411080118305793,0.10769516095590456,0.06482533623782384,0.11432997815324443
2024-01-20,0.3736653618673875,0.3630468952088909,0.37695226813966876,0.374018695582916,0.020639521780151417,2024-01-20 23:59:59.999,0.037893819660665115,0.052897177375380355,0.020018116223528528,0.03578158143945155
2024-01-21,0.3740249336098662,0.3631299530154311,0.37738815148487637,0.3728948043218966,0.01512478495666588,2024-01-21 23:59:59.999,0.027952616949002248,0.043075042328463625,0.014732011594641695,0.026448023911573505
2024-01-22,0.37290085911615867,0.36132638519821475,0.3571997675418901,0.3533492367524389,0.07258348714543249,2024-01-22 23:59:59.999,0.1286321540438256,0.1409260598014537,0.07133858256181103,0.12368507471296478
2024-01-23,0.35335558041843385,0.34709546944592073,0.34864814214479767,0.35655044738079233,0.07591091657782006,2024-01-23 23:59:59.999,0.1302583165189988,0.13413793547468192,0.08234904024503722,0.13823096778374575
2024-01-24,0.35655666251375223,0.3506535040893977,0.35771301335190286,0.3583694980709981,0.051370005216843005,2024-01-24 23:59:59.999,0.08982463839547232,0.10994113827368195,0.05501948389219464,0.09399774656841797
2024-01-25,0.35837588961710853,0.3482571499790709,0.3583550340087541,0.3571671257678126,0.04049300655749462,2024-01-25 23:59:59.999,0.07087792574022847,0.08468846171938049,0.04170870181441078,0.07128313432027057
2024-01-26,0.3571734319801864,0.3665673045719419,0.3610136492557545,0.375256811727088,0.062009558996833795,2024-01-26 23:59:59.999,0.11169755033965553,0.10660676167478549,0.06569867058886693,0.1156536244051405
2024-01-27,0.37526294047902686,0.36612690066455655,0.3763478068131454,0.37814273836673956,0.021034565469015703,2024-01-27 23:59:59.999,0.03878997169673634,0.049206592597439563,0.019826728899912736,0.03559982576558547
2024-01-28,0.37814883880763983,0.3721721544705888,0.37855717344674356,0.3772727449327277,0.03559197877935707,2024-01-28 23:59:59.999,0.06604250358562935,0.0676900655102449,0.034465785898415355,0.06243730353062821
2024-01-29,0.37727875677924344,0.3767842613451979,0.3803528996632244,0.38962418459362747,0.04117760762448525,2024-01-29 23:59:59.999,0.07687008168381905,0.07855388939650636,0.042540356362728925,0.07756017459259777
2024-01-30,0.3896302695301994,0.3819517173588935,0.3889292069059609,0.38611196369669015,0.049167989128107284,2024-01-30 23:59:59.999,0.09346326436248775,0.08635565001882872,0.05140142361004331,0.09547655801726733
2024-01-31,0.38611798595921876,0.38066069992427914,0.3849571857779107,0.38260459929988694,0.0521291446472739,2024-01-31 23:59:59.999,0.09795324450082406,0.09837481824973676,0.0539970948287635,0.09913485675206454
2024-02-01,0.38261065596977967,0.37633398080170066,0.38112749987829797,0.3874896556547145,0.04602759432314365,2024-02-01 23:59:59.999,0.08566853928499946,0.09132620601630491,0.04824584388647952,0.08770750236873386
2024-02-02,0.3874957615310879,0.3782422409617022,0.3875907289524585,0.3886266594660958,0.038717839264021885,2024-02-02 23:59:59.999,0.07311712660606852,0.0712277737790311,0.04160281433780794,0.076686971097236
2024-02-03,0.3886325599303235,0.37722645245340347,0.39084141582480914,0.386791776585453,0.015523543720481434,2024-02-03 23:59:59.999,0.029648861826713387,0.03993112082197764,0.015039509084595991,0.027908140721384655
2024-02-04,0.3867978893080439,0.3747716850952155,0.38442218482331847,0.382632572740659,0.02214239264566904,2024-02-04 23:59:59.999,0.041800728918412265,0.061037736518420475,0.022339214163126928,0.04106336835410319
2024-02-05,0.3826386291361313,0.37901130169360797,0.384774364518081,0.38385466243438865,0.03844908023312017,2024-02-05 23:59:59.999,0.07224112406703714,0.08640735341921749,0.03983748938173666,0.0730714904943096
2024-02-06,0.38386070684111945,0.3774142966659299,0.3878561807390095,0.3876451607890064,0.03214789937558639,2024-02-06 23:59:59.999,0.0606992517591468,0.07348892706312335,0.03403824956892581,0.06268732702655129
2024-02-07,0.3876512651398692,0.38678788277843884,0.3899438941650263,0.39979272457427917,0.04492506629248714,2024-02-07 23:59:59.999,0.0856051100947709,0.09044192676696207,0.04723451200390834,0.08794496823441665
2024-02-08,0.399798612628078,0.3982428994041097,0.4049978688738415,0.4089137174760186,0.059451500964277586,2024-02-08 23:59:59.999,0.11692027991887376,0.12229444055081269,0.060512839208736326,0.1163205776064672
2024-02-09,0.40891961318161646,0.4225648213034338,0.4138854795531396,0.42682565553038804,0.09635445699090765,2024-02-09 23:59:59.999,0.1976637862697072,0.15253035258959802,0.09955389458735614,0.19976136238839312
2024-02-10,0.42683137551926403,0.42228263170023944,0.42908364306773283,0.43283139785614655,0.03231424890046127,2024-02-10 23:59:59.999,0.067285808480732,0.08680311108623393,0.033850688068209574,0.06878165001604487
2024-02-11,0.43283686467038623,0.4262583069564441,0.4364702463277462,0.438162863703295,0.039094792273757104,2024-02-11 23:59:59.999,0.08258759903488423,0.09231172407123744,0.041858503912741485,0.08631586735376272
2024-02-12,0.43816847247377294,0.44264562159314846,0.4379614005201138,0.4538715047768535,0.07729601196820719,2024-02-12 23:59:59.999,0.1658948911677183,0.12727058077831818,0.08203803903988628,0.17218843113886104
2024-02-13,0.45387695944502787,0.44296346114954643,0.4437264162769845,0.4517571788784981,0.0727483414513604,2024-02-13 23:59:59.999,0.15712298295903027,0.11429000522683931,0.07566623036836898,0.15978985645939583
2024-02-14,0.4517626542882815,0.4587199879599103,0.45274124089588663,0.4721115479802787,0.07471395835933774,2024-02-14 23:59:59.999,0.16711930657015853,0.12201470347475758,0.07901466918355318,0.1728317973518012
2024-02-15,0.47211672658395865,0.4659902268334094,0.4731207384183853,0.47293550179301985,0.0704661739055994,2024-02-15 23:59:59.999,0.16043260723123887,0.1172304636697878,0.0711636428794545,0.15844506932629415
2024-02-16,0.47294076944273467,0.46369000531457094,0.4755791673125732,0.47530654228846053,0.04936918872882032,2024-02-16 23:59:59.999,0.11245928613292247,0.10390333737237407,0.048713009043930146,0.10843607448181616
2024-02-17,0.4753115924200878,0.4598403747477931,0.4663990816402286,0.47063002404938864,0.03346043289820183,2024-02-17 23:59:59.999,0.07552140489986227,0.09365870605112422,0.03362336278521132,0.07402194434480604
2024-02-18,0.47063521718686874,0.46185502038819887,0.4716503638035757,0.4754382505720957,0.02861886457098099,2024-02-18 23:59:59.999,0.06517466016414286,0.09021941162450114,0.02995616789516698,0.06651042667644816
2024-02-19,0.4754434936697598,0.46290636478650005,0.47666204670644174,0.4719130142547992,0.038537492173889125,2024-02-19 23:59:59.999,0.08810087323794448,0.10122809700740457,0.04059083290250362,0.09057526267327923
2024-02-20,0.47191829193515156,0.4675740630129384,0.4677197067172374,0.47661498055457346,0.06494127839564151,2024-02-20 23:59:59.999,0.14738024572435346,0.12940691009705,0.06655129557623013,0.14767042705390684
2024-02-21,0.4766201149794266,0.4617590759231128,0.4663990816402286,0.4726381868548139,0.05634789489931444,2024-02-21 23:59:59.999,0.12650359447671075,0.1197460607527437,0.059200414335425,0.12986182528792012
2024-02-22,0.4726432631630988,0.4589275854446603,0.4694797271807313,0.46718948509442976,0.04613068629534127,2024-02-22 23:59:59.999,0.10421080691004996,0.11076688165295312,0.047433567412291336,0.10466668362179968
2024-02-23,0.46719471198371415,0.45406226043278486,0.46538449193786535,0.46190299043852256,0.03986665897504324,2024-02-23 23:59:59.999,0.08921990019678502,0.09755229401483541,0.038841382492172116,0.08488242123171236
2024-02-24,0.4619082691884994,0.4554681290358993,0.46600885483162735,0.46990718256943825,0.021476399104297696,2024-02-24 23:59:59.999,0.04848829385783688,0.05603032460275102,0.022432696276678956,0.04929579490907042
2024-02-25,0.46991228566896803,0.45791894573964254,0.47278709449703127,0.47146738180249975,0.02431831249039883,2024-02-25 23:59:59.999,0.05531121383916848,0.06056189442310174,0.02532024492337961,0.056093965839470676
2024-02-26,0.4714725667254718,0.4856812292179115,0.4690959391144719,0.49815501559907843,0.06710077600036007,2024-02-26 23:59:59.999,0.1551405250800804,0.11869813071513097,0.0724345911420914,0.16372764922681773
2024-02-27,0.4981600358445045,0.5108727654110797,0.5037157884498522,0.5230287465955934,0.08805901443705481,2024-02-27 23:59:59.999,0.21729842578238245,0.1584694111646234,0.0931739061415028,0.22487521644693853
2024-02-28,0.5230335228288718,0.5711846789858106,0.5255852694842927,0.5754280519218142,0.15586970029290734,2024-02-28 23:59:59.999,0.41007038023357584,0.2557517569301609,0.16548503193597047,0.426039508590441
2024-02-29,0.5754323141161242,0.5681403234833484,0.5614163828335713,0.5627902730130117,0.10282617590095505,2024-02-29 23:59:59.999,0.2789248267591697,0.20807839680829066,0.10516370611585223,0.2791854404322087
2024-03-01,0.5627946591843627,0.5628528428250942,0.5654386456632289,0.5749987373099652,0.06247369841430037,2024-03-01 23:59:59.999,0.16923406979706365,0.12779944021050316,0.0644202392866005,0.17060396703096722
2024-03-02,0.5750029065868162,0.5564467625797773,0.5730882617922395,0.5711075151425674,0.03327729838742387,2024-03-02 23:59:59.999,0.09056111386111264,0.10772012574897664,0.03371906447969682,0.08952308671274628
2024-03-03,0.5711117225924404,0.5639594963856215,0.570735974589991,0.5820510554146092,0.03782729961171656,2024-03-03 23:59:59.999,0.10327098070796645,0.13072735056009172,0.03962697553222684,0.105608146042974
2024-03-04,0.5820551555079796,0.6135037131448621,0.580296531400722,0.63189564741032,0.11125520383079403,2024-03-04 23:59:59.999,0.31881554666856393,0.2552781485268538,0.12079144607518978,0.33860026847588953
2024-03-05,0.6318992585265465,0.6182162795182082,0.5481515980421929,0.587976374098148,0.1741914993652829,2024-03-05 23:59:59.999,0.4966436792537298,0.34875507146631896,0.17596008625177978,0.4915897107906076
2024-03-06,0.5879804160639405,0.6054340311255133,0.5849708632275522,0.6108022161181411,0.10323878374432519,2024-03-06 23:59:59.999,0.29756454437981067,0.21685391575407212,0.1075154837066579,0.30324913337766624
2024-03-07,0.6108060341616466,0.6086218330095992,0.6120122152697896,0.6180785160089671,0.06947187243857737,2024-03-07 23:59:59.999,0.2031060069006411,0.15938535628307346,0.07440093593654729,0.21262322944237635
2024-03-08,0.6180823598007726,0.627528536423623,0.6171989148963133,0.630715323617743,0.09735179364666895,2024-03-08 23:59:59.999,0.28878392016231036,0.19326520835484906,0.10048939567435727,0.29180342710922996
2024-03-09,0.6307190434420359,0.6138997192213449,0.634548789033534,0.6325518577084314,0.025832185302323302,2024-03-09 23:59:59.999,0.07758592690073214,0.08824318546555004,0.02655160711004716,0.0776985602524019
2024-03-10,0.6325555595162623,0.6265654233079206,0.6368282013792761,0.6387935288107015,0.050200791733484816,2024-03-10 23:59:59.999,0.1522148145528216,0.14041809195926064,0.05105849795552418,0.1512472455728398
2024-03-11,0.6387970722584767,0.6539602959228306,0.6263916829399375,0.6691196525077026,0.09870738038855822,2024-03-11 23:59:59.999,0.30643756429152047,0.1998011882715928,0.1050910815008308,0.31912815268609374
2024-03-12,0.6691228984551721,0.6558415599441264,0.6419603668092978,0.6630384401698609,0.09014791461276793,2024-03-12 23:59:59.999,0.2810694901347493,0.20009524725525243,0.091964878969672,0.28062978687106244
2024-03-13,0.6630416486451809,0.6619580195933648,0.6684225247108686,0.678777385804256,0.06894565649915395,2024-03-13 23:59:59.999,0.21923468028029977,0.1641792535211527,0.071335760148439,0.22179109585046214
2024-03-14,0.6787804398799834,0.663150270666861,0.6413182485957444,0.6624258412429533,0.0940587246160396,2024-03-14 23:59:59.999,0.2938109969844738,0.19661193595663382,0.0950592889273199,0.2905331842112197
2024-03-15,0.6624291528569393,0.6503831664495375,0.6124902431103261,0.6440771095665283,0.13558055385974752,2024-03-15 23:59:59.999,0.40449890506724073,0.25636819022856977,0.13286869359403264,0.38812278815998846
2024-03-16,0.6440805040531467,0.6280270713892664,0.6044905935340003,0.6032900845808064,0.07324196081692666,2024-03-16 23:59:59.999,0.21687442367834264,0.17914643532975472,0.07254497622429515,0.2102184077717584
2024-03-17,0.6032940734476276,0.6173170353160288,0.6020809429908874,0.6333309374599339,0.06510925542481363,2024-03-17 23:59:59.999,0.19021548004223443,0.16076032510993052,0.06744274593698842,0.19261166616225164
2024-03-18,0.6333344373668665,0.6178024014335232,0.6219064160018746,0.6257208988798969,0.0729317970631292,2024-03-18 23:59:59.999,0.2157139845800789,0.16176936262780992,0.07598614661806563,0.21978104016492836
2024-03-19,0.6257246676996665,0.6099773778001439,0.5730285570905235,0.5706230306891957,0.13251838391901377,2024-03-19 23:59:59.999,0.37126121459424494,0.23596190267462286,0.12849373761298577,0.3523602090035636
2024-03-20,0.5706273400209274,0.6097505914223766,0.5654191343227989,0.6279599397016944,0.1185998362118022,2024-03-20 23:59:59.999,0.3303185658976964,0.2330686802480397,0.12133787206427232,0.3309526751345488
2024-03-21,0.6279635894273474,0.6110718972077339,0.6020420178667295,0.6052389009545937,0.06986319659476338,2024-03-21 23:59:59.999,0.2032855215930827,0.15676819191040847,0.07097019492051242,0.20203303410952475
2024-03-22,0.6052428707034601,0.5961078528663408,0.5799063045921207,0.5886818293076186,0.06739750574290125,2024-03-22 23:59:59.999,0.18950078576632204,0.16363291873381725,0.06544280995259323,0.17995870990426285
2024-03-23,0.5886858643528714,0.5899879128786631,0.587125500551244,0.590560032169457,0.03442838804141761,2024-03-23 23:59:59.999,0.09763754932878624,0.11506227139147714,0.03387286228805522,0.0937707159934241
2024-03-24,0.5905641459185256,0.6053172986929919,0.5946597071016108,0.6218356987726654,0.040984358031431904,2024-03-24 23:59:59.999,0.11785938386491758,0.12341943296282953,0.04438912621474045,0.1247290316083845
2024-03-25,0.6218395057063802,0.6384398677471393,0.6201490295693387,0.6477696037484411,0.06996006318681892,2024-03-25 23:59:59.999,0.21065717206619633,0.17278704847558407,0.07408049526775619,0.2180605311286451
2024-03-26,0.6477729620115659,0.6423068059429131,0.6483911095016422,0.6488185106473909,0.0508973488188095,2024-03-26 23:59:59.999,0.156751481446128,0.14286786082469488,0.051885937456348986,0.1561381609485568
2024-03-27,0.6488218586207034,0.6442674593059076,0.6394078932542367,0.6437870793785235,0.06429021838440481,2024-03-27 23:59:59.999,0.19614155635041022,0.16103690873843968,0.06630600290139553,0.19776284698591426
2024-03-28,0.6437905738393978,0.6422217728091505,0.6447192703461085,0.6565170346598703,0.046301088038715646,2024-03-28 23:59:59.999,0.14312564250493515,0.11810607093837928,0.04790539122919434,0.14465597824433696
2024-03-29,0.6565204042394499,0.6362402938534402,0.6457473228733687,0.6474833616305408,0.033159407866117485,2024-03-29 23:59:59.999,0.10184362582416125,0.09988899864638265,0.031444604319591056,0.09424285208968253
2024-03-30,0.6474867227017105,0.6306429690108785,0.6509275837575504,0.6448767808785991,0.01764221516004187,2024-03-30 23:59:59.999,0.054601470304210975,0.07281408928829054,0.016993258960821798,0.05113973728213829
2024-03-31,0.6448801675204148,0.6404716328901389,0.651151866615794,0.6613678041237514,0.02520553526506664,2024-03-31 23:59:59.999,0.07824782866622712,0.07750733899219496,0.02691691481993723,0.08139076350129647
2024-04-01,0.6613710289880678,0.639740103375458,0.6365170930561187,0.6455335739567267,0.05419913885188684,2024-04-01 23:59:59.999,0.1646503891164946,0.12425141754036874,0.053786809443549,0.1596835720270775
2024-04-02,0.6455371484134794,0.6245583027235999,0.602246789384543,0.6048768003045997,0.09411421501202234,2024-04-02 23:59:59.999,0.2719287290717346,0.17477043558833744,0.09464144474121983,0.26731661628474873
2024-04-03,0.6048806764766359,0.5984971522365878,0.6016913990792012,0.6097264042084488,0.05215029044736234,2024-04-03 23:59:59.999,0.15056855006842781,0.1425583630874249,0.05487412237012258,0.15484659727812242
2024-04-04,0.6097301356766558,0.6211313921824074,0.6072662768235809,0.6342469705152164,0.05428482733184594,2024-04-04 23:59:59.999,0.16001138936928475,0.13131428598458125,0.055927535342372214,0.16114651406736846
2024-04-05,0.6342506556939331,0.6159274396466986,0.6159297022013376,0.6277667481263622,0.04955719901987575,2024-04-05 23:59:59.999,0.1462684902206285,0.12481259980989969,0.05026106253370289,0.14492554378337918
2024-04-06,0.6277704968762812,0.6247254530318921,0.6305170632037679,0.6382119143546489,0.026175905983486816,2024-04-06 23:59:59.999,0.07856895525683498,0.07681975603353061,0.026466936069904915,0.07748004125909357
2024-04-07,0.6382154635080818,0.630691787812231,0.6439425238835879,0.642722534549142,0.028017453684377414,2024-04-07 23:59:59.999,0.08561654373187207,0.08323097768173779,0.02960539089874759,0.08819377094089027
2024-04-08,0.6427259423241874,0.6539413892194166,0.6460813570215314,0.6646701270848956,0.05982528456955652,2024-04-08 23:59:59.999,0.1872316652110505,0.13368462738995193,0.06739367060011513,0.2061743588939388
2024-04-09,0.664673416682361,0.6441606975726991,0.6379525423715584,0.6406401644216686,0.051370102274315196,2024-04-09 23:59:59.999,0.15735099352397824,0.11838593940808213,0.0502785503666808,0.15046369986481184
2024-04-10,0.6406436897538856,0.6386475592950904,0.6312016185827566,0.6550647468597871,0.05493644345438955,2024-04-10 23:59:59.999,0.16608637334565773,0.1215402410127402,0.053942119930525834,0.15947557923651784
2024-04-11,0.6550681306863595,0.6399062189885384,0.6511930355441015,0.648995578642278,0.041670079789402736,2024-04-11 23:59:59.999,0.12863336341296566,0.10884925706089754,0.042304459759063474,0.12751025530228494
2024-04-12,0.6489989248785474,0.6391684813025873,0.6074842184961848,0.6209278246376081,0.07343382576633226,2024-04-12 23:59:59.999,0.22002412279963227,0.16387836206781017,0.06906414668654451,0.20237168962538302
2024-04-13,0.6209315433485493,0.6081421106841687,0.5643027929800928,0.5899238306518978,0.09358217051300358,2024-04-13 23:59:59.999,0.2641665019451514,0.21937398022105145,0.08850750929916247,0.2441580334237221
2024-04-14,0.5899279506421249,0.5884923079817329,0.5786770901450268,0.6067985174076391,0.08070073066813774,2024-04-14 23:59:59.999,0.22589742305710395,0.1744776248443314,0.07919554597537169,0.21683471598033854
2024-04-15,0.606802471856615,0.5981532571734949,0.5800467862432171,0.5850234277566466,0.0685903783428056,2024-04-15 23:59:59.999,0.19451616610468225,0.1666659440016041,0.0671181983549552,0.1860646750643612
2024-04-16,0.5850274986909432,0.5746179858246756,0.5734675622501999,0.5886502620567473,0.06996551824806406,2024-04-16 23:59:59.999,0.19206923370056564,0.17095634078151367,0.06934542853241708,0.18619106320856246
2024-04-17,0.5886543945407258,0.5758784327189439,0.5547187250041437,0.5642121591222556,0.06625107682001817,2024-04-17 23:59:59.999,0.17908774738297523,0.16136283068167814,0.06482332542644795,0.171468083212605
2024-04-18,0.5642165313448556,0.5722860650070782,0.5656957075733949,0.5855099519400747,0.05703458038104618,2024-04-18 23:59:59.999,0.15607605347564735,0.14061472255311525,0.05554561039764775,0.1485466870517062
2024-04-19,0.5855141152306023,0.5848238431402059,0.553956319376839,0.5888893961233475,0.09145072283333898,2024-04-19 23:59:59.999,0.2530251984321853,0.18566783055159844,0.09309716420811966,0.25212321729997833
2024-04-20,0.5888934291323626,0.584532247216905,0.5880041937675119,0.5997930159642872,0.030124926866597214,2024-04-20 23:59:59.999,0.08508610299046389,0.09030416052729848,0.03137188723804272,0.08639164364903787
2024-04-21,0.599796844879371,0.587133659105553,0.5991981424423456,0.5997984552444374,0.02510043966949889,2024-04-21 23:59:59.999,0.07177022064565632,0.09118719153698772,0.0258287346310497,0.07195353989797056
2024-04-22,0.5998023812352115,0.6015891977819897,0.6017590058737914,0.6180411209579351,0.04098726878252443,2024-04-22 23:59:59.999,0.11856811342236764,0.11920281371613034,0.0437924098195368,0.1236564325488192
2024-04-23,0.6180448679875375,0.601125089947936,0.6141078307886805,0.6141042476892773,0.029418094799408767,2024-04-23 23:59:59.999,0.08595589804978046,0.09406221594335779,0.02881618710339711,0.08210270434421389
2024-04-24,0.6141080333397406,0.6000661264303485,0.593038022041766,0.5934698527897679,0.04387716804824753,2024-04-24 23:59:59.999,0.12566969889023566,0.11712061858027062,0.044949154676015256,0.12570214231542592
2024-04-25,0.5934737437352977,0.5833935181048147,0.5851158324869475,0.5954974415957294,0.04091293344948257,2024-04-25 23:59:59.999,0.11490428157038422,0.09021297333576149,0.039369298950397195,0.10798404824945305
2024-04-26,0.595501312650544,0.5788979555363248,0.5900276173268116,0.5884231721104797,0.03531609292123416,2024-04-26 23:59:59.999,0.09938277437104065,0.06723465512715095,0.03606444424294744,0.09903057720353489
2024-04-27,0.5884271125641185,0.5704642489288553,0.5811866387511414,0.5854312766379033,0.027226261303185825,2024-04-27 23:59:59.999,0.075545978578148,0.0598017821708806,0.02628036747218741,0.071096898925207
2024-04-28,0.5854353435711884,0.574665017425208,0.5849890087741522,0.5820962208658558,0.021987629318731525,2024-04-28 23:59:59.999,0.0616955931382889,0.05180187992775452,0.021042807783272825,0.05749528647697079
2024-04-29,0.5821003205161516,0.5733326121821252,0.575082418340894,0.5893555230062125,0.0367165766351082,2024-04-29 23:59:59.999,0.10100934513435901,0.075560742100811,0.037175563437310294,0.09982290671038785
2024-04-30,0.5893595514425072,0.5780889179439666,0.5499720061043178,0.5583322001499688,0.07195421946249654,2024-04-30 23:59:59.999,0.1930314389339853,0.13031083269673113,0.07026384843473905,0.1844536037817604
2024-05-01,0.5583366300551664,0.5414760397511087,0.5242289386542969,0.535924017141503,0.1064310071868393,2024-05-01 23:59:59.999,0.2693830626684478,0.15760247587678328,0.10180253614715846,0.25196320948220147
2024-05-02,0.5359285697426887,0.5300320285199626,0.5277314193748975,0.5426807686479893,0.06227104262276357,2024-05-02 23:59:59.999,0.15905921163026263,0.10319295761582548,0.06187180208020631,0.15436675765120814
2024-05-03,0.5426851578361629,0.5649106634747887,0.5462621198349457,0.5797980278724256,0.05706981121777915,2024-05-03 23:59:59.999,0.1521510392579409,0.10225763193433261,0.058948787133737225,0.1536311520673953
2024-05-04,0.5798021500680729,0.5762640918433095,0.582647940592651,0.5896084495331932,0.031743993133689495,2024-05-04 23:59:59.999,0.0885514016362137,0.07301255939321363,0.03366523427804646,0.0915934857724111
2024-05-05,0.5896123783592203,0.5772611617745963,0.585390649716905,0.590773621045352,0.02406205065115022,2024-05-05 23:59:59.999,0.06765758696429316,0.06509031079590652,0.023747755334508867,0.06506867250837793
2024-05-06,0.5907776355700567,0.5852941591455298,0.5841987994867346,0.5825485552883402,0.045296307297066296,2024-05-06 23:59:59.999,0.1269532487197481,0.0913451267015806,0.04569651558660496,0.1251255454021402
2024-05-07,0.58255255337217,0.5751580026619886,0.5799160602623358,0.5742622976296395,0.033361532504358776,2024-05-07 23:59:59.999,0.09296399216238913,0.08348391045365235,0.033214701993799244,0.0903192161483504
2024-05-08,0.5742663770019389,0.561968554671884,0.5665215250570974,0.5633929646796458,0.03404846339776962,2024-05-08 23:59:59.999,0.0929084165686199,0.0928295464370116,0.033660899834541284,0.08965587435313925
2024-05-09,0.5633972478095214,0.565813952394614,0.5640045621416193,0.5816629239238967,0.04001789382038139,2024-05-09 23:59:59.999,0.10849956055293565,0.09064874036851714,0.04020028110222133,0.10645890293529821
2024-05-10,0.5816669306958004,0.5661911458308837,0.5596839709167861,0.5595753670542801,0.04773480331848244,2024-05-10 23:59:59.999,0.12909586006486826,0.09844603360681609,0.04806434460217732,0.12708271756837392
2024-05-11,0.5595796876349183,0.5478099735212089,0.5626103793111891,0.5598279050612502,0.017287119648209368,2024-05-11 23:59:59.999,0.0466064362910409,0.04934672392276261,0.01645739631639023,0.04315070143481838
2024-05-12,0.5598322231644819,0.5513185309209258,0.5638094487373186,0.566219059237646,0.016469952538809243,2024-05-12 23:59:59.999,0.044666116651820936,0.047627569435630124,0.016974624776685106,0.04472968242587482
2024-05-13,0.5662234117724876,0.5660112029272468,0.5651675355879532,0.580362061797993,0.04274330378780604,2024-05-13 23:59:59.999,0.11686213273626786,0.08995734699406811,0.04446452252784985,0.11872247462975685
2024-05-14,0.5803662755894979,0.562891690927134,0.5690069771577809,0.5671272247627115,0.037950658172960006,2024-05-14 23:59:59.999,0.10302107722076892,0.07396056456171415,0.036719809218773464,0.09732221578251314
2024-05-15,0.5671314712593684,0.5941752303372636,0.570730804084777,0.612088800133651,0.05697953338294012,2024-05-15 23:59:59.999,0.15994211567057823,0.11347818957422941,0.058021153243167124,0.15922041242762916
2024-05-16,0.6120927026847731,0.5970709659820432,0.6027615961017901,0.6026546601032686,0.04060379037052473,2024-05-16 23:59:59.999,0.11706889820493081,0.08327992181552385,0.04160159083558296,0.11711737455040883
2024-05-17,0.6026585580745758,0.6036477709372927,0.6076746491787822,0.6200291778528053,0.0342733801180785,2024-05-17 23:59:59.999,0.09991760538956104,0.07325859399862142,0.03534619685161361,0.1005146480300148
2024-05-18,0.6200329053795021,0.603166261411042,0.6222459133253576,0.6189724034236384,0.018689776168685786,2024-05-18 23:59:59.999,0.05532236973473589,0.048084425148849294,0.018293540160240124,0.05266792042094421
2024-05-19,0.6189761413173283,0.6059880633797848,0.614999889273143,0.6127445247817489,0.023402667090509838,2024-05-19 23:59:59.999,0.0689411738142812,0.05397493377103186,0.02304653908774201,0.0661610116744828
2024-05-20,0.6127482266420904,0.6418784421252639,0.6169808756670072,0.662986087098416,0.06652216449387274,2024-05-20 23:59:59.999,0.19952079760407979,0.12671511413246428,0.07135029823542735,0.20937766117873605
2024-05-21,0.6629893932163711,0.6462377071154108,0.6472491107462707,0.6503758931103747,0.06493202160333594,2024-05-21 23:59:59.999,0.20088764113777638,0.14028209953384163,0.06572942320133845,0.19882934097825233
2024-05-22,0.650379322934762,0.6338872088156032,0.6441199795247993,0.6408404464871963,0.036089274231200306,2024-05-22 23:59:59.999,0.11055236768072041,0.08999282327896002,0.034875690260403075,0.10429608816597724
2024-05-23,0.6408439698546395,0.6285267351133226,0.619437841210663,0.629214276556314,0.05297339982521557,2024-05-23 23:59:59.999,0.1583692312650395,0.11994282274024606,0.05266597324452609,0.15385345503413983
2024-05-24,0.6292180111059298,0.6205678595448282,0.6222470840057834,0.634851119131891,0.03664505203701831,2024-05-24 23:59:59.999,0.1091058697790943,0.0764549415705588,0.03813015648834246,0.11079827108376072
2024-05-25,0.6348547012548393,0.6239541347831608,0.6407816867339176,0.6420443728704248,0.015651074424915645,2024-05-25 23:59:59.999,0.04788972494350793,0.04609617647112927,0.015466960123595183,0.04596179892883804
2024-05-26,0.6420477872982593,0.6235047948716742,0.637152674970628,0.6344400649605458,0.015311450578970652,2024-05-26 23:59:59.999,0.04683472250121045,0.04734743817863177,0.01568755431632142,0.04658297582219383
2024-05-27,0.6344436511159496,0.6340900090770989,0.6383427691801598,0.6434611110895266,0.030124266255123454,2024-05-27 23:59:59.999,0.09182971248341319,0.07996538565743733,0.03109908934078935,0.09243635894898755
2024-05-28,0.6434646087481609,0.6237830338204239,0.6288593797208297,0.6333786282912502,0.04259806871428449,2024-05-28 23:59:59.999,0.12733854993822846,0.09573328035541456,0.04132934745995005,0.12064188423678891
2024-05-29,0.6333823219884336,0.6176112650089595,0.6273642257036739,0.6261330214812715,0.030154384341966937,2024-05-29 23:59:59.999,0.09001876539414387,0.08007726734849459,0.031203001232376522,0.09081472460128791
2024-05-30,0.6261365920000047,0.622919439571448,0.6273969071988943,0.6329296934188596,0.037147870178690805,2024-05-30 23:59:59.999,0.11131393539062635,0.08348082270293027,0.03740979786381948,0.10944779879581577
2024-05-31,0.6329332943910596,0.618631098234904,0.6229288102404098,0.6250411831211367,0.034796851066791076,2024-05-31 23:59:59.999,0.1037360875664868,0.07724021570632364,0.035231461847655486,0.10248248577234334
2024-06-01,0.6250448614798911,0.6078693274010808,0.6303279007582984,0.6272444801019478,0.011321250186800861,2024-06-01 23:59:59.999,0.03420270737683014,0.041804925632509315,0.011152559723530459,0.03261854524332905
2024-06-02,0.627248039717234,0.6131368666607093,0.6286599738216344,0.6272326302416207,0.019985104258898254,2024-06-02 23:59:59.999,0.05988491088018743,0.05322723821852288,0.020559501213717125,0.059943880469924576
2024-06-03,0.6272361899731544,0.6303316198153539,0.6321233343046727,0.6373756250315673,0.03866685788389562,2024-06-03 23:59:59.999,0.11719769956727058,0.08222850984624579,0.04070374595641258,0.12042605794696072
2024-06-04,0.637379085259977,0.6376257507419235,0.6414384384527936,0.6541591067147914,0.038648988697255596,2024-06-04 23:59:59.999,0.11846571624698574,0.08227620574037825,0.039674427947986195,0.11872364262278441
2024-06-05,0.6541624022966747,0.6441589103718789,0.659158052491164,0.6596970709476392,0.03744368759940289,2024-06-05 23:59:59.999,0.11675775651208287,0.0691762590599205,0.03777238217576504,0.11496470160163963
2024-06-06,0.6597004093309546,0.643613343805703,0.6565628491005613,0.656696336644819,0.0284214896474453,2024-06-06 23:59:59.999,0.08878038044350478,0.059000543706914384,0.027303634125660833,0.08317792269054582
2024-06-07,0.65669970446544,0.6464072090037296,0.6400012331167151,0.642676009277858,0.04651071700396293,2024-06-07 23:59:59.999,0.1435081011291149,0.0994822039129554,0.04606804747410616,0.13895887230349957
2024-06-08,0.6426795146383677,0.6236926390842007,0.647298669550963,0.6422375644457569,0.012552277589916082,2024-06-08 23:59:59.999,0.03878130764683815,0.04677285375703055,0.012585525118457149,0.03767683884877788
2024-06-09,0.6422410741074254,0.6262788127342761,0.6469301003302391,0.6455174503762817,0.01270578306200775,2024-06-09 23:59:59.999,0.039301067977787894,0.037672529714016474,0.012882981307744273,0.0386129970388194
2024-06-10,0.6455210249912073,0.6294656739863514,0.6473403262627812,0.6444670865272917,0.022215735233700684,2024-06-10 23:59:59.999,0.06822413093554915,0.061398806262431486,0.02229885262687328,0.06667685993825119
2024-06-11,0.6444705743172726,0.6237661024442323,0.6168900503773054,0.6228482790506126,0.054186903758802446,2024-06-11 23:59:59.999,0.15991574125815167,0.11695755906341558,0.052795862468530776,0.15221570798947395
2024-06-12,0.6228518817927807,0.6276131933045813,0.6252213927409422,0.6320732010552205,0.04858424793499775,2024-06-12 23:59:59.999,0.14597224087816235,0.10962119474141599,0.05049031750070197,0.14820997396328622
2024-06-13,0.6320767133005898,0.61303621903557,0.6188487938430793,0.6175913119155202,0.037938606924953336,2024-06-13 23:59:59.999,0.11210966474335306,0.09959960413721808,0.036907484698114314,0.10648991888523346
2024-06-14,0.6175950633577648,0.6028862352614722,0.6073977832580796,0.6105103404600855,0.037055782703929646,2024-06-14 23:59:59.999,0.10784689544374801,0.11392886978600443,0.03619566814570489,0.10285749972861406
2024-06-15,0.6105141613669011,0.5944980552433179,0.6149984259226108,0.6123000578894816,0.014758750879677845,2024-06-15 23:59:59.999,0.04335683393445486,0.045904538835889075,0.014514409774469548,0.04138982344627274
2024-06-16,0.6123038612391083,0.5993914110891108,0.6167290818187573,0.6166575040697472,0.012050872140067488,2024-06-16 23:59:59.999,0.03571140915806701,0.046062802484601324,0.012526337627896709,0.035941595558328904
2024-06-17,0.6166611675436287,0.6022143418162663,0.6079050781092613,0.6149816230034929,0.03571186419267448,2024-06-17 23:59:59.999,0.10370185633520593,0.10120378918257122,0.03645582468998062,0.10331233814173138
2024-06-18,0.6149854000468744,0.595530398875004,0.5974665109791775,0.6020729485172134,0.05538889442233987,2024-06-18 23:59:59.999,0.15770224574256847,0.14121913333275524,0.053427242696342414,0.14865137736207512
2024-06-19,0.6020768521951311,0.5874344732225582,0.6033784471294866,0.600121121113343,0.026079264789362552,2024-06-19 23:59:59.999,0.07482417852129968,0.0707098200196092,0.027310014099856023,0.07635008915736655
2024-06-20,0.6001250439387539,0.5945400074309929,0.6023360537670105,0.5991072781453609,0.03160802258446018,2024-06-20 23:59:59.999,0.0906944816132499,0.08412701666255405,0.03141734776325148,0.08793639537301325
2024-06-21,0.5991112109166058,0.581218024390588,0.5908263140473162,0.5920514633606204,0.03388064033769949,2024-06-21 23:59:59.999,0.09531220190872983,0.08937816379479571,0.03332378839752292,0.09144478336349803
2024-06-22,0.5920554653496485,0.5763281488832346,0.5963330972135952,0.5932019682423744,0.009311057376270446,2024-06-22 23:59:59.999,0.026857566378408942,0.03683482951280024,0.009874323207024067,0.027476259634438036
2024-06-23,0.5932059589449105,0.5760853717612864,0.5888651316639885,0.5829838919603555,0.010514905412913037,2024-06-23 23:59:59.999,0.030111128362234375,0.03880093836087476,0.010457130500581736,0.02896787222856613
2024-06-24,0.5829879829025676,0.5652568160547071,0.542268928902529,0.5546538869484474,0.06829033445775146,2024-06-24 23:59:59.999,0.18207831248035947,0.14378630242245216,0.06522054952634199,0.17001901749205228
2024-06-25,0.5546582558089728,0.5563226932175729,0.5603662824916253,0.5693468395839728,0.040712769974432884,2024-06-25 23:59:59.999,0.10959043531938943,0.08378499899746647,0.040840946838466986,0.10733892786050303
2024-06-26,0.5693510643061329,0.5569605357839932,0.5648045270992519,0.5602067120717052,0.029267879379694717,2024-06-26 23:59:59.999,0.07906053013936003,0.07292340880321674,0.030366287084578773,0.07997049707811012
2024-06-27,0.5602109293297775,0.5560331666846955,0.5637765721286939,0.5683800075372882,0.023822117137203926,2024-06-27 23:59:59.999,0.0644586622300481,0.06964014433329418,0.024663989254372774,0.06496970514064405
2024-06-28,0.5683841446150537,0.5544913767560423,0.5584730971296964,0.5559606740045147,0.03233901386204722,2024-06-28 23:59:59.999,0.08697122838803992,0.0970652834594581,0.0336394365466928,0.0882612843986165
2024-06-29,0.5559650300454145,0.5450727343702233,0.561602423464572,0.5613886870743279,0.014834698739580172,2024-06-29 23:59:59.999,0.04010277162351294,0.050291969824660436,0.0144254586248141,0.03785999542183252
2024-06-30,0.5613929898662349,0.5623310742487878,0.564806575789997,0.578729597842937,0.02248350386022761,2024-06-30 23:59:59.999,0.06122606443096967,0.07271055109386526,0.02179832754587552,0.05783085041292705
2024-07-01,0.5787337305199192,0.5698843492942909,0.5822203495671262,0.5799726676172456,0.03197859917732043,2024-07-01 23:59:59.999,0.08875250387992821,0.0958749884045106,0.03291107139747813,0.08909077582909962
2024-07-02,0.5799768852287209,0.5644951863156855,0.5754799619021566,0.5725468846522941,0.024123023493812526,2024-07-02 23:59:59.999,0.0664104788375772,0.08584360897355546,0.025077403442796905,0.06722947520103603
2024-07-03,0.5725509808528533,0.5550616819440982,0.5520050877771304,0.5538310015657357,0.041989425724464284,2024-07-03 23:59:59.999,0.11136547767278929,0.12069945306080189,0.04002799273720404,0.1036457277744384
2024-07-04,0.5538352813697449,0.5382455331737395,0.5263574307818125,0.52315181030899,0.0714560026024249,2024-07-04 23:59:59.999,0.18137781579832365,0.1656271458225098,0.06652124001870476,0.165109508725352
2024-07-05,0.5231565853350092,0.5104762890185915,0.4943093712285188,0.5190605003360699,0.10667004041087455,2024-07-05 23:59:59.999,0.25847326615287786,0.24617270013157763,0.1010635240707472,0.23958544328403397
2024-07-06,0.5190652183689294,0.519214760397511,0.5190114111098937,0.5346143161853552,0.028170740648947687,2024-07-06 23:59:59.999,0.07068240934383434,0.09256104351783893,0.02942819171224935,0.07200660954653856
2024-07-07,0.5346188816347518,0.5189745229819915,0.5161468536646541,0.5115719713893865,0.02484075755701545,2024-07-07 23:59:59.999,0.0625937516516295,0.08455680528433718,0.024085966634565175,0.05915394433472035
2024-07-08,0.5115767628849697,0.5169735165057402,0.5018625037791027,0.5198941671490791,0.06293692090756484,2024-07-08 23:59:59.999,0.1545415686892545,0.16767379897665374,0.06380165458046574,0.15326801882007715
2024-07-09,0.5198987798745889,0.5175310290984513,0.5216595877897641,0.5328647134470661,0.036166893409991026,2024-07-09 23:59:59.999,0.09112136142007879,0.11533340218360476,0.03759362464981327,0.09244513073217907
2024-07-10,0.5328692960601252,0.5285740489034583,0.5301308264642846,0.5297162444101684,0.03251067637948691,2024-07-10 23:59:59.999,0.08310171038490474,0.11592487068894158,0.03300427468905169,0.08230816866598056
2024-07-11,0.5297208579098158,0.5302671865226245,0.5290792627718063,0.5259674148267007,0.03883475685682132,2024-07-11 23:59:59.999,0.09894177608287416,0.141610029434805,0.039931511019019414,0.09935992905670275
2024-07-12,0.525972065102494,0.5197008790206139,0.5241279674675714,0.5313018917039323,0.03080216888377367,2024-07-12 23:59:59.999,0.0778285518599004,0.1148107839496878,0.030509858306952582,0.07522903347401315
2024-07-13,0.5313063925192759,0.5321484505439205,0.5359729120158541,0.5440737100164345,0.019894923915469438,2024-07-13 23:59:59.999,0.05150220220076169,0.07307050399187041,0.02090410220190432,0.05263849245027698
2024-07-14,0.5440780855398059,0.5469228634719668,0.5499955172695361,0.5595551640137226,0.027548793697783118,2024-07-14 23:59:59.999,0.07286767822351253,0.095518911619114,0.027816202085125412,0.07173065804336123
2024-07-15,0.5595594847925532,0.5796503670816422,0.5640270001831139,0.5976906370562617,0.05057727879897542,2024-07-15 23:59:59.999,0.13940203376455607,0.17069821796051307,0.05075892199332421,0.13675032782362126
2024-07-16,0.5976938066924051,0.5842497754241075,0.5810110366872708,0.6007973401920066,0.055626149000147875,2024-07-16 23:59:59.999,0.155989621321381,0.16310090585408632,0.05747996706842068,0.15757602459436582
2024-07-17,0.6008013535127352,0.5912072541540662,0.595456842914881,0.5915117119357233,0.038580274807818386,2024-07-17 23:59:59.999,0.11002050990985879,0.1226243043034836,0.03885568938482222,0.1082103463927133
2024-07-18,0.5915157192197312,0.5818448615624838,0.5894520327841248,0.5905397319988966,0.02937709746542317,2024-07-18 23:59:59.999,0.082963081642388,0.11132911507166604,0.029974861857369497,0.08252038793418463
2024-07-19,0.5905437488180608,0.6030344788663503,0.5900587379147976,0.6164936457552247,0.0465584198639434,2024-07-19 23:59:59.999,0.13344570968949374,0.14339882255524383,0.04780878736627432,0.13394301733521236
2024-07-20,0.6164975050946614,0.605028618728924,0.6185627575923747,0.6211554973638919,0.01861832971888978,2024-07-20 23:59:59.999,0.05502077539548043,0.06523300429736065,0.018180122755587388,0.05226429683727425
2024-07-21,0.6211593109704057,0.6122588807419705,0.6142169967383867,0.6311150135787744,0.02839138673528315,2024-07-21 23:59:59.999,0.08387267456827616,0.08677164230759832,0.030304982703262238,0.0872773227808473
2024-07-22,0.6311187294820954,0.6132737286182586,0.6218553938466499,0.6249634791189921,0.027907389511542462,2024-07-22 23:59:59.999,0.08287982234374795,0.1022234038890943,0.027241078781570324,0.07887616931159787
2024-07-23,0.6249670611109757,0.6064675975788132,0.6109398719997533,0.6094615306911383,0.04099799816325135,2024-07-23 23:59:59.999,0.11953316842808345,0.11627917366009358,0.0403306006749267,0.11482135080954671
2024-07-24,0.6094652647577635,0.6003631780193112,0.6077197203751756,0.6040221534110115,0.030052778778459376,2024-07-24 23:59:59.999,0.08735021771837023,0.09124631867847423,0.02874568498599411,0.08149696463779935
2024-07-25,0.6040261350962126,0.5916480343142558,0.5915809151384489,0.6081399798746635,0.04589002636913665,2024-07-25 23:59:59.999,0.12971823168112262,0.1201073932840502,0.044095029899679075,0.1218065934484331
2024-07-26,0.608143824034797,0.6106912234330246,0.6136865809487955,0.6286153729597844,0.031580500288598955,2024-07-26 23:59:59.999,0.09332518308019806,0.09229280338596176,0.03306028905846883,0.09528106923699949
2024-07-27,0.6286191133846647,0.621978713497599,0.6227336968361092,0.6285037705867041,0.041397833987550856,2024-07-27 23:59:59.999,0.12375838616871475,0.11092501390801762,0.04211881940262439,0.12297651799181003
2024-07-28,0.6285073178483079,0.611805213923235,0.6267984943879044,0.6319361506214378,0.013991984383527308,2024-07-28 23:59:59.999,0.04213032179042365,0.053809443471693474,0.014270136609210289,0.041674361889975815
2024-07-29,0.6319397613403265,0.6283750111700052,0.6205679380483722,0.6177047597586515,0.04765321781462243,2024-07-29 23:59:59.999,0.14305090468398468,0.12815210076105832,0.04840967346837586,0.14213892308890852
2024-07-30,0.6177084129589189,0.5994036393052492,0.6095895896852908,0.6119091096286915,0.030118121482257433,2024-07-30 23:59:59.999,0.08773843178844988,0.10642425589806377,0.029463742395162487,0.08373113553796209
2024-07-31,0.6119129168135339,0.5979855424859963,0.6020516759802423,0.5967568292104886,0.02945167767100901,2024-07-31 23:59:59.999,0.08522889411191971,0.10562886445142233,0.028720945219659025,0.0810633327530746
2024-08-01,0.5967608821687673,0.5867971009721432,0.580316042741152,0.603808661665119,0.04643683983058046,2024-08-01 23:59:59.999,0.1299734960760247,0.15735072564769845,0.044915591507044314,0.1228392128832352
2024-08-02,0.6038125483156317,0.5861984827605669,0.5698580618273403,0.5663583436614904,0.05074750239106498,2024-08-02 23:59:59.999,0.1413516022945941,0.1613239381619448,0.04842601844614439,0.13187239174985257
2024-08-03,0.5663626948299468,0.5542365595443579,0.5563951393738946,0.5585846410269362,0.03656468017892387,2024-08-03 23:59:59.999,0.09794696450738631,0.10954301552100604,0.034403792067844066,0.08999197594256758
2024-08-04,0.5585889713266303,0.5440721841004971,0.5297891828933541,0.5339428564768229,0.04127462296523683,2024-08-04 23:59:59.999,0.10727650348925995,0.12377557544505001,0.038696782660079906,0.09826103169549144
2024-08-05,0.5339474285132622,0.5176212357082723,0.4505461175408023,0.4937097638963895,0.2128104197575915,2024-08-05 23:59:59.999,0.4912842742280314,0.4970847691374191,0.2063065760712106,0.46648990194175727
2024-08-06,0.49371482774988606,0.5057260033016183,0.4988366851052085,0.513166846033405,0.07318650011808459,2024-08-06 23:59:59.999,0.1785376890889366,0.22544988528020618,0.07439701262736448,0.17750845738960494
2024-08-07,0.5131715247541639,0.512263960154828,0.504774181111481,0.5045431587453912,0.057912670627479984,2024-08-07 23:59:59.999,0.14255205308922467,0.1573669527631953,0.058286175268328334,0.14027998041101328
2024-08-08,0.5045441340318725,0.5593810641369936,0.5064461078729331,0.568181085291798,0.06327792333517483,2024-08-08 23:59:59.999,0.16235003297342862,0.17087014654859112,0.06837144350351732,0.17167059005884813
2024-08-09,0.5681854185790971,0.5499675011640321,0.5533221032561597,0.5599444610644672,0.04042773391496357,2024-08-09 23:59:59.999,0.10749755486301789,0.11993980068634787,0.03994151685314665,0.10371330267450499
2024-08-10,0.5599487780242804,0.5473921447820791,0.560219362098187,0.5607751168473933,0.01284337970852312,2024-08-10 23:59:59.999,0.03472188066612793,0.05244879655244092,0.012909522715598119,0.03383477714408234
2024-08-11,0.5607794256584451,0.5510363413177314,0.5411443927968423,0.5393004502946924,0.02493399629566329,2024-08-11 23:59:59.999,0.06591170019311908,0.08654347723828423,0.024120863388136786,0.062152128849479016
2024-08-12,0.539304969772954,0.5402481387244089,0.5348566682298501,0.5454589781146678,0.048366744874946355,2024-08-12 23:59:59.999,0.12516216182864887,0.15055636012265863,0.04863126008374137,0.12296985961139033
2024-08-13,0.5454634371775618,0.5484035123199278,0.5421799571901679,0.5575080520772223,0.0363335658899556,2024-08-13 23:59:59.999,0.09546716675754409,0.11242907699378693,0.03626989649147992,0.09303127349680866
2024-08-14,0.5575124900673405,0.5504907747515556,0.5425731106998336,0.5390168306868646,0.037074948681491283,2024-08-14 23:59:59.999,0.09759815994734455,0.11347083152995553,0.03524692509895306,0.09063923108369074
2024-08-15,0.5390213529474441,0.5321426186254544,0.5196020193847117,0.5279213790906301,0.0492560006492738,2024-08-15 23:59:59.999,0.12562394868736176,0.1646168600649768,0.04589843415084797,0.11442773932480084
2024-08-16,0.5279259130689177,0.5318451907836875,0.5295535834576611,0.5408740534681239,0.036007303574466645,2024-08-16 23:59:59.999,0.09239845476740445,0.13122191625021454,0.037113981007927746,0.09295645393749802
2024-08-17,0.5408784603802349,0.5307375025279485,0.5460058383783968,0.5468707627036331,0.009853840066273045,2024-08-17 23:59:59.999,0.026153872500186578,0.05288633739944116,0.010182187317991009,0.026097973005598133
2024-08-18,0.5468752079168723,0.536240105727038,0.542336438140417,0.5365299140982257,0.01762938867517395,2024-08-18 23:59:59.999,0.04650557740849069,0.07210732285705501,0.01762490194525671,0.04522231552543696
2024-08-19,0.5365344607555416,0.5299627039407778,0.5362721184213491,0.5463512143192936,0.029693464600019672,2024-08-19 23:59:59.999,0.07645927975327443,0.10735793915895978,0.03014020118235424,0.07568869041128391
2024-08-20,0.5463556646293201,0.5467282467089637,0.543695500558073,0.5422261031054405,0.041091744977581404,2024-08-20 23:59:59.999,0.10820010656801947,0.12497940404571554,0.042658668683627235,0.10974212560188898
2024-08-21,0.5422305938829485,0.5506876490313842,0.5459904244194571,0.563033583669727,0.036497520418808306,2024-08-21 23:59:59.999,0.09628492838231031,0.1300384536649499,0.03763007814164022,0.09695126115861026
2024-08-22,0.5630378703251424,0.5467282467089637,0.5551744123598877,0.5554555979905745,0.027631461272138856,2024-08-22 23:59:59.999,0.07372549870695039,0.11274409326426232,0.027255445158733252,0.07090434078120976
2024-08-23,0.5554598618572376,0.5801677146874985,0.5611962949135203,0.5910187771721183,0.049823926471278646,2024-08-23 23:59:59.999,0.1359879921805472,0.1677587449699227,0.05421842074237674,0.14459518857611392
2024-08-24,0.591022789291833,0.5758361042784647,0.5923057614354258,0.5921821032142262,0.020551631222497525,2024-08-24 23:59:59.999,0.05810680593289363,0.10181056504787066,0.02024671539312153,0.05572062710993066
2024-08-25,0.5921862010507226,0.5805909990922901,0.5946692676584214,0.5927939251011124,0.01588130562369833,2024-08-25 23:59:59.999,0.0451753541044835,0.08283791358450018,0.016704586037469195,0.04614403679762608
2024-08-26,0.5927978226775157,0.5757091189570273,0.5851743665082377,0.5793317067295551,0.02530245917639075,2024-08-26 23:59:59.999,0.07085092912820119,0.14129337074373274,0.023856481228459656,0.0651147567949036
2024-08-27,0.5793358334998286,0.5637724987419047,0.5386789398200995,0.5461229588129937,0.04590253488262738,2024-08-27 23:59:59.999,0.12351844428633717,0.19663900304806986,0.04221015548361323,0.11101503231491452
2024-08-28,0.5461274113622145,0.535769695658513,0.5369813556459818,0.5424310474110969,0.048180842299789146,2024-08-28 23:59:59.999,0.12494476702968291,0.2405805207866065,0.04558003191410158,0.1155169541999611
2024-08-29,0.5424355361780943,0.5445364800609529,0.5453038203497231,0.545579127927984,0.03523155912406742,2024-08-29 23:59:59.999,0.09258608200929543,0.18012406976582238,0.03494934161440969,0.08964824597468941
2024-08-30,0.5455834886831544,0.533033303076337,0.5354311796488134,0.54329637860498,0.0372019198557129,2024-08-30 23:59:59.999,0.09619270711181113,0.18681174364889097,0.03663316587607184,0.09250430329292492
2024-08-31,0.5433008588830489,0.5285023727442468,0.5456053681160697,0.5418394285647683,0.011269634796916898,2024-08-31 23:59:59.999,0.029710349148738147,0.0587192299070863,0.011047575402767702,0.0282016506568783
2024-09-01,0.5418440202646164,0.5248735085103681,0.530552368974276,0.5255980294265057,0.026926576981811338,2024-09-01 23:59:59.999,0.06878013840041414,0.141315641967026,0.02560666883043866,0.06377866115313938
2024-09-02,0.5256018091645337,0.5281572548595401,0.5298402050485788,0.5433754424271623,0.02980615975226603,2024-09-02 23:59:59.999,0.07627630503328446,0.12902632839634845,0.029993282601787227,0.07482690588155923
2024-09-03,0.5433798248005625,0.531768905527624,0.5326400824002928,0.5274033847863335,0.02971828054274905,2024-09-03 23:59:59.999,0.07638993358362713,0.1449669400442902,0.029151419347530957,0.0730914244664567
2024-09-04,0.5274081181042624,0.5196286384821962,0.5149920749813007,0.5320964151258611,0.04646123624728454,2024-09-04 23:59:59.999,0.11604528164273276,0.2086134317419198,0.044848399653409754,0.10948513540080232
2024-09-05,0.5321010052759528,0.5178232834641595,0.5153593759648967,0.5147014029457587,0.03626512941841444,2024-09-05 23:59:59.999,0.09028649004535988,0.2211292679613146,0.03442495934752017,0.08365013109802119
2024-09-06,0.514706163741512,0.5054156888013056,0.4851787468041643,0.49316738996142,0.07129688607494197,2024-09-06 23:59:59.999,0.17108799390304646,0.3472161233670726,0.06743445744129516,0.15828282415516093
2024-09-07,0.49317236200657344,0.48511685001152277,0.49684204077304317,0.4950894955844701,0.021652113287952118,2024-09-07 23:59:59.999,0.05180362010073512,0.12605709474454319,0.021263155925210258,0.04953963813117541
2024-09-08,0.495094448773702,0.4895190078213552,0.49570521252288546,0.5019768869445621,0.021099960087581433,2024-09-08 23:59:59.999,0.050661281943559906,0.11785609452353905,0.021284115636227435,0.04974916980500799
2024-09-09,0.5019817725682504,0.5155745145163035,0.5050994351564502,0.5230740091768427,0.04228451160455954,2024-09-09 23:59:59.999,0.10356753473166459,0.22033131433854208,0.04365037422628883,0.10444696104425127
2024-09-10,0.5230787849660937,0.5151640227068567,0.5226054000171114,0.5288434342060788,0.030768406348680333,2024-09-10 23:59:59.999,0.07720809522271417,0.18664434814166025,0.031047726425432732,0.07599704767355321
2024-09-11,0.5288480562680241,0.5145747167521858,0.5143988326755247,0.525949057256194,0.04312878432411723,2024-09-11 23:59:59.999,0.10734800098670642,0.26560897408102624,0.042493445498884674,0.10330447184813338
2024-09-12,0.5259537077120756,0.5202776745695432,0.531752316410725,0.5336642876291344,0.04056176309120527,2024-09-12 23:59:59.999,0.10317434745934805,0.2433811763883513,0.03930091335013738,0.09760505756917347
2024-09-13,0.5336687652692936,0.5394383486264421,0.534763111352488,0.5566421381033231,0.03891914594223065,2024-09-13 23:59:59.999,0.10075931599917853,0.22178321414615548,0.040934490784955854,0.10347609425330043
2024-09-14,0.5566463903299872,0.5393014866688928,0.5520050877771304,0.5517373643579513,0.015660956153729238,2024-09-14 23:59:59.999,0.04165915271850187,0.08452757019771329,0.014715093681473512,0.03803211530016381
2024-09-15,0.5517416647006127,0.5372824200580371,0.5450888053781838,0.5433741797371274,0.01779121657895014,2024-09-15 23:59:59.999,0.04703490158357508,0.10188243737318871,0.017012882445261286,0.043742438768449105
2024-09-16,0.5433786592519645,0.5261349900998481,0.5334039513781298,0.5344575483610283,0.03451708248899222,2024-09-16 23:59:59.999,0.08831116915330155,0.2064850517388767,0.034168417241296045,0.08530846905332222
2024-09-17,0.5344621153483227,0.5459757411004453,0.5345425356489262,0.5548548489239938,0.04324672501128954,2024-09-17 23:59:59.999,0.11351140560227736,0.25727244131237026,0.04359120581667351,0.11175495364418107
2024-09-18,0.5548592158130755,0.5503613437868904,0.5498081108447054,0.5688998473116358,0.04715317440419523,2024-09-18 23:59:59.999,0.12442634367468547,0.3393581262635142,0.049032443386344327,0.12641422065711153
2024-09-19,0.5689039792897554,0.5697737309698386,0.5730285570905235,0.5804388916301134,0.04484607238487512,2024-09-19 23:59:59.999,0.123233937979048,0.2914397169885943,0.046844225815719426,0.1257088946622069
2024-09-20,0.5804431046679153,0.5724387295824064,0.5807843149114735,0.5828968634779536,0.033187409242710894,2024-09-20 23:59:59.999,0.09220039755624632,0.26062869495361674,0.03297169204048013,0.08939301663515302
2024-09-21,0.582900955273918,0.5670449575069489,0.5847646283592064,0.584333513347605,0.01071332240574808,2024-09-21 23:59:59.999,0.030214729668148053,0.08418772052781355,0.010198424348314772,0.02784270310744342
2024-09-22,0.5843376881790352,0.5711846789858106,0.5808616773762787,0.5865655608092095,0.018428021042196697,2024-09-22 23:59:59.999,0.0513331752238031,0.14082659481010862,0.018325669402857042,0.04966200069108362
2024-09-23,0.5865696166151284,0.5782006650268315,0.5826256976645607,0.5842463877352003,0.031361812143793986,2024-09-23 23:59:59.999,0.08760927215103066,0.2625924387160318,0.03275754288396894,0.08926890934379496
2024-09-24,0.5842504662922859,0.5776562272190685,0.5841987994867346,0.5932086702125593,0.03018754259863228,2024-09-24 23:59:59.999,0.08427134266419882,0.25411557753158115,0.03060077482064191,0.08332244855284028
2024-09-25,0.5932126608493488,0.5788789547697097,0.5866092304834646,0.582420537944807,0.023123641769654552,2024-09-25 23:59:59.999,0.0649479832555926,0.22030628384864612,0.02222593771728834,0.060834340122374285
2024-09-26,0.5824246344135411,0.5884829016616264,0.5839061293802836,0.6020600302268568,0.03700991408684251,2024-09-26 23:59:59.999,0.1047979974428237,0.286384280694673,0.03999205565848058,0.11053856277956532
2024-09-27,0.6020639340315034,0.5946816666117964,0.60487984477558,0.6078485898666212,0.02869342464447227,2024-09-27 23:59:59.999,0.0829046638654431,0.22970079826896755,0.029453152123695255,0.08298516363640732
2024-09-28,0.6078524368853006,0.5924429624264543,0.6107559776161999,0.6087038195402255,0.011702026637647535,2024-09-28 23:59:59.999,0.0343065347328622,0.08800418042029676,0.011862303871806881,0.0336744369462243
2024-09-29,0.6087076581690727,0.5907133282852748,0.6108512905142008,0.6062173886015999,0.010663873234498255,2024-09-29 23:59:59.999,0.03132110834093195,0.09271766474595433,0.0108794682999619,0.030896058328753258
2024-09-30,0.6062212516224192,0.5864116299741796,0.585723610741344,0.5841259465318761,0.03916353745933086,2024-09-30 23:59:59.999,0.1098967140677595,0.26123888705375764,0.03841738889374182,0.10520456018149067
2024-10-01,0.5841301233995438,0.57241342658132,0.5594584198214145,0.5596316053258323,0.05712645939460877,2024-10-01 23:59:59.999,0.15590030283481962,0.3682251792800627,0.05576320738753868,0.14895380894986485
2024-10-02,0.5596275722564855,0.5560434195736115,0.5578584899061494,0.558111520783878,0.041167034145857005,2024-10-02 23:59:59.999,0.11036208413634513,0.34891957631329923,0.04179963919704987,0.10943334873192012
2024-10-03,0.558115758595848,0.5474543205579829,0.5561815877528876,0.5591161364016054,0.03418028151511432,2024-10-03 23:59:59.999,0.09103103703218077,0.3443729619202814,0.034293193919534254,0.0891235557192213
2024-10-04,0.5591205586163617,0.5569326930764781,0.5623451226380424,0.5720663825290322,0.027701751421737128,2024-10-04 23:59:59.999,0.07501964417601453,0.24941654650717585,0.02837631356852646,0.07490142324625633
2024-10-05,0.5720705805723834,0.5558576447515086,0.5743383533735936,0.571794418521526,0.00996657466743101,2024-10-05 23:59:59.999,0.02769133564650644,0.07758939432521347,0.009698898361615419,0.026055883668224346
2024-10-06,0.5717987163619033,0.561543200876669,0.5754086479528847,0.579194850555778,0.011412246254823873,2024-10-06 23:59:59.999,0.0317614127270841,0.10211914302960641,0.012655094190987159,0.034061506486204596
2024-10-07,0.5791989786686152,0.575682687197528,0.5786185561237366,0.5734067765660271,0.03384463765671167,2024-10-07 23:59:59.999,0.09421132749930632,0.31581704906159974,0.033904154824557026,0.09208759094635481
2024-10-08,0.573411058589117,0.5636596229006269,0.5760070607638748,0.5727899039190014,0.025607755552528925,2024-10-08 23:59:59.999,0.07037764644419503,0.24940386702016817,0.02550756576400762,0.06832177168675957
2024-10-09,0.572794191993633,0.5574867253307497,0.5607949466408739,0.5579827264003233,0.02601399141045183,2024-10-09 23:59:59.999,0.07064691265603026,0.24085835265476926,0.025081466216342208,0.06642825354358224
2024-10-10,0.5579869654757706,0.5459915437182242,0.5475760134995061,0.554975290127318,0.03121699774031617,2024-10-10 23:59:59.999,0.08271869460314454,0.254274563845356,0.028745730913695578,0.07433574384007328
2024-10-11,0.5549797529639172,0.5657060619029926,0.5587134768437948,0.57647608465074,0.030787566461503775,2024-10-11 23:59:59.999,0.08367007353631871,0.21154554668823627,0.03213972355056985,0.08517958189567498
2024-10-12,0.5764801423057134,0.5662933925304412,0.5821230855350823,0.5829470796893395,0.014048011332046589,2024-10-12 23:59:59.999,0.039280102552838835,0.11619692123660344,0.01371887078509997,0.03723063387465057
2024-10-13,0.582951268121731,0.5644659326601543,0.5778576138469641,0.5796815689992113,0.015360238336618847,2024-10-13 23:59:59.999,0.04269196363421324,0.14718558748333602,0.015475196313480842,0.041759853360723714
2024-10-14,0.579685692337324,0.5947004792520094,0.581836073717356,0.6108988604708087,0.04923466667787701,2024-10-14 23:59:59.999,0.1402353663014748,0.32686955422602704,0.05306618704831056,0.1476399129739631
2024-10-15,0.6109027746952794,0.6083396434064048,0.604685804495003,0.6205161876862468,0.05714286113433559,2024-10-15 23:59:59.999,0.1656544581889966,0.4101758861647482,0.058082108349784764,0.16463915000089366
2024-10-16,0.6205199104353605,0.612798239136876,0.6237140441360178,0.625818223142583,0.039067765916462965,2024-10-16 23:59:59.999,0.11586946841609275,0.3355486302343616,0.040448091367659526,0.11714565000171229
2024-10-17,0.6258217967494986,0.608239936413276,0.6228897875595497,0.6238928150994417,0.03300574788578869,2024-10-17 23:59:59.999,0.09740921344407256,0.2614606795311559,0.03228484433249376,0.09297316378397254
2024-10-18,0.6238965047237256,0.6182162795182082,0.6280247821339338,0.633666230229188,0.037473214031470095,2024-10-18 23:59:59.999,0.11215764476872556,0.2633664786949142,0.03779358358764927,0.11045486237740011
2024-10-19,0.633669726846887,0.6153309848887467,0.6360014083285521,0.633180580215784,0.01047442149336236,2024-10-19 23:59:59.999,0.03198810305290954,0.07556941408156236,0.010714700922971264,0.03163182897709855
2024-10-20,0.6331840815977262,0.6219788075608002,0.636879418647905,0.639532785261105,0.016061447776735297,2024-10-20 23:59:59.999,0.048848401375000516,0.10259491942810127,0.017924708159756646,0.052911816326859956
2024-10-21,0.639536418585799,0.6231030509399266,0.6245938104760093,0.6234627234475713,0.04095627262865677,2024-10-21 23:59:59.999,0.12195462531091282,0.24206809396958345,0.0361268157427989,0.10515181935022301
2024-10-22,0.6234664172910688,0.6072674169774671,0.621967096270612,0.6239338039605731,0.03204678964544881,2024-10-22 23:59:59.999,0.09466770260397901,0.24091931930732427,0.03294286059897238,0.09493970763537864
2024-10-23,0.6239375903118045,0.603851229641196,0.6091733152372154,0.6165776632075435,0.03327138645518378,2024-10-23 23:59:59.999,0.09700478859884518,0.2499903425668906,0.031576028131942754,0.08984204011908835
2024-10-24,0.6165814245937163,0.6168053315022364,0.6213679030060049,0.6314349598076049,0.02940486459437946,2024-10-24 23:59:59.999,0.08736427462503282,0.24933974692006725,0.03054657829153191,0.08853868602899607
2024-10-25,0.6314384783141428,0.6160668413106767,0.6124540495738283,0.6168659450555002,0.045039615543579,2024-10-25 23:59:59.999,0.1328244296545623,0.35019297785044723,0.042631479831284534,0.12285360166681457
2024-10-26,0.6168696064845685,0.6036792821096495,0.6206840305239311,0.6206970437512385,0.015273040133662926,2024-10-26 23:59:59.999,0.04534438001527734,0.15579003189974983,0.016046673795499768,0.04623673140479389
2024-10-27,0.620700764726148,0.6119333280030853,0.6253065597419195,0.6297198382202676,0.011078684865016016,2024-10-27 23:59:59.999,0.03344120893357812,0.11627260397770618,0.01163949943846997,0.03397875116550848
2024-10-28,0.6297233735522065,0.6301623060534373,0.6321771856042597,0.6485680123704772,0.03789547464217087,2024-10-28 23:59:59.999,0.11475550176840679,0.29105617893081837,0.04046270427597072,0.11969531506218821
2024-10-29,0.6485714599302361,0.6616746071685565,0.6530738312048574,0.6755139148441841,0.06561734432241624,2024-10-29 23:59:59.999,0.20621966485425103,0.3707453751406898,0.07163300370661224,0.21999532609179556
2024-10-30,0.6755170009346728,0.6554747134599738,0.6694243344852503,0.6717095268991831,0.03505414833477226,2024-10-30 23:59:59.999,0.111096890453892,0.2653219446575211,0.03584288607553648,0.11084845839792937
2024-10-31,0.6717128445689465,0.6530196639121826,0.6523495702480934,0.6517713598588896,0.03829699668389772,2024-10-31 23:59:59.999,0.11968207218136298,0.29717229044618393,0.037758784987526814,0.11519174962939317
2024-11-01,0.6517747759937005,0.6429826500425636,0.6439048669965578,0.6440398116454988,0.05006561241107559,2024-11-01 23:59:59.999,0.15324837963685367,0.30004514685736616,0.04800384722474944,0.14360989445030647
2024-11-02,0.6440432064980111,0.62681713643397,0.6456608876352635,0.642861916102989,0.013535663687742592,2024-11-02 23:59:59.999,0.04181406295029468,0.1052074193262712,0.013800505686604217,0.04134139478248476
2024-11-03,0.6428654196397464,0.6218941506798418,0.6308185134134123,0.6370462571924768,0.03256848802306654,2024-11-03 23:59:59.999,0.097838761395272,0.24083640991559538,0.032614783629198195,0.09559753980420027
2024-11-04,0.6370498177810461,0.622919439571448,0.62453849582589,0.6280522132042411,0.03888648032357345,2024-11-04 23:59:59.999,0.1164043814249079,0.3531135301557619,0.03968583229530077,0.11601251152804054
2024-11-05,0.628055862024688,0.6330586060774235,0.6307980265059608,0.642835399612257,0.0435607516288108,2024-11-05 23:59:59.999,0.1322376033821587,0.3254286257880006,0.045377146786570094,0.13451947877673867
2024-11-06,0.6428389034091422,0.6878230483061569,0.6485667115655128,0.7030558070143403,0.13662326660635976,2024-11-06 23:59:59.999,0.4409734437637063,0.5539576555063531,0.1419400665270859,0.4483630536760644
2024-11-07,0.7030587200469793,0.6920557982908717,0.6984962317260442,0.7058327537909841,0.05870170869703392,2024-11-07 23:59:59.999,0.19415682968208925,0.34198934975648815,0.058041486738914815,0.18762499674544703
2024-11-08,0.7058356395816807,0.6953480103281395,0.7096079401009652,0.7121645615357419,0.04772396714034706,2024-11-08 23:59:59.999,0.15938036868166625,0.3202940905181351,0.046699488315275345,0.15241661219199168
2024-11-09,0.712167385211189,0.6925262083593967,0.7111655304074972,0.7137932374206934,0.02197826559357624,2024-11-09 23:59:59.999,0.07407848985621959,0.16970218841376072,0.021286870844642685,0.06987817281652912
2024-11-10,0.7137960451187748,0.7357952808492025,0.7187490030924498,0.7496589765605878,0.0810043850556533,2024-11-10 23:59:59.999,0.2808274822910801,0.46818480201210977,0.0872514832082615,0.2956812575340343
2024-11-11,0.7496614324145474,0.8113331107170908,0.7550792165299294,0.8300629985197389,0.10795267997695276,2024-11-11 23:59:59.999,0.39756985521248783,0.6140509344847622,0.1141683804096813,0.4114058012558123
2024-11-12,0.8300647627365565,0.8151846225478899,0.8024526535374206,0.8233029445931613,0.12764586875037975,2024-11-12 23:59:59.999,0.4889455865746349,0.7553101428800806,0.13218729916945662,0.49560239610190665
2024-11-13,0.8233045808682384,0.8464666569468026,0.8127545437277918,0.8468393897127672,0.1137913665694453,2024-11-13 23:59:59.999,0.44604925804816437,0.7857305316003038,0.1181848099766794,0.45350590797861123
2024-11-14,0.8468409893526164,0.8325863147448771,0.8180247518913561,0.8172185269652313,0.07429729481281425,2024-11-14 23:59:59.999,0.2904711015672146,0.6455833076458753,0.07441479425352396,0.28450180875433534
2024-11-15,0.8172203200577023,0.8331506939512658,0.8219774567923804,0.8532195681988602,0.06272356249481283,2024-11-15 23:59:59.999,0.24479961690012164,0.5260317094917983,0.06603453621363217,0.2519347428001235
2024-11-16,0.8532211052489412,0.8324890533949761,0.8510765723530743,0.8488958261295249,0.02957323007698418,2024-11-16 23:59:59.999,0.118354425108199,0.2783772831945685,0.030529841820805495,0.11913525387004292
2024-11-17,0.8489076041458952,0.829388071845473,0.8380608498222857,0.8417963028435781,0.031085016514871607,2024-11-17 23:59:59.999,0.12327377882419437,0.32379113245294333,0.03148113664374231,0.12180021130305521
2024-11-18,0.8417977576981813,0.8401489961104867,0.8444498382461099,0.8477026811765941,0.06090507786371329,2024-11-18 23:59:59.999,0.24271943276956506,0.47032172260225646,0.06290755655843742,0.24510436223771906
2024-11-19,0.8477040780894249,0.8524854789933356,0.8540113706238623,0.8656397759016579,0.05711142375754125,2024-11-19 23:59:59.999,0.2304199940131745,0.3709003539482083,0.05890184369618442,0.2322558953155984
2024-11-20,0.8656411911090787,0.8612000583191847,0.8651621016796434,0.8848304304413199,0.05519572134965532,2024-11-20 23:59:59.999,0.226172697296677,0.4837805053347135,0.0543583243722563,0.21768876532040737
2024-11-21,0.8848315602587168,0.9002930068713169,0.8899415040258235,0.9239792608018276,0.09073282860361004,2024-11-21 23:59:59.999,0.38488910471395915,0.594323163727785,0.09438495738796786,0.3916613458489129
2024-11-22,0.9239800065678663,0.9059368929984056,0.9200095527522745,0.9295630703959408,0.06043731208269291,2024-11-22 23:59:59.999,0.2607920892401189,0.4775605928376272,0.0604545134910487,0.2550633949303744
2024-11-23,0.9295637613846173,0.899548496634889,0.9201450590115612,0.9177170952689918,0.03225571238313087,2024-11-23 23:59:59.999,0.1391769456637098,0.2520777277518363,0.029675696095459638,0.12492465461752081
2024-11-24,0.9177179024670875,0.8963047271461695,0.9064751212361526,0.9199281626500173,0.04072820077124797,2024-11-24 23:59:59.999,0.1736793956354496,0.3260248901614802,0.04021124143727732,0.16747799632779514
2024-11-25,0.9199290452865165,0.899199992474944,0.875895192493519,0.8724312999491038,0.06656259944417448,2024-11-25 23:59:59.999,0.27956796254164423,0.5444649243343401,0.06252875595168468,0.25675762225099763
2024-11-26,0.8724325514023928,0.8625301119822408,0.8582463070642076,0.8622826716190019,0.07578217882873815,2024-11-26 23:59:59.999,0.30748050564685353,0.671661727579448,0.07756224725578513,0.30765052759970374
2024-11-27,0.86228402263068,0.8835517324090056,0.8680121231762626,0.9001434610139596,0.05381531008095352,2024-11-27 23:59:59.999,0.2229333056042463,0.43665637066042917,0.05406817255022981,0.21885819989035177
2024-11-28,0.9001444406100053,0.8774920869332105,0.8957949061548425,0.8980150512652154,0.03759012557543642,2024-11-28 23:59:59.999,0.15739990290985548,0.3275648894099085,0.039361462739819844,0.16082226356850354
2024-11-29,0.8980161488700832,0.8968313870089314,0.9028676695040382,0.9156540540120519,0.03612688488927412,2024-11-29 23:59:59.999,0.15399807969434082,0.3345227743295705,0.036784917379827774,0.1530005879350313
2024-11-30,0.9156548814486525,0.8859573047130367,0.9099602368637704,0.9054358806000304,0.01877206044426672,2024-11-30 23:59:59.999,0.0802604592672277,0.22025556590061546,0.01873328466522315,0.07787668034920714
2024-12-01,0.9054368082772599,0.8894569261086525,0.9060762118810599,0.9129847272783784,0.021973696581185063,2024-12-01 23:59:59.999,0.0939257236317503,0.21943047948958302,0.02150597458871873,0.08951238368765968
2024-12-02,0.9129854837721153,0.8922223842199574,0.8934047669521598,0.8999250156379305,0.04961431983411533,2024-12-02 23:59:59.999,0.20874902823595537,0.4965333099978215,0.05007945660960111,0.20586112487035027
2024-12-03,0.899925900247883,0.8750607413120877,0.8854360428504154,0.900013112550362,0.04681167588022251,2024-12-03 23:59:59.999,0.1954279280307068,0.35210600366483163,0.04612230450182116,0.1880590255460645
2024-12-04,0.9000140934251306,0.9004058827125946,0.8952859528397242,0.9266037134742626,0.05736191180148858,2024-12-04 23:59:59.999,0.2428387951050148,0.43665860435244086,0.05865031786635415,0.24277021137918176
2024-12-05,0.9266044334943312,0.9482652394143626,0.8554064314646118,0.9106579780641603,0.14424313273525752,2024-12-05 23:59:59.999,0.6325479169322872,0.789032716755502,0.14992255704443536,0.644027708874732
2024-12-06,0.910658854512436,0.9276747106380778,0.9088842839957546,0.9378078535434968,0.05893854780547971,2024-12-06 23:59:59.999,0.2551293989252397,0.45442158019782103,0.05855964478816325,0.24766448935243388
2024-12-07,0.93780846365057,0.9139432704834378,0.9368077437388351,0.9386931935179322,0.019335013297025534,2024-12-07 23:59:59.999,0.08514360679640554,0.17294117322439226,0.017934380090687613,0.07685954983786385
2024-12-08,0.9386937949397902,0.922520141282928,0.9349902623777747,0.9511025226604296,0.018915606907126955,2024-12-08 23:59:59.999,0.08351875765051595,0.196601424464814,0.018938469406911056,0.08134458351025298
2024-12-09,0.9511030994753963,0.9212496296261458,0.8910151155329877,0.9138714270728515,0.07064117637828987,2024-12-09 23:59:59.999,0.3024822230359291,0.5547255199837914,0.06782647420448976,0.2841043981850461
2024-12-10,0.9138723691261328,0.8935392690348646,0.8920539968541864,0.9072328827796277,0.0676950966551828,2024-12-10 23:59:59.999,0.28559255056742083,0.759063468124821,0.06529394199328763,0.26946847949885744
2024-12-11,0.9072337928282046,0.9275713351801075,0.9057285197945962,0.9512521999945608,0.04934490099386772,2024-12-11 23:59:59.999,0.2144213984692473,0.5418909227749603,0.05085580374419042,0.21595801068330225
2024-12-12,0.9512526782121378,0.9337042558895322,0.9413698853581924,0.9403667434641221,0.03813918062923481,2024-12-12 23:59:59.999,0.1688289701218448,0.5297902904824486,0.03768072075799026,0.16288661770670743
2024-12-13,0.9403673284683981,0.9276396250640805,0.9403295406864615,0.9541588153247834,0.028503063079938357,2024-12-13 23:59:59.999,0.12613857068643208,0.35998620629485945,0.028322269847097233,0.1222130301982785
2024-12-14,0.9541591678993152,0.9347389511012449,0.954030501493154,0.954117535073644,0.018361621081268313,2024-12-14 23:59:59.999,0.08248908287075246,0.22155498338001753,0.017970932136263263,0.07852527552051788
2024-12-15,0.9541179851821864,0.9591953833780917,0.9601544283572357,0.9836838107596734,0.028930271839944934,2024-12-15 23:59:59.999,0.13109493114042192,0.23891674872199972,0.033659065301743,0.14861320594821753
2024-12-16,0.9836839708220448,0.9831163138512767,0.9806009473341118,0.9991728408971704,0.054011207327158244,2024-12-16 23:59:59.999,0.249879996929249,0.5285901409039201,0.054154949619667075,0.2448075052725808
2024-12-17,0.9991727518825795,0.9883831946684979,0.9999999999999999,0.9999020929572978,0.03791938314947634,2024-12-17 23:59:59.999,0.1776681726962414,0.4737165402791169,0.03771123382053764,0.17246959464909617
2024-12-18,0.9999020939177692,0.9711882533874511,0.9480852985074116,0.9423066238776628,0.06585323778127745,2024-12-18 23:59:59.999,0.29736529708598197,0.5755020091402678,0.062052261252849766,0.27402787697521924
2024-12-19,0.942307189851646,0.9361509338124286,0.9061359165827759,0.9156721201925506,0.07221687380062643,2024-12-19 23:59:59.999,0.31415856738854814,0.4777333754844156,0.07163346269007391,0.3048148611489423
2024-12-20,0.9156729474519213,0.8931912351909248,0.8723085203389626,0.9190093128246571,0.08239040318895699,2024-12-20 23:59:59.999,0.3448095425281557,0.4879207191752474,0.07847749897399156,0.3213572883992163
2024-12-21,0.9190101073460546,0.9054910334253585,0.9129491791042518,0.914022172837012,0.03058005116894037,2024-12-21 23:59:59.999,0.13142527027245765,0.2440955636511562,0.031145309127494025,0.13052521897479916
2024-12-22,0.9140231134114722,0.8858080264129469,0.8919936092555555,0.8935693139125132,0.025149630936914268,2024-12-22 23:59:59.999,0.10632197640941958,0.2385713148220707,0.024650999507355234,0.10153387115903362
2024-12-23,0.8935704551302155,0.8772561764249399,0.8751128852989756,0.8906087914308027,0.042845014443214126,2024-12-23 23:59:59.999,0.17744909103386067,0.3588863757663863,0.043454900137841486,0.17583368537228913
2024-12-24,0.8906098645622815,0.9049960728613556,0.885346778467948,0.9273444268747063,0.03083079298773607,2024-12-24 23:59:59.999,0.13090892461900713,0.22464345676715394,0.031791960249327136,0.1316711770497036
2024-12-25,0.9273451396283512,0.9057594898011974,0.9249840665516212,0.93478477934006,0.018733048153213888,2024-12-25 23:59:59.999,0.08160440011016223,0.215543067027316,0.018548110017278144,0.07858028694273972
2024-12-26,0.9347855162326438,0.9094707533992089,0.9012496915988751,0.8994488843647893,0.027567240271843055,2024-12-26 23:59:59.999,0.11727594426489234,0.34171132079785377,0.026728487444612144,0.11085328922136917
2024-12-27,0.8994498707746557,0.8867157363032222,0.8846735396664086,0.8849515515546629,0.03454824724750808,2024-12-27 23:59:59.999,0.14472871820310132,0.37556988709869427,0.03439727695252149,0.14064527564939042
2024-12-28,0.8849526801838574,0.8696847471816314,0.8908747314385935,0.8946739734330017,0.010727191091411735,2024-12-28 23:59:59.999,0.04544541897667157,0.17934628506797917,0.011068038635598874,0.045331251849792635
2024-12-29,0.8946750066849068,0.8659787511228795,0.8798884809826378,0.8795042096143162,0.017552001232439645,2024-12-29 23:59:59.999,0.07314297510447262,0.18813500907535927,0.014931695526688247,0.060561673483470725
2024-12-30,0.8795052945530708,0.8630110571292852,0.865459161837691,0.8703142544106736,0.036018584727120204,2024-12-30 23:59:59.999,0.147280102192587,0.3651698827889826,0.034788716243588216,0.13889037681612557
2024-12-31,0.8703155266322512,0.8745385024197758,0.8703689955435121,0.8779287609708338,0.02548915921129608,2024-12-31 23:59:59.999,0.10562907465082133,0.21980146945399898,0.02570397481876578,0.10376920478672452
2025-01-01,0.877929958493843,0.8642023675707707,0.8787029719381072,0.8877951295131455,0.013340593685214251,2025-01-01 23:59:59.999,0.05579752393872274,0.09949146716512161,0.014121357382971137,0.057228059836647
2025-01-02,0.8877961331176938,0.8894898482290251,0.8933754999415147,0.9110383391546581,0.028590442747887673,2025-01-02 23:59:59.999,0.12124336175762672,0.23433570919327193,0.028981099415510737,0.11976597044413828
2025-01-03,0.9110392118715785,0.900188690781336,0.9100382822254907,0.9225908845435085,0.019758278369063263,2025-01-03 23:59:59.999,0.08506670271209169,0.1871709738818335,0.019781250040984674,0.082829327441482
2025-01-04,0.9225915468005156,0.8983217243666018,0.9238404093323129,0.9230407907159259,0.01152164431963671,2025-01-04 23:59:59.999,0.05040250181962617,0.10234441743867005,0.011460875132207757,0.04853132156707988
2025-01-05,0.9230416428174377,0.8988712415872225,0.9215185598211354,0.9244308181842906,0.010345515415774626,2025-01-05 23:59:59.999,0.045404197303010166,0.11061019472801384,0.010198884479301819,0.04327505078379937
2025-01-06,0.924431559520536,0.9331398766831435,0.927793504460146,0.9620394580922892,0.03292054499563219,2025-01-06 23:59:59.999,0.14541548027900184,0.25303453629473593,0.033314009720045834,0.1435278414026968
2025-01-07,0.9620398304864971,0.9354385931907649,0.9108362960490802,0.9107452008065676,0.041857619152501045,2025-01-07 23:59:59.999,0.18148099201824228,0.29421724730833543,0.03938660507406698,0.16668361537295734
2025-01-08,0.9107459792701355,0.8841202503962412,0.8749265519978684,0.8923487782988263,0.044020476173933475,2025-01-08 23:59:59.999,0.18350955096973673,0.3395904959295562,0.0420252099137562,0.17117550282500804
2025-01-09,0.8923498343609748,0.8663768265897858,0.862271203924823,0.8679874080664526,0.04512525334483632,2025-01-09 23:59:59.999,0.18418640525800078,0.3958238894149015,0.04074365283243967,0.1625254585746199
2025-01-10,0.8679887031144721,0.8706442858956933,0.87204979996486,0.889099779709154,0.041098870450389964,2025-01-10 23:59:59.999,0.16955174391119227,0.3632568569745982,0.04152773717018481,0.16729560249937758
2025-01-11,0.8891007705150394,0.8632597602329005,0.8879096905901389,0.8878747761153439,0.008967784624348584,2025-01-11 23:59:59.999,0.038060902332051304,0.09815355134692944,0.008956533109324193,0.03667093988488218
2025-01-12,0.8878758760676061,0.8670143869666029,0.8867337421024191,0.8873412410106183,0.011017762990347504,2025-01-12 23:59:59.999,0.046512004734179394,0.1088405850801462,0.010600306093568988,0.04331335245756199
2025-01-13,0.8873424433259279,0.8716225431867672,0.843277109129561,0.8872542125282163,0.05574322690017444,2025-01-13 23:59:59.999,0.2250122645065471,0.37702158981583606,0.051819284272472774,0.20465771317983106
2025-01-14,0.8872554156972782,0.8850829872591395,0.8929288853590704,0.9069207069510116,0.03631733794898368,2025-01-14 23:59:59.999,0.1531733952712584,0.2976571987031973,0.0378750249576654,0.15588267621408697
2025-01-15,0.9069215229329942,0.9162267487524869,0.9139404527548012,0.9451558353763012,0.03981957847424191,2025-01-15 23:59:59.999,0.17208015705641633,0.2290054630850861,0.0411987990226498,0.17390066033885976
2025-01-16,0.9451563733994225,0.9179642842025557,0.9220877056214805,0.9402017195895676,0.03629923831495168,2025-01-16 23:59:59.999,0.1582760000777915,0.24705960725387544,0.03591313261502143,0.15280862231032344
2025-01-17,0.9402023062127334,0.9649823396340002,0.9476050268627256,0.979929639026058,0.05120961160974464,2025-01-17 23:59:59.999,0.2313295899337661,0.2552159993314691,0.055019899536558586,0.24260710438135968
2025-01-18,0.9799297387879324,0.9567392050718878,0.9703043252056567,0.9845797379044009,0.03166396070718016,2025-01-18 23:59:59.999,0.14432528270287234,0.22343548926658435,0.030826594763846783,0.1370644497309875
2025-01-19,0.9845798891776967,0.9702236352605315,0.9446864230044947,0.9532586144599379,0.0567658988409565,2025-01-19 23:59:59.999,0.25838072826580644,0.34620695445554545,0.05610417176107932,0.24967105866215852
2025-01-20,0.9532590729945206,1.0000000000000002,0.9436952469106474,0.9622765524288328,0.11742773779271924,2025-01-20 23:59:59.999,0.5381145232469967,0.7618061791279089,0.11932753219321676,0.5355630704581854
2025-01-21,0.9622768253680875,0.9779215795092723,0.9492466134898089,1.0,0.06011082076232718,2025-01-21 23:59:59.999,0.2729869741373425,0.4494206065708912,0.06183517122899298,0.2745562565321334
2025-01-22,1.0,0.9699605404871533,0.9806606520358278,0.9763278642666492,0.02895626967864086,2025-01-22 23:59:59.999,0.13342434993927824,0.28656179351278027,0.027875267110710814,0.12522457658426348
2025-01-23,0.9763280964911063,0.9742454955484591,0.9603996859064416,0.9783062081612514,0.07064644196641257,2025-01-23 23:59:59.999,0.32121376709224225,0.45719930760803384,0.07202652831814405,0.3203196411488695
2025-01-24,0.9783065181071373,0.9767852019772084,0.9749133915987483,0.98763224249865,0.030745340451717285,2025-01-24 23:59:59.999,0.14216639388987587,0.3151301230711741,0.031589693157611044,0.14246425056613965
2025-01-25,0.9876324609558216,0.9595389021883804,0.9881429584206504,0.9864312300155021,0.011624562927017456,2025-01-25 23:59:59.999,0.05431263079250007,0.11619219106528451,0.011759237519611523,0.05317178046206552
2025-01-26,0.9864314602546471,0.9615469634047117,0.9726738799441857,0.9657731353953386,0.012603143950165735,2025-01-26 23:59:59.999,0.058597984848696716,0.11896761908666174,0.012238444354630328,0.05517391444272278
2025-01-27,0.9657735682910948,0.9404768063661975,0.926405955485462,0.9605556030413347,0.06644515101367084,2025-01-27 23:59:59.999,0.29156049393079614,0.615366184898718,0.06264163316544079,0.2688314888994956
2025-01-28,0.9605559899922111,0.9455562192236964,0.9507454746616463,0.9532969808109968,0.02865825302055562,2025-01-28 23:59:59.999,0.12900578249265054,0.35650322348036023,0.028555921384091337,0.12535940833976292
2025-01-29,0.9532974389692044,0.9547996218659317,0.9610409261096756,0.9765860358137747,0.03014850189121346,2025-01-29 23:59:59.999,0.1362437570552934,0.3408052958998087,0.031007154091437134,0.13666207935558428
2025-01-30,0.9765863626346099,0.9705529505274594,0.9800696535342012,0.9861989921790922,0.02517625153585327,2025-01-30 23:59:59.999,0.11664546119693338,0.2619938092568927,0.02691277428153308,0.12144027360913205
2025-01-31,0.9861991275674487,0.9663629992992292,0.9633041440428608,0.9639233916242856,0.02860713285915833,2025-01-31 23:59:59.999,0.1306203121882486,0.2844508888648877,0.028397809120518515,0.12651248196454942
2025-02-01,0.9639237455370415,0.9359966701626824,0.950812105889215,0.9464991433133764,0.01586220932606423,2025-02-01 23:59:59.999,0.07153875456057444,0.16993357262744463,0.014863664405021456,0.06515480819982176
2025-02-02,0.946499765287651,0.9235134486861724,0.9105259681795401,0.917990904746549,0.04522343187619553,2025-02-02 23:59:59.999,0.19531849185313466,0.4730293515013958,0.041446952611666955,0.17485104444403707
2025-02-03,0.9179917092585643,0.933328097148474,0.8625378263917999,0.9532289898091202,0.09853895033334507,2025-02-03 23:59:59.999,0.4138499234011638,0.697904520966353,0.09788759506629023,0.40274764007657127
2025-02-04,0.9532293515052719,0.9261068652027297,0.9105259681795401,0.9185983557833147,0.052650988117988524,2025-02-04 23:59:59.999,0.22839244070070622,0.434699984942288,0.05079905714684018,0.2153103177840829
2025-02-05,0.9185992514652644,0.9018074244084601,0.9105747465306152,0.9074216063748364,0.03419588976628345,2025-02-05 23:59:59.999,0.1466626203645452,0.2936391809550689,0.02929221724126331,0.1227362053576345
2025-02-06,0.9074226117010783,0.9015346411253722,0.9059080241265528,0.9068574753192664,0.030621686365527364,2025-02-06 23:59:59.999,0.13101528407240456,0.27859749894819386,0.02990328450869407,0.12481908655204611
2025-02-07,0.9068583890506033,0.9111101809305673,0.9053587798934465,0.9063956221565193,0.04150829283359679,2025-02-07 23:59:59.999,0.1778834175446841,0.32916099374592517,0.040545443363748025,0.1697322868240689
2025-02-08,0.9063965404186515,0.880464484086858,0.9060188485401955,0.9057928333598824,0.013043302492613458,2025-02-08 23:59:59.999,0.05588891441565709,0.11534647585155568,0.011727006574222787,0.04875082545351431
2025-02-09,0.9057938546644428,0.884632330462838,0.8965070700805398,0.9059677644947104,0.018268538573460072,2025-02-09 23:59:59.999,0.07778811705384711,0.15051398567125995,0.017633298121528366,0.07303938759760877
2025-02-10,0.9059686869541408,0.8942447430428505,0.9018043990073019,0.9153706286642295,0.026752630898375124,2025-02-10 23:59:59.999,0.11441230638603708,0.22821539308117844,0.02548956247864513,0.10626807879900269
2025-02-11,0.9153714588812424,0.895499734271457,0.8981058293153792,0.899318730161197,0.02422117901330663,2025-02-11 23:59:59.999,0.10338541816590756,0.24402645059244085,0.02278587893994833,0.09473013312495575
2025-02-12,0.8993198149769304,0.8921282269556916,0.8904120200002944,0.9196362869919616,0.03803277218703844,2025-02-12 23:59:59.999,0.1602789471872728,0.32786551807595554,0.03673286191956657,0.1511671266063257
2025-02-13,0.9196371724917709,0.8917888469262498,0.901427439910193,0.9073799376036863,0.025896459058963556,2025-02-13 23:59:59.999,0.10970993246803495,0.2566973970130019,0.023473490793085094,0.09695056050591062
2025-02-14,0.9073807490806007,0.8987691830140672,0.9115290461910497,0.9160472362629037,0.023596916647724224,2025-02-14 23:59:59.999,0.10118312187350266,0.22976879448167706,0.024031654258766005,0.10037757516076141
2025-02-15,0.9160479627133232,0.8907386312863612,0.9209994606089937,0.9167191816214495,0.00936421006394044,2025-02-15 23:59:59.999,0.041013171392014075,0.11117045724201055,0.009401573630699843,0.03974206912806963
2025-02-16,0.9167200957381617,0.8882197128250472,0.9095131344978155,0.9026203732123224,0.010471472726668688,2025-02-16 23:59:59.999,0.04544785923415019,0.10475673911449616,0.00977675734423042,0.04105355191662167
2025-02-17,0.9026213285097751,0.8820314829533964,0.9013068598263353,0.8993362135616796,0.02138648714496418,2025-02-17 23:59:59.999,0.09067715337883105,0.1858618332724981,0.02122715250350839,0.08763276459021924
2025-02-18,0.8993372982059,0.879278441184632,0.8835816850559423,0.8982846841526574,0.030428374416894406,2025-02-18 23:59:59.999,0.12728899619380957,0.27803519983265707,0.030359474359885615,0.12387501633500723
2025-02-19,0.8982856819833674,0.8806525164257866,0.8995995199820026,0.9077318396033988,0.02131608982582271,2025-02-19 23:59:59.999,0.090231905584378,0.18277329418853783,0.018994021216857216,0.07836646566222902
2025-02-20,0.9077327447571923,0.8976908424770603,0.9131120987968427,0.9238615392385785,0.022129897505359337,2025-02-20 23:59:59.999,0.09518882385347084,0.15667509951097916,0.022150544659948607,0.09276473243210503
2025-02-21,0.9238623832885194,0.9048738847631724,0.898057733861219,0.9032406454094418,0.042106681210341265,2025-02-21 23:59:59.999,0.17996672016776166,0.2973682640717998,0.04071684666646481,0.1699928905370607
2025-02-22,0.9032416917510532,0.8814051160975059,0.9068235937762336,0.906825033898371,0.014517290219465441,2025-02-22 23:59:59.999,0.06218957817686254,0.09882543276468791,0.013976032715144136,0.05811707948163486
2025-02-23,0.9068259479479593,0.8783010304623676,0.9015306549010681,0.9039790276898212,0.014013227872270512,2025-02-23 23:59:59.999,0.0597454464003594,0.0956030035536726,0.012179093808720688,0.050450480746276824
2025-02-24,0.9039799696588273,0.8768900824463958,0.8636915319514294,0.8582781958684783,0.041187286967232666,2025-02-24 23:59:59.999,0.17068114612867694,0.326548099666812,0.03838190426025409,0.1555422100813738
2025-02-25,0.8582795861642,0.8396475451856102,0.8120033571212343,0.8303777968584272,0.10270524536762245,2025-02-25 23:59:59.999,0.39864139885513183,0.675822701616326,0.0954473244286318,0.3624610484523968
2025-02-26,0.8303793637289629,0.8102383091198976,0.7749807837685938,0.787346194640755,0.07451299255917417,2025-02-26 23:59:59.999,0.2804260040452765,0.5576249836086425,0.07477860916633981,0.2752207381282115
2025-02-27,0.7873482807818227,0.7882680613103945,0.7794730747892116,0.7917995081336665,0.055593176600454736,2025-02-27 23:59:59.999,0.20715144437547348,0.41753143395931896,0.05417261668009593,0.19723914789487673
2025-02-28,0.7918014534585275,0.7698461596346585,0.7359825896407074,0.7883160377175227,0.10969418362586378,2025-02-28 23:59:59.999,0.38969302974593645,0.7451375152777965,0.10719665021386518,0.37274259979955937
2025-03-01,0.7883182114734466,0.7833724479477762,0.7902851865318289,0.804969850847168,0.033606457541689186,2025-03-01 23:59:59.999,0.12557170750549568,0.24298463035944837,0.031201795396704923,0.11383076809608456
2025-03-02,0.8049718612286183,0.8627806022866764,0.8022438821948189,0.8846695831568806,0.07187720874371845,2025-03-02 23:59:59.999,0.2846700599816329,0.48622646378436307,0.07797200097170966,0.3020070884253365
2025-03-03,0.8846706174231449,0.8572916382517414,0.8028927318208207,0.8064858559290097,0.07750789881820955,2025-03-03 23:59:59.999,0.3046292707277033,0.6435468374994319,0.07434695815779692,0.28612434325978775
2025-03-04,0.8064930964070895,0.8060371643707408,0.7676053995293278,0.8167949430235405,0.07282400446382165,2025-03-04 23:59:59.999,0.2693446333568583,0.6782854127560634,0.07346437611328378,0.26581652478109213
2025-03-05,0.8167967402713843,0.8251553218607582,0.8147694798540043,0.8490812473046424,0.050015833249680175,2025-03-05 23:59:59.999,0.19464050175564757,0.5300493987558074,0.0511692083211406,0.19461869846839325
2025-03-06,0.8490826306936927,0.8421867812983543,0.8294173260117678,0.8425335195639252,0.044859120690972996,2025-03-06 23:59:59.999,0.1777433144670388,0.5020139361358548,0.045975214272807985,0.1779648248932871
2025-03-07,0.8425349671864074,0.8278174985772941,0.7985018997704392,0.812130468904801,0.07594211227743226,2025-03-07 23:59:59.999,0.2918278104547723,0.6246643877752402,0.07562519165871338,0.2843549049424614
2025-03-08,0.812132214782245,0.7865635420438993,0.8038815665538163,0.806503727849503,0.016780413079918368,2025-03-08 23:59:59.999,0.06403802219095844,0.16764653479474606,0.01717385314115946,0.06367952308587417
2025-03-09,0.8065057231835678,0.7828268813816003,0.7529718942067805,0.753198005338265,0.034040841092218645,2025-03-09 23:59:59.999,0.12440070075646378,0.34076843998161543,0.032124524897273465,0.11453729130580087
2025-03-10,0.7532014948937801,0.7604723853957475,0.728191613850281,0.7324266571349758,0.062336218063176414,2025-03-10 23:59:59.999,0.2195301652334174,0.5715219641563386,0.06095863079881047,0.2102041475762103
2025-03-11,0.7324292820385755,0.7557122230426623,0.7198611494969633,0.7745532019876685,0.06383091691570947,2025-03-11 23:59:59.999,0.22480239058651602,0.4586398418651171,0.06397581386551024,0.22037576242202866
2025-03-12,0.7745554136284295,0.7643890830248845,0.7588999272129443,0.7818100758779581,0.041692079198190145,2025-03-12 23:59:59.999,0.15102916900102664,0.3450018776152263,0.04187994417002266,0.1481895871497212
2025-03-13,0.7818122163285393,0.7624747087568137,0.752385578426857,0.756902640770513,0.0359223972612276,2025-03-13 23:59:59.999,0.1294004605310427,0.2867626944001867,0.034577851491494664,0.12155550853566424
2025-03-14,0.7569050255638802,0.7716306326220588,0.7609602272056569,0.7847538919992074,0.03501803547297432,2025-03-14 23:59:59.999,0.12847626152610733,0.21606594804852844,0.03743253575880191,0.1340630338424022
2025-03-15,0.7847559064418025,0.7656723872770114,0.7882679090447646,0.7882043382144398,0.014591659465421649,2025-03-15 23:59:59.999,0.054537897988488696,0.08721365053862198,0.013714532418659225,0.04978667496624244
